120000
9702229
4184991
2108425
7034739
4379099
6773502
7031469
4453408
6233921
4327582
6715360
3584155
2238644
6608453
5506689
3278488
9643237
5326889
4604391
6236288
7289716
9942306
584607
1874158
8695715
7078862
3192102
9283660
8299916
9628922
7485764
3863114
4999744
4550752
1975058
3749167
808105
8503311
3878510
3396822
2737991
9848132
6630300
6276837
2722496
9762035
8356907
6801972
9680849
9566979
7042058
6331009
906632
2378583
4047819
9894835
1170051
9874030
8856954
3013714
5616332
8891772
9168594
3673274
9511068
3579580
3101516
9845874
2183338
2281634
9396792
170314
6697201
6812835
9421773
6510030
6712718
6118812
6285617
3101905
9781574
4607201
1344370
1965314
2759090
7192991
5990238
5757641
7988684
8472910
5919290
6641039
4509205
7712884
8247496
7546425
3652393
3560948
7103263
9771614
4122766
6636635
7618352
8372401
128792
9438064
2579528
1944738
8340188
7278692
2590795
9759777
7566471
3461361
3077384
4575164
3559578
7303717
2250814
8906444
7965051
4208497
7070558
6066138
3003729
1479522
4727993
392861
9590866
7418207
1636878
7301953
2569980
3709395
909898
5707454
167050
9881214
3106502
4479076
1270533
865680
846854
2792168
9476278
2069525
3965882
7769598
6118501
6725943
7782878
2805466
8672456
7761718
4199506
6239224
2248547
7604278
1177819
9210324
6232848
1964176
2721826
3591923
869993
3016304
3704155
9622834
9665693
1059484
9493895
9376518
1935063
9399886
8368605
2466628
4010136
8815990
614246
6013955
6519678
3758799
9504902
1189350
2842822
2038687
5730007
1284737
2739316
5478235
2937393
408199
2727367
8426508
3573373
3295412
5479525
2247982
7353599
9222380
1596111
5702028
7706203
3216828
2163329
7691681
9461649
5842992
92600
9438839
2607883
2829872
9269687
2323428
2341913
4283409
7245289
6204755
2769010
4332352
3631500
1445294
4780622
4959539
3963271
9235745
5780104
6044471
9813919
2582960
7935337
1800036
2311296
9229411
3045390
3612479
255178
5881790
2640062
5976544
9467409
6335776
6541783
5299565
6060283
1312012
3511738
4157819
8760820
9341743
6030941
4740669
5041700
3082454
9404636
2412758
4679823
4071070
5549307
310460
5911899
6716926
9503586
146594
7428692
7791951
2546141
9569959
796660
3837519
5646163
3857310
7977236
3062210
4182683
1670181
890096
3536461
2511296
428344
5506380
4382835
2250855
3479924
8078547
6007106
1376063
8170022
5329637
2573430
5016779
5410161
8879472
9966452
7583156
1543246
6107992
2196877
9906866
4984524
5021252
6272801
8421991
3646982
5548877
7941170
929021
4345501
610271
7588585
7784869
6233265
9256016
9511491
1796408
2310339
5475840
8219436
5975445
6690662
9821806
5694668
8178774
6369938
2006675
4185968
473265
8862439
2844383
9174774
5348736
3082768
672509
5296011
2243253
2788553
5238711
6055141
3311947
9037835
8596481
4447979
8205148
8717377
3231720
760714
7999470
7880358
8760285
8890251
9054289
1091146
570813
2073008
9547203
9710608
5864476
5010961
7112315
798360
9469413
3089322
7807461
4323278
1303984
1740394
2592145
8090097
3597787
1374188
1887187
3065201
3504435
8606483
1347506
4493171
1027145
870606
2024119
8052174
8299989
1844130
7516265
2680311
1529900
6556630
784723
2639313
6342400
656929
2520815
6787270
617043
6272902
2992203
2211999
3928443
7508
4484261
5653374
3401798
7435145
2991995
6563824
349707
3456106
9509871
4218258
3770413
7291104
9986993
4656948
6257259
8312938
9562665
1254586
5396283
4651314
8320812
3477410
6224557
846514
5895276
2812317
2817035
5134039
7675859
2156426
6833762
9250050
1576613
3361259
677609
4282696
1579309
2060132
7294197
3292381
6271288
8791904
4646149
7679750
3240959
47716
2453924
3990740
8919775
8506278
9867649
764769
6391599
9835691
810318
5656282
5195389
2253004
6512695
1301634
8125518
3601784
2704531
3564131
7485324
6641343
1839553
1146123
3061313
971747
4876366
8447942
7973305
1776505
6051419
9753629
6441111
1943806
4635795
1452371
8024544
1356190
2279617
5621764
3137484
5843631
2826266
1326364
4851600
5550816
7445390
7548227
683049
2592831
3316693
141708
7214848
3421014
25292
7902828
5679864
5251127
6236481
7228459
2176500
2352378
9214394
9646069
6416144
4410899
3542034
2493899
3867679
1740810
8462836
9794100
7820505
790660
7766518
5920902
5684064
1149991
2822028
4873213
5953892
663082
5507131
644168
480905
8295384
529995
9586006
7016627
3164343
9887289
4713441
9127152
6136907
8565812
6199490
5570794
6681107
2892922
4639549
6251578
4223137
2023054
516457
9740047
9577718
5898070
1130651
783686
8456923
8374807
8777679
1971605
575778
9801867
714025
8800100
9646964
7543855
8239990
2857027
256484
407955
2361457
7650191
1053955
1791033
5802970
5017568
8250890
8170670
296801
3166566
957400
1260633
9114375
2099404
7268832
6032510
2198906
6420929
4104679
3378672
2486206
1137650
7768443
5442025
5825406
9366921
9983117
9498868
5050046
4798511
1383055
5187049
7474795
4785808
3910124
7615536
2361826
6738140
9191039
7345441
7747443
409909
3077203
9082195
333859
2555912
9342165
8835520
5895954
5774326
783395
167775
5636842
9334289
1658314
2606606
2269199
2427657
6814345
1335092
7507448
9213889
928519
3932360
2951367
1471464
5754754
384578
3302992
9225613
4494195
227681
7635194
9311356
9161888
2577045
6648702
4449693
6389995
432077
1236516
839798
916778
5381815
6236340
3898393
2410561
2319250
7680094
3897076
2373866
5767602
3255055
6057409
7051568
7090911
977185
8754465
1464790
2179793
5433030
8247197
3189564
8829072
6692469
6583423
5760719
7786915
4257685
7874983
8382712
1609296
3062273
7019533
5525847
4638342
4091090
3369887
8718318
9386892
8099046
9486252
818053
5493739
128699
9173124
5436401
8042866
9457141
7743899
1308756
238049
7687926
1504405
7604120
2603612
405121
2388558
9607993
8667037
6416613
6074242
2585169
7223515
5267584
8529270
6623854
6283788
4773799
755728
6436875
2938736
5997281
9000747
7139950
3660713
7122592
2892169
4403703
7740126
4952512
6765458
4695501
4852186
872726
4026629
8771505
2110589
2710392
834166
1328904
2519446
3700111
8351535
2980550
3715374
1130026
780705
4645437
7598752
3360222
3924669
9985984
7634151
6362227
8804923
1212273
9905998
9973621
4181258
7197508
9966493
3682894
1219332
5882260
9942810
5138195
6944606
9922437
91568
6087097
4803904
7240978
1283999
2041028
9919624
2370936
8201766
3339570
8266060
7941205
6638073
2635645
6595310
9691982
3458348
8694042
4919545
9635498
9383402
6333807
860115
9838725
7631884
330173
931427
9053357
489539
9584930
6213168
3940616
5550797
1356772
6545550
3001690
4377626
6160125
8265077
7511533
2669879
394166
3420509
5289325
246198
6274530
793916
8774674
7556846
8703015
1791513
1930328
4576787
1138559
3138694
7388995
1681667
5626878
2583535
1080010
7484929
5113942
8780442
4597904
8143643
8308990
3147247
6596338
5455960
8102419
1492952
4868818
8247797
2688721
6473982
7281745
6065093
6191627
9899219
9681678
145742
6935069
753235
5269923
9268217
1132863
8081466
431516
9139952
5855025
7119489
1523101
3789883
5436011
3580092
4504564
5220634
75901
3945865
8994806
1143098
8758032
4663727
4878311
5491732
7751599
4943635
4675851
619341
5945392
474421
9337414
1497275
2584099
2392910
246703
8941475
2244224
9990076
8291672
300609
7476556
5363813
4371350
6251798
7001479
566294
8551149
8366381
7261330
2625244
2495839
9283531
5800133
9702168
2427166
7654141
9038790
4117066
5923324
9669046
9427147
9992376
6306063
5144481
3280721
8129126
171085
4953746
3480329
3525254
6161002
8715592
9922619
7763691
8097461
3162757
2640778
9324728
2976175
7078684
1616985
4514685
8923302
4734961
4474995
1697382
7230435
707635
138641
7012711
7783838
8456699
3593170
7124015
5219887
1084439
3769305
9981396
1424679
5726812
6030441
9519726
1701003
962613
4896260
2585221
9214114
6354967
1359985
6526018
2899685
5474630
8962548
6671999
712380
9988022
1079307
9558132
5191388
2250247
1175452
5070544
844794
1122818
6370886
1990520
9670286
8169310
2864209
3061144
2933037
6908572
823762
2210393
8740853
4347502
419030
2645605
9920597
6312864
5881594
6777669
2574793
117306
9258446
7456676
8960681
6450228
8698603
984823
5092983
3196144
5086857
7588130
3040800
69905
9506167
6754976
6477551
8615975
1539149
1864888
4110242
3006606
8828354
5245434
2245291
1433961
4629916
7622523
4503565
442461
6822474
6048229
2799535
2737649
5986929
3037246
3569318
2194300
5052761
2612015
332527
5338819
9198162
3151225
3459775
1838007
1521888
3639487
128589
2644211
8514263
4015055
9666090
4496891
4285794
3535959
5090465
7745843
982533
155587
5952823
7208264
2648080
8660495
3161252
6854768
9009973
2347401
859319
3764915
270218
5984605
9821379
5169695
4201361
2151163
7052217
1329148
5958236
762330
5169095
6573242
3713458
5459693
2229468
5396049
7176453
4330611
3608649
645343
5629815
3692794
8962415
8192836
6569142
4371409
6031408
5519291
5091073
730688
6731367
8679093
5200366
7047462
3779152
4624825
6065597
74319
3420329
9596003
8186436
4966515
9042037
7225595
2145377
4806707
5555169
3441075
987711
5154226
3751218
9799212
3253733
728851
512023
9387210
1866073
1289867
3753965
2955248
5820735
5867002
7446658
8750828
271397
6427524
8546256
1326234
3994070
9633792
8137212
5095156
5582710
6980262
2346565
3752921
8373790
6951073
258794
8071054
8322393
1103232
1810301
4044226
8403672
624809
4660746
8737778
5471265
919986
8094938
7810643
5681423
4645645
8981394
6391991
7305667
9579671
4645928
2300028
6030639
4812766
3389587
4317015
4920697
1611992
4318556
7078738
4976098
4356002
8577223
7365656
7735929
2061661
6969713
6868560
2261715
6801016
9983828
6234191
4147016
9110557
8022069
322736
9727519
5269785
4976101
8042290
4535014
2062
2589506
9741819
624722
283788
4169795
4082447
5978626
407475
4845186
7282803
3801502
6721734
622309
7850247
8549378
466841
2322804
3243767
8616519
5433252
7436287
2839539
9197643
6546431
4412313
336928
4551704
9699631
7190983
1737608
4301995
408618
1474791
4804400
1636728
5562824
206697
3791061
2841271
3090041
6529764
5489703
8526983
4920821
7646062
467044
6580389
3079177
6104848
3775272
8742393
771672
5362614
1747049
4187064
6856253
4211580
4499853
6511391
4801522
8759470
2417422
1335726
2507288
826630
9698635
2117810
8413212
2498911
2463368
1712505
6925239
5653995
9645034
5459218
5419034
1674436
5527846
3136606
9042652
2738340
9900128
7768021
3893215
7419931
3360938
6889849
238590
9873684
7605647
9558669
7017202
3803415
6294665
7770998
3346908
8474069
8770646
4750390
6144974
6104962
284277
7603605
2163067
6737999
7098873
7017864
5974274
3779293
8069591
5358899
4359814
504574
7379776
7242137
3325141
6083142
8113308
7429651
7452392
4690439
720021
1657165
5183007
3005533
2756842
8604097
3289446
6375962
6398819
2069972
5216269
6385953
1745355
3943450
4687603
2279597
4078979
771054
4191237
7573775
8582842
9418180
5078144
4773448
3411535
7877152
3977897
7990705
7637616
646257
8770798
2679806
4642788
9723419
5369498
2875878
5419123
6788429
678290
9078206
8566166
908759
9788516
9566003
5457263
5782419
4647250
2161472
8217805
3917750
1255229
3417414
943661
8586077
9975432
2977245
3653367
3412742
6020811
7572811
1519737
22329
1135429
8726649
2540680
310563
7390361
7354899
2169283
9173524
3726356
8834647
3724770
1533047
3395636
9791243
9781882
6277317
7522916
1991722
189851
4190634
6800083
5135395
409403
7150088
6978021
5437361
6656136
6283947
8982637
2374418
1440868
452326
2216050
3812672
5782343
3533702
3351929
544820
6710523
4174587
2960588
2856122
9973531
6062940
6306431
1328240
3464303
8686436
4270618
1225770
1919296
1070414
290860
3479151
1229691
1526591
7100038
8215267
1867406
4863809
7105479
2900371
5952893
1944415
7166080
1900554
4550223
6216811
8906858
2681091
3867864
7299747
6513625
9633864
632727
8852568
9252965
5662080
8121831
2959367
4083900
6170487
4970566
6263352
5076040
5547970
9097643
3333063
4501027
1584299
929916
8727878
4404071
3940560
7696816
6513140
7198453
4384766
783194
5521780
3740808
5209741
7361890
6020842
8704584
2113920
8015975
1218559
9831860
8108883
7493989
6550119
3474653
2064184
827045
4060510
7159696
1030039
5512874
8161974
9074269
8641746
3277640
2269192
2255298
7271009
3501025
5151811
2972279
2995021
5861889
9318212
6195149
6411770
2189025
5975195
7987590
2319517
4628689
5654207
754637
9605234
3110511
5086498
5804202
5972630
3172042
4290670
6093749
100426
8435946
7145073
66917
1905603
4407612
2032049
5478562
8477792
4710583
9272843
2726045
6057589
629221
3469988
4563895
2720876
5240588
2076436
9791920
5289483
9630127
5958685
8886451
1669856
2238070
379949
6296607
5725349
823779
1256126
7029373
9420316
6769999
7144176
5680131
5575601
8785971
3884337
5279674
9417392
4540476
9903850
4756160
3819744
3259917
1338898
2134493
8182536
8143209
1113900
7284764
7478170
8223278
9555690
9404864
1223128
7040685
9130432
2111078
9202795
3523685
1774216
6115096
1132173
7361080
1788336
984985
4283347
4329586
6598644
8790179
5365457
6856491
2954416
4379734
2707757
2038029
1858597
3941991
4492343
3380860
8588844
2365068
8339475
9699
2175800
323771
1103461
5858159
4591740
7880867
5136406
6736229
499669
8589541
4612615
819213
5709107
8056832
4743907
9644507
514542
8387671
989773
4721394
8437247
9116156
3582153
4168203
3458234
9907714
7177181
9043959
1751049
5051512
8312878
6632873
1125580
5601060
5087069
1413154
6998861
2337437
1920428
3021413
7746117
2965692
5328324
6010742
7755801
6327562
8264286
4156693
2552219
1471183
4498379
9639004
9969569
1789232
1522800
2026484
3647029
8460720
2139625
4681115
6070032
6146906
8782502
471971
4741229
8089623
7221842
4672726
4981468
1847317
2621652
9763478
5296869
1789524
5433494
2149886
273613
5680265
3387337
6799210
9975246
6350530
996658
2712549
7341793
4023744
4890371
996441
6355222
7590306
9752781
8597063
7657254
6814720
7428922
193299
390342
5793247
8939502
3358179
5740887
9326221
6314548
1244254
7883718
2664710
6497653
3405368
8078764
1665144
3004092
8683656
3499735
473923
7102768
885787
284585
2875819
6646987
2255551
6127101
4301097
9326186
9059719
3147121
4059273
2455189
8585801
9911267
7358252
4609118
6603050
5813551
139396
5908928
6706874
5140749
4638084
1430444
1094200
7488455
7545941
51531
4448545
7508722
8182602
4329836
7193938
2798926
3701571
803358
1151461
8733839
1262908
6247469
8339336
4825133
902965
3407051
8887820
2929856
6445429
5740668
5802030
3033184
8822781
1118924
8981596
4966583
8092920
1640945
3540755
9036343
4972270
3604230
3165740
1436954
2167495
5591302
3501885
5917628
1815507
1091885
1480447
242420
8036366
6274620
7360012
6509144
106823
3245034
5885980
9043486
1201743
689833
2936348
2570944
8628234
8774107
7625628
4662130
1065763
447934
5291482
4957860
7109949
3622999
4377275
3513656
5490666
4435340
576908
2864045
2566052
5036127
1027116
6376127
6267581
8656778
2795671
2316479
8930701
681876
893200
8411450
8733013
883683
3240327
2183749
6772289
6822331
9307963
1848349
7837069
2588312
7935073
3233206
8387126
3343201
3193905
9705088
3773794
647169
2058246
1105968
3546854
7675041
9930401
4636911
7930292
7557627
7267189
4813005
5238254
8948534
7413433
3313423
8142098
5780390
7623971
4613634
9181500
7399770
1212350
1291975
3897938
6083414
8892590
3026174
5285142
501344
8014959
2694421
4651288
3937109
3870920
9297740
4432504
651364
7299761
3326075
5792825
4619037
1216379
3180425
2253691
3645524
6367115
3646664
2399755
7585649
6818677
340312
7280868
2667902
7243723
6870014
217987
5204818
9125169
5156478
9394693
1646241
963822
1966164
4760371
6209494
5054827
150234
9213873
1007130
5633171
8872180
9429360
1232502
2194443
8717804
9781947
9183621
7188638
9001365
6511182
7014721
4818820
5567148
2954229
3466531
1404957
5094036
7497964
6363867
2954476
85335
5789468
662684
346646
4881707
316045
7027661
5080859
7585383
5270741
8078982
1419784
1237092
3856177
1751171
5231719
4529309
1639552
3756726
7868955
2029925
9409492
850933
1164965
9796310
908198
1370751
5194435
959650
6127013
5336021
8985021
3237645
4122765
1345405
9989814
2615552
7835087
7327869
7074839
1344765
8006221
2485546
3584340
3600954
9517016
1801916
976830
1640441
1136054
2894050
5208925
1080378
7843329
1281104
126760
2186740
5945742
1419321
8359891
332930
5168302
6629394
3046753
8949455
1686657
3479498
5022079
2794410
4819117
8835478
1771207
3994717
3042483
1463769
9379558
7192283
3220373
5634272
3962634
4060230
8496561
9221624
3943908
9769415
5654224
586415
9344758
193567
1502504
9148292
4579362
2930620
8876474
1093332
3199368
3077005
3628845
555756
5528593
7110240
490808
4404448
9462126
1338761
1050550
1486189
658112
6947664
2912379
8616954
4899595
7888134
8746711
2145580
616807
8102938
9757293
8515983
5355706
2950603
9924794
7491995
8518951
7752637
4190400
4456518
7063160
748090
6455248
2808794
9620609
7565946
836407
8729551
855577
8720683
2587969
3480076
2477636
6408732
9699805
2633414
2906930
6386509
9879505
2449732
3424985
56312
8424073
1899015
2113887
5037773
4848910
480015
6697629
1023063
7493401
4544715
3200179
8854384
3132287
6542729
7361754
105434
6750620
1017517
3807242
2388448
6653108
2812919
2881329
6864836
1881838
8294204
6107379
5024925
5851407
1110027
5444155
4100610
9349929
4659566
3642619
916345
2663075
2637212
9548821
6563407
958223
6707142
5455593
5460441
3754885
5834388
7657131
8224912
9212154
8165052
4569369
8663978
6333895
2945109
4069654
6815087
3829987
1852257
7541985
6479484
58243
7637414
8941100
7856771
5022828
6343141
9165322
7808460
3040042
8808265
4545924
1737796
4166845
5253033
1695399
4510749
3739297
3104253
7710185
2518172
9202128
3948649
3049023
326701
5054001
2976175
3062111
3827642
7462944
6009435
585033
1405974
6130843
6399934
416699
7701994
7644408
9005632
8857270
1761990
6279947
4956422
1213749
3010713
9978760
1966436
7448809
6465106
2701562
6440399
2639895
2206783
1213611
6397553
1292732
1301203
702633
8623180
8935725
4109443
89628
104394
1743724
4404504
954648
7983043
5649380
6789708
4404214
4440703
5991876
889552
7578863
6958192
3727395
6518482
5492351
6763141
3136215
8746926
4803505
678736
8594452
7124908
775498
8716217
3426256
4584018
7847849
6798046
180566
2242391
6162180
3684515
4069234
8374450
3315813
9499127
4494549
7033653
3138290
5944
2275372
9617010
7490252
8610473
512725
2320380
1113091
7465822
5522567
4565040
2242152
4147994
532861
7771992
9777582
2880513
1575691
1471467
2412794
8951341
6731059
2922708
9619259
9304
7646190
9089450
1678412
9945452
1204191
4998723
4043538
9847754
347326
2629616
1528290
2986861
1817756
8635884
5469456
5282146
8788518
9195208
1989066
5204964
1827716
1125738
8285935
2304789
9611638
6510082
8136379
2519070
5977141
5556067
2535156
7483525
746323
2771557
843450
4430142
9217817
8656178
1983490
1542717
1605991
8648741
5299602
5646061
5537155
633411
6306891
8846324
518501
2180781
2868898
141190
3969086
9199569
8748036
4546538
9857969
2303936
624477
1113639
5051662
9967254
3377874
3533436
4470589
3375902
124323
3043593
6404010
3605719
3974494
9845600
9749437
5040363
4056072
9410223
5428000
3675343
5432408
4238912
6346338
2405665
5343348
2188972
2140220
3798333
8282505
9189042
762138
905020
5545334
6860760
3097081
8607883
2489801
3254924
2801364
9688153
4737499
8507752
2989143
3951904
8463675
7598751
9737839
9125007
3973571
8280066
6893798
2175938
6334243
4371673
2678438
3045138
7940024
9449270
2670243
1598606
2527919
5457860
6206192
8267413
7553592
8859263
9829938
3521207
1153570
3390321
961930
3851859
7528113
6771097
8096818
1176943
7593452
8815320
9547739
9847202
7425201
1087860
4265018
5703175
5568101
1859966
4014728
5190172
2184007
8850646
7288819
8590958
8995671
3621336
9693080
5199318
5871304
6810725
6486565
3483231
6998210
392688
8790133
6961389
9626193
8536624
470690
8624211
5267796
6814127
3591654
4361981
8961290
8218510
1516610
6050169
2494557
5388065
6409702
1450509
6629389
4008071
7775987
7957718
1723728
5139352
7659977
2116114
6894892
2773703
6935316
7011237
9084383
5315030
5741812
2682334
3737107
6919876
8587128
564148
9101908
3584160
2993807
7041218
5421803
6805774
5001164
6299205
607912
1610604
2883254
9014580
2825018
6309008
1837479
3973397
6792293
178022
6052302
8533637
8275236
1600114
6915450
5267202
5416581
2296598
1756310
1440845
4037440
6653243
3982363
2708864
3251678
8933454
6724192
1903540
1927206
9891934
7907148
1339409
8782795
336080
3858366
1202065
6683762
5407640
9080474
8082627
8064855
3594867
3552118
1999461
6145476
2036919
6088483
7842681
8687440
6581959
3355636
1135258
5262055
1609211
8513032
9462530
6432922
448629
9187069
9374690
3462761
9103838
5180936
3231112
8449437
942203
9849877
1691333
487242
8239383
1280588
8010301
719098
1447594
2172514
2551652
4348381
2341541
4642469
430967
4893944
5455467
7408219
104910
1576235
4798338
8707006
7628280
3252893
9673564
937048
5671026
3786131
9505535
6250485
9802116
9044332
3540749
4889233
9757484
7984670
4862636
2115267
4490969
2879115
3251731
9525196
278212
565891
9749663
5947458
2157637
6052567
1618804
4630446
7027274
1644072
2736602
9115185
3373405
2340077
3597143
1922821
8245273
9282028
8131957
862402
5107349
1651158
1877442
9712680
8537173
2184873
9967501
9012690
6200334
6361770
7837066
7679019
1647884
6446794
6341678
3175304
6001540
4764570
8471836
898207
432575
9076273
2808522
9476244
8306100
1593721
7716555
6952470
9017764
8862925
2037802
9235006
5208377
4180331
2916062
2777637
4553160
7497090
1440015
4729657
6093007
3105950
4895475
4141338
9025865
7710610
6024869
4140727
7252706
8932002
8874512
2233566
6719922
7898654
7523338
6447195
6492000
540537
1282382
7456431
7673341
3429033
6921111
146398
5272055
1572307
6210458
7565647
4472185
6828924
8127077
9933863
3912455
4045667
6321667
3973160
1711101
3466673
3499932
651742
2752210
1996266
263022
1791440
545461
32395
167715
9897515
953231
3387414
1576684
589698
9388178
8520981
1585675
1080220
8967148
7169676
6503703
1027136
5869178
3033935
4161535
5940490
361352
3835336
3462846
7620564
5276584
9321522
5017765
5752875
1902310
6350930
9954044
581072
8151906
8148623
6333396
3920037
1273511
5564425
4872403
2994392
7567256
9610404
2797422
5669048
9442401
8763193
9096270
1496466
4670012
508100
9826235
8786843
4314457
7326241
6943773
2709318
3354492
7789490
1130869
140456
461069
9176159
6288917
5806670
4594624
1255345
3300426
4338522
4129137
7186755
7744200
3889544
3954409
4105532
1184043
6380145
3334186
9974505
6163034
637611
3906175
6425982
1254898
6507172
1994603
3806918
8472387
3113639
3718485
5066073
7447303
1805907
5197947
9613226
1270897
5256859
51395
5364842
4138103
7150020
1673809
6682822
6140867
116872
5019759
4514356
1122111
3921311
3566663
8545552
8644945
5385689
3377637
4945179
9695202
5971077
5039033
8348304
3638299
3308052
5494340
9380766
7510527
8056205
1919816
5805542
8319612
7192114
6690631
2650154
5913562
4000704
7017172
8147699
9886915
1208599
5565800
1517591
7947501
3373243
7261234
779320
5816577
7408861
7439378
8582716
30626
79793
2082788
2210038
6947130
4835510
1816322
3321193
7643232
8398415
7564279
3767852
4818584
6936911
9863036
767779
4836481
9026759
3739345
4381652
1393534
570434
1968529
4157384
3518841
5846354
9383254
9921347
4897905
8059476
9405210
1764912
2400388
4768642
2518459
6293000
6869960
7680458
1050476
6663307
8623550
510442
575855
3704813
2919694
439706
9820260
1517615
2564985
5317691
8750553
1364743
217362
7854040
5689636
8189359
3833431
8122550
8209546
3659200
8092253
6951528
4448767
9715201
973728
2897901
2238094
300755
4183548
7332884
3798712
8164969
8257273
2504402
3515703
9556251
83020
792636
2192992
6767572
9060124
3524735
974971
9624429
1267555
884787
7639711
7677097
9716909
7988922
7598615
3242100
2719560
2668412
555316
8541551
4530905
3141510
4727951
4142488
9792203
2761249
9858619
2257226
977860
3130927
654485
7314823
4311435
3522319
127576
7497561
7759798
9758346
3400078
4523831
1726839
9866981
7996629
9119621
7677477
9152718
720044
5197023
1292857
7815186
233800
2876804
8591954
3044227
5873479
2630022
501712
4804878
5289315
4170625
7413824
8384519
5061615
9978789
9169630
9196412
8546463
9125360
8729216
5507189
8316815
2936599
1215910
8869936
3032238
6652740
6223875
2348327
8765467
2288902
5238264
6951757
5982557
2370847
8574554
2806794
5303652
1827565
4290565
601135
5501151
7118493
1060200
7970827
8815135
8243851
2270815
1426862
881699
4538770
4329428
3501362
7662518
5701106
8802403
3539809
8816397
916120
5719776
9058190
1444790
6340616
798039
1868827
7288151
5153724
2011866
6005298
7559460
5245015
9424972
4387291
8747210
2989592
7586178
7548643
3756594
2028907
1644513
4977085
2712302
8037099
1884002
9015768
4573263
6519923
6343036
8745086
8246656
8958411
4527436
2992238
4551347
7546569
8341251
2816720
9272775
5065302
6806582
375639
5960833
6739906
4729029
2176113
4695548
7732827
1038255
8125876
8751787
8533948
1414929
7902440
1839288
8469156
2875325
359697
6227062
3534561
6993806
1985865
7183972
5885064
9240069
7876846
7900393
9648155
6974064
3671556
2603366
7897641
4357641
9312692
6870016
2047112
1826486
8977823
1713701
86324
9447405
7105980
5579472
7296129
372408
23860
2221889
6288396
1358829
3725341
756561
2575929
3093346
116544
7696282
1675209
4488929
4326963
5466512
9050741
305220
6817568
1449639
9561027
5177663
855661
9234885
7674279
8298814
1814296
4058378
1060204
4082379
2187669
1153227
3767316
5743747
3692508
3137387
7140617
7072425
8294670
6625024
8722601
7788360
7270577
3421610
2410387
3499409
8009146
5260256
4033141
3838902
5368845
8386550
3573281
5532726
1862790
5109696
6277965
9691252
5154309
2145975
5484961
8146605
6178013
241306
3282696
1518250
1688664
7350191
9448383
2373517
628618
637549
4818585
266550
7627438
9950416
3087755
1599830
2154389
6173050
3589240
8407474
7408612
5489758
1573512
4983181
7916991
2753119
5541048
4150272
9817184
2680680
2193480
270146
9032799
6801514
8231470
9278808
6237734
5252374
4988818
9578679
3453182
9999688
9473001
6004979
394888
17682
9034484
1727247
5822586
8766271
1833506
4467160
6549352
197756
1600183
815867
3988317
1945125
4054211
562363
8983166
2014674
288604
5860988
5874044
216548
7047812
7478987
6587644
3337799
4760309
1687315
8496013
5167988
2121682
9836022
2067235
8110745
6698735
1347835
9961865
5247841
8284440
1055983
3199792
6671167
194030
4687939
5049491
2829818
8845149
2845983
8880547
1145246
6650065
118093
8623971
2343348
1089435
9200853
3057445
4958517
7601715
2581442
1369082
9581195
5489798
1413073
8600715
8386984
7313610
2995725
1509331
7519669
4594494
8493829
4217226
4046347
4173720
262182
9756602
2931038
4547694
755049
9797493
1929828
8361922
4002548
7149031
4117191
9928070
4690029
4725421
2653944
1269506
9506559
6619675
931048
9550767
1903410
3839646
5151546
995498
562352
6610912
2909716
8944161
3372138
9903490
5425326
2069308
7439129
4536447
9897657
734111
1360808
9118231
5592330
2519625
6501762
3732678
2229565
894983
9988319
8059271
7027964
3364591
5398435
1653159
3186247
5832359
4703243
1320804
8554075
9665170
2057775
5866236
929087
5740477
4494412
8758550
126104
648754
7791773
2314889
7885777
3339325
7790015
8138612
7584278
6179809
5872979
2958466
7140319
9159799
4773525
9301246
2179523
42596
2405017
5218366
8232459
5046727
7638907
9014468
5022616
7797096
5264062
1511509
2583176
1784715
4967477
6526869
8683422
6536840
9783389
7551967
4756854
5378966
108433
9813288
6468701
3643362
2317233
8327330
8574016
7318621
9733310
9114101
1939489
3697599
173126
4837456
7264536
5215251
9092904
9870451
6197599
365667
4658789
6692052
3357819
4285119
3910916
2350983
4590780
2788286
3655192
5623375
7305159
2580069
6550187
2086451
4131781
8951433
4839052
9992603
2021055
5122402
1849026
2815708
1881204
1949843
4643444
580526
5745081
9993999
2310959
2661011
7909895
3118695
2923403
5264520
2699882
2374026
2677266
617174
5419099
8676708
3078968
2529401
734868
1850550
6050987
4277785
4920826
8765214
6632817
8694085
8216079
3960500
3971405
1269777
7242488
5427692
8109346
5688257
3097508
5074049
1021362
638032
359324
3939139
7995753
2766849
6002725
4579810
5040012
8958757
5778972
8876877
2634400
9183636
6448390
4931293
8968853
2026351
1799574
6538977
3138017
7139890
7645290
1309847
2552833
7190410
6167777
7516434
953184
3151720
1581811
3499638
1218156
4541418
2734972
2074688
4909900
6222772
525865
238993
7457713
5664391
9511343
3325742
2466014
5110230
80287
6578449
3176095
9338594
4145938
5160924
7895600
6197350
4309894
5604281
7155541
2897465
8371369
5863888
9036758
1950809
8399748
3649214
8697333
5674652
1053831
6457897
3416882
7114251
3581465
5454541
8388151
9604575
9698557
2402087
2025363
5517650
2701138
5356524
4611348
7831235
5501290
9151510
4422849
8097686
6356072
4127514
6535539
6197743
740960
8761654
6198822
9203793
5716019
797290
757708
9408788
5363948
9353557
6554440
9567286
6229273
659104
2224838
1712244
6029134
280732
2544174
8693531
1889239
6066595
8502093
5247917
513358
1700899
528998
4642828
4973936
4973907
9522279
904744
6039963
4344692
9149016
7849921
9583272
6659546
8957761
9915362
6037082
9802984
931963
5713817
5920249
7298479
5243167
7262702
6324797
2641086
6695409
7695034
8683826
7959333
938781
5185826
8181658
2895122
9666765
9203210
4337386
2212286
3531386
5955969
6185803
3435732
5888110
4043077
5496259
3142531
194557
4259856
6833130
3757110
1699775
8056369
6581932
7897943
6777251
1203827
657384
4215636
8098667
3764430
1939026
173251
2949220
7774313
6713987
1157527
8933422
9278207
8473227
3671386
646681
4084197
2380995
6989255
7313008
9446258
3580509
142364
1376059
234195
9263817
941005
215089
6699792
5736003
1292428
349277
7678680
2851121
7616975
8436447
6071299
6034489
2880803
7177599
5502647
8524585
6628635
7568513
4956385
7770682
4302064
1779893
4627823
6149103
7433648
7463172
5438500
161174
3692749
4113745
4179462
6697222
4698881
5346421
8030198
5752310
9979452
7156836
7989347
5621614
6167986
2416220
7998590
5917313
1387353
2007234
4446952
5496787
4951402
8413159
2767832
6745768
4414922
8577181
8543706
7944752
2516902
1179012
4075237
5214251
12147
3494237
4201590
5676944
8757887
2317809
6144769
7758860
5834265
1260286
8278791
6077011
1354450
848303
5310831
5513100
8802247
2262330
945950
242787
8418968
2833382
7211992
1177927
3324357
6114997
7628772
3064891
7442766
4561933
8865544
7092403
3124547
4055423
4800511
8373867
6992839
7433490
4465376
8295725
7166526
6936766
1009526
633389
5774251
2617948
6576873
4178342
2735985
4601244
4056351
9108994
8704761
9591493
4549035
2153648
262807
7369241
842070
9635514
4690727
3211437
4146390
4986842
8745026
2543887
6601365
7882494
8967935
4433407
5598163
7493884
1537862
8864196
6209510
8318280
6350330
5174351
303402
1336419
1030675
4287433
4063153
5124516
6420722
2243704
138841
573951
6430437
6351023
7588576
8244233
2849283
6867224
497584
3483916
1121947
8239110
8628927
7553609
2704061
3249117
7493741
1295455
6607745
6281648
3571696
1501131
6121249
3620459
970370
1491808
8931494
8098924
7293923
6318305
8462851
143986
7093457
4659657
2958580
4747841
632667
9881472
5079616
5312229
6303120
4430216
9527161
7906454
5664679
3159353
6844008
5408388
4193204
7113051
7208667
3860064
1860854
9921879
4125168
7464222
5995108
716370
8899684
2609320
5578458
1102609
9718503
6014742
9841128
9754701
180839
9279678
2256021
6472829
1222162
5206632
1231583
4556810
4204531
5556615
3812075
3859468
4023057
2095112
7964779
1997724
4269854
6673940
6520678
4588228
5991141
8526206
3368414
6603337
7980852
7870280
7174033
9977706
8146241
2276715
6416222
3079266
2190077
1039007
5494717
200990
2462546
4489225
9528818
2701102
406206
7356266
9660112
6186506
5082453
2479128
8636363
2595341
4264256
8966336
6398326
2585030
6989670
7928176
6321683
6843983
2212342
9076486
9440
9815884
6722846
760128
384162
9502214
8084183
1311676
3230342
6317923
6635731
4360934
6813612
1545767
5008266
8075425
2282892
1259727
7848096
1411930
7773811
2300210
4376000
2032852
7743828
3265256
7862144
8292073
6243468
5785233
8950384
5279377
3371718
6870383
8963651
9340858
2320557
9922758
321793
1983068
78146
3673738
7076706
6536092
1800497
2789759
3384877
1596577
141375
9038496
4806114
1987970
3371884
9070068
7125733
8750856
2137606
5731100
179881
8960421
2658493
3296924
5906049
428752
2047992
9208622
1595518
8047436
8865074
278867
3606948
6145065
6031717
8241855
8116871
710900
714432
2270289
3759831
7364887
4173077
5776493
5420231
6384172
2308090
3116085
570779
3874337
5942220
3523720
3633785
9856995
8826336
5387454
8312574
8137097
737373
7325027
4507230
1026801
600064
8101488
6562454
7760732
7635909
7783134
4381823
6507579
3475154
5723539
2984564
3344242
6911198
3411017
1699712
1306684
8581198
3203587
7729773
6571237
2183442
6849117
8642787
2261347
4925524
4033690
6939016
5623070
3770388
630922
1789742
5968782
7668831
7534433
7458199
7220209
8937390
1465031
8653303
8681333
8916285
9622313
3279433
2305821
7368440
9481634
1258187
1167429
7438692
6012269
182423
4811201
5299805
3331834
2520129
2599995
5353771
6766172
9776354
441980
6249333
7083755
4755521
486902
4878454
1145628
6753838
5335187
1703676
9763830
9371593
4910470
4123735
3082468
2748650
2801666
6540489
9319041
9650521
8510847
8715271
3166933
9262220
5161803
3873881
6532626
4596064
4787405
1164742
6244671
7824917
6772542
1418833
1189392
9171161
370254
6188477
8210623
8893404
2846091
1222460
5999290
635317
2076914
4641822
7759938
3675445
6521106
6449758
1508231
8480771
1906601
7725802
5072063
7033084
1979960
3068854
3494916
3724190
92952
8825145
3700071
6877401
2639964
1440162
5802881
1966567
2298029
6593463
3336950
1572846
7955800
6998163
7036016
9812250
2912034
2672311
9737440
5957960
7373300
5090276
6314226
9360796
8812295
2479366
9320448
1696195
7767
5816801
3526378
2036509
6879248
2892812
9584162
4467101
4079328
5014197
5096126
836142
5953967
1737819
8146955
6276091
7917561
4061430
8906836
1736228
6154087
1302614
709668
22485
5015223
3181378
8694302
235848
3362609
5485906
5559437
9931771
448471
7824318
8877990
2254684
6017417
2138079
5537201
6482684
8613638
1031654
4798197
7623622
8601844
1284415
7668452
341802
9476071
4252674
5209055
5607600
4070319
6772445
8183622
828730
2087930
2440694
911667
2630115
3073762
4824675
7153711
1623880
2611085
8968374
1127205
1494483
4594799
4288515
4793140
696291
5817466
2584470
4599884
3699440
8983685
2402132
6389177
3280766
746300
9808037
5576008
2809363
411152
8354081
8549099
4106051
7374686
8235223
6550827
7744934
2490851
6477515
4877111
9087119
3259042
7005792
2204922
8816351
3933092
2899305
6237429
4821312
7572237
8416388
5675588
3152071
1649241
9687919
5275024
8098410
4707035
5544426
1964561
6970048
3427302
7516897
2536352
3537920
9944863
7061791
6662546
3280117
1395043
8206068
2620854
5585494
1643185
5703423
514492
6266722
927318
2149215
320022
7851
1396078
2703079
3437263
8915982
4220681
6811236
9022413
132082
1045124
8977422
150556
28779
2604269
5782646
2106515
7381084
884328
3658320
5916446
7488064
8286179
6709945
5904535
9455826
4206464
5941705
9103521
2528443
4436527
957073
3777706
9960930
8280000
4796972
2072408
402505
2634494
3112217
8773910
9428015
6529565
8561787
2772355
2738133
785360
9332781
7563254
9992335
9055564
5843259
7591069
5143555
8502369
6550275
3997466
6538137
5226367
2491907
2844839
1365528
3993191
7806050
7832765
1103259
7273082
5748811
3367772
8093482
5077079
2026822
5053904
3616297
2398280
9332729
7138407
1084751
8077032
2559260
6920974
631829
5131673
7889850
9088932
1577008
6624235
1715474
1719108
3838941
2869023
9372906
9042336
3500271
4089904
8974494
6644100
3801674
8265814
7265621
8837085
7173228
6391156
6057545
3096775
7197310
4057305
3672312
707562
1513919
4268014
870315
7702249
848583
4242533
7423637
6988889
3666334
2562761
4631936
6125208
9750194
6293877
6837684
6674547
8907101
544391
1492068
1777319
4499816
8472553
4953937
7060637
8649459
676561
9209449
5647463
7498438
4962876
2544278
2006385
4348997
3767563
1508126
2569976
9715798
3880392
978793
9044052
729458
956156
2059506
9104202
5504071
5369666
907711
2298721
1587360
6872069
3015006
2355603
4116508
2514217
9076418
216545
3876184
7041869
2767008
2358523
6926839
7855195
6623554
8676703
1024023
6575701
8585209
5544292
7166908
6931098
6967722
4238358
5281905
1787824
4155862
6255562
3899411
9380028
3640602
7285534
8280235
3004688
2409100
4634170
2875323
7288327
884543
6764709
6811220
6684102
8725514
634507
6062930
3314842
5826557
4510807
6052379
3541126
2559812
2244593
7068131
2036456
1922090
1010045
5397216
7717294
7436169
6855176
1477056
1115607
6804892
8820847
608503
5818999
1085447
7243446
6407188
9191202
6881360
4972821
5569606
6750685
9248530
3819921
9974302
607067
5941533
7199959
936101
8540607
5806275
4129945
6034385
2301698
7076780
8688378
4048848
6151619
9646925
1524889
695047
2290311
3717073
4238027
6374602
7447334
7249778
6300864
2556365
9047971
1838226
2864958
491251
9724614
4786015
2764384
9470953
8887559
6185139
9029703
699704
333780
618587
3003831
354397
4543219
7953825
806740
939096
8794116
7169779
8199607
806615
9001723
194978
5387684
8860060
4610615
6615963
8609655
3610247
4411420
6133313
3357013
5657275
6373305
1750794
8975746
1140323
6716864
795755
9084445
5934055
9968890
7521348
2078237
9766551
1822889
6074062
5489955
7487762
3032421
9664712
1423606
7464603
6483450
8723219
3471899
6731295
7596927
5144159
720180
3959454
7145786
3342370
9480306
7617211
6605033
3890699
8791854
5805751
3327525
2510085
1740058
1579426
4288751
5131144
8466271
2180928
9920267
8368375
4233211
1099532
4547784
3635776
8701845
8724576
902972
7060199
7936380
8165930
1826177
307314
7257895
2960563
3405876
145276
9634684
2371732
8025825
4897416
4376287
5466671
4814897
4854
4305061
7831623
1468221
5064381
9539610
9860232
3083164
6236596
5053391
5076793
91603
8936830
3649571
3353023
6377442
7772208
9800666
2127618
2394006
7662243
4089336
6281487
7961046
5560447
9767358
1375467
1544698
7318040
9389450
4283360
5381822
9742145
8493907
2842295
9825266
9134607
2082449
9501702
287588
315687
8139508
4390939
4370459
8006805
638069
7522354
3179377
8538043
3666169
4926638
6090780
2319107
9583077
3828848
1087722
5706201
3334625
6011337
8555265
6440010
7733050
3970049
4265170
8080101
8892708
2018440
1132410
5974538
5233823
9596352
6686749
4032146
2442595
4057273
9359412
4050752
2145298
3317860
1902937
7183715
5764650
1021368
90156
98938
6911179
7635578
9227122
9820200
2226023
6286528
4044602
7612086
7281403
1960560
2376417
2399904
9886773
2672731
3082526
5479815
2899537
7858029
5390132
3498548
2578037
6657051
4182912
2094690
5874283
857665
5466839
773097
3429107
5680120
9509489
7978086
9353829
6606934
3958610
6982787
5112351
6705532
9892003
3208554
1059777
2979657
3946760
4886663
1547654
5020430
99792
5325862
1438908
608396
2443193
251425
1222824
1848902
6412887
5132169
8540006
3079807
7644607
8491365
21062
984498
4899788
3780962
1129641
1490391
5631117
827856
3527725
5635606
9092624
9492183
6404511
4501302
9491710
1991423
615782
6807893
4583786
5065067
5247747
3606506
6635020
9887728
7165669
5676185
3425536
1634335
5569366
4682863
1963672
6336402
5955318
1103939
781267
5178499
1059695
1801570
3316914
9396033
8209044
7811989
6152422
6999353
6431502
4485015
455204
8678009
4830489
224211
4635714
6514154
7588513
4302234
4522742
9013538
7414004
6298849
2812636
2841449
4072226
6992728
8326834
7256934
2984667
4096865
6916385
906674
7302642
4692835
36602
9202703
5712782
4880524
9928897
8891859
4454058
8591950
1037226
4797306
2887276
8440703
7164223
9357375
360160
5563427
4086024
4795964
7646195
6244694
9416569
6581524
6702719
8065666
2531807
4045423
6021891
7319116
8089537
9940266
5235369
9121528
2487212
569700
7094169
9118243
6360633
5710035
7385082
5219025
8295375
8085846
3603930
3271632
5040764
5618404
8258037
6639094
6390678
4705240
6553503
2917789
1302316
7588790
5824293
9877851
1156983
7467955
4869948
5695607
3733514
1433867
2631066
355149
3863544
1167299
869354
8275808
472222
3262074
9275195
1106183
6342856
8756514
9663881
4643773
3827187
9910220
6828163
3268877
7396488
5242289
2925084
5680331
6821411
6889423
8150025
9704528
2556091
7737837
9110039
9622221
2081427
7137767
5177924
7600236
3278350
3322189
8665736
6372419
340971
3876949
1676952
1986367
2899393
3129895
1955830
8831536
2078403
5208591
954597
88565
6512369
8133533
9412030
575500
7449510
6199364
3823733
6060753
8044183
1884893
5782339
8845955
4826895
8979036
8142866
8426315
4054613
5751272
3771193
1539533
4453471
182363
4920776
6841625
6080936
6234275
5656508
8364486
7786656
2582513
3049425
1143192
7322592
9310937
7526520
8796258
606477
1672382
291550
7489346
770890
8298656
4311429
7431045
2861532
8124275
9434937
5170093
4427893
7875842
1376809
1747798
6748173
5378298
2456011
6672121
9314330
4484783
2245982
4269252
5712959
3847337
3513425
1955208
4997380
438836
5402955
66912
955278
8746745
9672033
6865866
9465515
1574477
5230210
2661927
7503313
2228162
89184
360121
8003428
8399282
9304407
8279190
7447504
5985956
4066387
8302741
1262377
1184016
3952950
7097508
3514347
3736852
9963358
7801433
8103568
8402688
8509171
9927417
6930584
3866167
4824894
7080342
3088154
7658526
1672775
1666024
428860
3650617
7641600
1203614
4162566
4473195
1689788
799635
3612661
4428003
1618808
9287962
2538315
1721447
8772313
9083012
852472
2448803
4689700
48596
8710594
4459652
8578488
4122232
6222227
2790535
7223653
8175584
3591316
8988490
4237707
995960
3733341
3324409
6034197
8768503
2013756
2634318
3542840
4167822
8313389
4186769
5785300
2987763
7553102
1587697
2077118
4372948
4167496
4666988
2846074
3505652
8789477
6569418
5418265
1847404
6035171
5852802
4313158
6155916
2423779
7221412
2755252
6743924
8224113
4173853
230527
3339530
8553810
392011
6111783
9605544
6904354
8246471
9357430
3936720
830859
9875108
4648742
4444102
8100814
8349544
4108300
9024239
669120
9974999
5726637
4916229
5052319
4828210
9825364
820258
1316508
5337736
2230268
6233399
7838982
1158368
9963614
7258911
9722617
2991430
9746364
2554484
1050618
7597096
1900790
2554466
8807549
6816688
6967882
2451290
531496
9839078
1367014
1784590
159523
1430448
9797897
9759878
2839918
587046
6916745
2819423
959224
8559101
228175
4607460
4393469
4149298
8632934
8797170
8332464
4264154
203628
1909020
5931663
5502742
6083281
4387085
414148
39584
2035743
4072431
9389525
3454608
8771006
5132028
360693
1015681
6858271
1883252
9768737
8240448
8920087
3349582
1342930
4642366
3497350
6688289
795223
4952721
3654494
7773578
3028252
6993156
2494516
6371074
3518934
1136770
9653883
4269922
4537060
1205614
6194464
3629197
6790257
9015132
3950452
7311379
5784796
961752
936087
2009343
2247302
9506974
5028096
9234872
4115723
8911719
8017173
8723700
8590191
2594038
7215158
6110960
1154702
437318
2186126
4555306
3628480
863284
3730257
7183022
2912155
8184282
1113983
9390508
8715114
8083299
256598
8129783
4483034
6430021
51129
2037981
6799407
3241469
527415
7248796
9053616
7757156
1166214
3067829
6711337
9650779
680323
4269985
6540210
8499163
4488486
8813712
2774623
6675563
8477584
2767963
9929002
9747721
3598772
3227662
3190964
5126330
8314818
63403
8565360
3207235
3152125
1564057
9443357
3763161
6059837
7832963
9210627
45616
2025643
2025526
9442811
7092827
8299559
2500140
3398645
4874908
2349318
4533112
2513767
6601882
253289
285147
8709121
7534486
1889154
1362255
2641886
3476783
1208730
5758463
1762827
7518389
8491585
5265323
4543768
5616992
5823209
3512253
8040880
8718460
5199384
3403514
4472462
433396
7710579
9203827
706499
3969198
6358726
9057620
701364
9040261
1429772
1013938
7605151
2153010
2053182
2596393
7850265
2300256
2330308
3591253
414445
8845460
4550855
3335503
559189
3158629
7510470
3080294
7968987
7968962
2736112
2679733
2818244
3569851
6684853
2287410
4437873
4737183
7587001
8968204
2036428
6978553
9424494
587429
7535920
9738949
3153076
5202327
714607
5835059
1038779
3468472
3969899
8468868
4196328
6025525
63467
6674063
745416
2451021
3183488
5298559
880116
8775897
4310599
1183319
8949410
117646
7077993
7201615
4872087
4335598
3192719
4148335
9125274
9728166
5541949
9567950
6404871
3350074
5618767
2517265
9460947
2543789
7173063
3352649
903846
2547362
5059634
8788140
2731540
9401629
7914928
9175039
1024323
1429437
5979161
9189766
8161316
6821033
4862009
82088
6927225
3147617
3479945
7838629
447842
1040411
673167
3693890
3292723
9934061
7077512
8849644
3819907
9810714
4949609
6787653
487765
9206906
6591831
1880026
5007184
9507173
4023089
373943
362877
2253018
6246727
9448301
5513368
8786544
6496998
9136872
4537813
8120255
5418310
4018560
4544380
2635500
2884428
763623
3725909
5449634
2126828
7760635
6426044
2120888
2918172
8934122
8156746
2513474
8762042
1433672
5510970
5816528
5933564
4699564
8585865
2736243
534144
8769964
6816511
9581443
4332297
2194394
188394
9364721
4371768
6234776
6006325
1566862
6756362
3612614
11311
8701175
1044109
73144
329435
6434836
4343066
6010347
5402398
6169086
6752652
5208569
2228411
9430096
1974200
4744375
1965963
5724458
4337941
8432643
6922135
7672957
7068557
1022342
9347356
1362133
1634180
8177049
3493262
5706268
1802867
8185498
1984681
3548050
762221
9239540
8008387
841578
1931279
937979
6819695
4926008
383847
2523588
9464887
4676554
9793902
7248240
3909972
3596678
7620472
1954414
3012200
163096
7644843
589294
4293872
8417959
7108589
5447650
9915751
8520170
698615
532607
3073107
768551
5029344
8109149
972939
7983563
5805501
7298465
9540192
4200315
3107815
228422
6076487
1578153
1099856
2927575
9829404
2593746
295622
5049560
4468799
6701511
2561889
4060594
2863711
1599111
4672103
3246009
6898583
8394467
9521916
6438630
7308252
9735877
8920247
6805984
4846959
8070867
995047
1399414
8867588
4834387
5321480
7603537
2462785
4978394
5220688
9850129
7074181
1373431
2920239
8512042
5745423
4720270
5879117
4509913
4257932
440133
3678975
27414
6205338
989389
3451689
8388289
6806748
8325747
6183915
1548299
6495417
7963657
8880843
9894920
286773
1448158
161301
4034
5923258
381142
453681
9694244
2836998
1344963
9593866
1236469
4074375
3152719
1734991
5568438
1650329
7097044
7039819
1270441
3433824
6964246
2627623
956829
8481430
3277582
878920
3555039
2892144
1955599
3360152
5972964
2222548
781629
9161854
1944009
7421120
9104011
7152075
9260876
454920
7833567
8449638
3108522
783803
2103382
732050
8546250
9912027
1753842
9456050
4266092
1357109
4520354
5789539
4665362
7648838
6831921
5580274
1937430
606716
9888339
957029
55479
3434861
4008919
4452349
2490283
4518149
903451
7672474
4589565
6576693
9742503
4542989
5039198
6318820
6750226
9846367
2732068
610037
2285357
601372
8032115
8009552
8270505
8288853
5897803
827024
7139307
1225903
1681204
636640
3718817
3602190
3415643
89511
2203155
1643204
5627394
7092923
5015228
5804111
288098
5954398
8556691
8118277
6408031
416998
6146560
5850362
1989248
9799189
6392458
4865853
222106
8379065
1362442
8332519
678228
1712229
950496
4899749
3278880
9931906
4106617
8250689
5061746
53799
3346735
7034291
6542197
7033395
631975
7468725
2417742
1797727
4646390
68781
3101220
2524408
4076043
6411287
6779922
4755563
1931144
7966757
6369810
1287715
1890115
1832659
6416843
6508430
8287461
4979571
4786252
5481162
8688033
8661133
7457443
5309870
4443802
6918729
6161848
9958944
2447863
1584718
1335817
3768486
3095060
6519493
9644004
5663538
8819013
8283752
4310187
4727463
9569008
8128876
9434112
5919473
3772587
4610505
9186986
5739757
6110979
3342607
4417122
3512533
6303349
2720339
1288895
4414352
448533
9619558
7823079
7123095
9551512
5521652
4459437
3843057
5871370
9217127
3919385
4489350
6055392
5682501
6924297
803013
7630703
7793744
4922067
1692330
4458918
8461507
8788585
5149304
8014548
8425061
5869287
1974295
1825087
6517086
6506544
6941515
6799835
771537
6571196
808374
1596740
6205712
713779
5197154
1262564
4762448
3624989
2191773
6501233
6610946
5438476
5384809
8394240
4461539
244209
9030774
1490100
3419902
5940618
8891491
7301132
662584
2600690
1079649
6725374
7641862
8539024
7274292
2189248
8614863
9026252
9953192
5079965
3175234
4133932
488918
3189324
7719701
1852224
5098134
7052028
6299930
5116917
5211932
5387235
4168532
4945444
996562
7523054
3586101
1320273
4618366
4250723
7496407
1619093
4516167
2392935
785225
9567251
1430488
9098048
3736491
5114246
533213
8560174
6433100
5936783
7712903
7823200
4916058
7218924
2221853
6754155
5389320
5313180
4205951
7963748
4458104
6615821
7730225
6790557
1706615
4221395
7316369
5609797
4685760
2416569
5291742
3762485
4569420
8429985
9903933
5602739
7783475
3708043
2239323
7044047
1200010
8661558
3584404
4324044
4356321
8429
3361384
8350959
8036256
920621
3575067
4434184
5690776
7947458
271533
9531819
3045488
2929953
4875318
1193817
8050708
9323791
7480414
723995
7735274
3450338
3248788
8141213
9730008
6548754
806183
6366962
7208937
9661332
9625194
9037083
8563772
1023665
7288369
6193863
6112008
8410418
2848833
1346807
6144583
7967901
5583038
9315834
921870
2373363
4264540
6124968
2774014
6045917
7480079
7198102
8523286
1772684
8611284
5626330
4497773
1276207
6964755
5857214
9283530
8423907
93461
2171728
1180391
9422132
8563623
8695608
8956090
2746487
6963938
9250174
2097276
9904152
2340035
1752733
9772825
4967951
3168291
2929182
1344910
2611375
7082443
9836406
6788373
777073
2082042
4727039
8930498
1062675
2839162
5086847
7541063
3573927
6680294
2963290
1488099
3851343
2680231
5093645
4779995
3112646
5289243
8048256
5613225
3386924
1486276
4337176
3687438
6000302
2600715
1892866
5421409
3452708
670236
5417663
7653501
2517072
6851352
4615248
4405722
8818758
225515
5961366
7848895
3008250
1532251
7792506
5752765
5097045
7607438
4808808
5787023
3148738
9181812
8397736
7385115
6518285
6072773
331675
4654380
6751074
1020282
8053150
5708052
5207500
8275723
9093872
4076792
4953713
25771
2894305
4368465
5185602
4713767
478364
789066
8256323
1614864
3801474
1881705
6003463
9750300
951152
5273733
7642225
9826708
1315947
4835594
9565729
1122177
1054936
5832762
8161570
4554238
4656690
4047538
9103391
8910596
5479629
5205640
9605382
2416966
6050835
9762065
6399657
1448544
3027070
7096100
2013225
5214675
1619924
6272860
2355070
3617590
4446713
2125263
4035449
4974707
9439291
2678603
7434992
6857034
4255509
6482545
8795004
5060038
1493119
1694932
3494354
1019395
1586540
9597335
9895014
2105891
7151672
2601364
3716001
4651062
1949352
5029499
1889090
5984382
2502146
7921727
933153
1838119
5208144
7351893
9417262
4693278
8993397
5624354
8044854
8636166
7578357
4328278
1099849
9364260
7614462
1258409
7716449
4464109
486298
3363794
9724764
1813889
8887877
1178554
4927198
8102183
1184865
3236728
8469685
7420550
3452322
6430951
1915995
9598989
1879699
2182107
4854341
4223410
6248699
9704073
1902570
6255208
5235170
6698698
3957543
5937733
3662374
8149888
245315
5206453
3349922
174627
8228222
5218723
3025613
2837240
6266636
1967909
8323444
1099500
6764371
8298784
6299740
347709
7900610
4693178
172409
5219401
1623639
2036764
9901280
3612236
5260772
179165
7304725
7177070
7722156
9666082
582002
8731834
5591519
1566741
5930159
1488603
8458541
230432
5116424
7026283
952486
1325974
9221117
2464755
6976153
2605257
784492
4503819
6308947
8923153
2531909
1704294
5664892
7918277
370220
1058943
7533333
8901486
2681051
5568582
9315369
6311115
4523885
9370214
7253584
5034101
2410018
6171792
3809763
6521065
8835534
5679222
478494
6162407
6475395
2550143
9601436
7006217
6856784
9041323
3703329
1482487
9008855
5053746
104754
2227233
8694306
4831630
5976006
5876363
7567722
6130523
4179764
8010237
5324714
2259599
2377474
2600999
8387579
504361
2552464
3798973
346799
2633624
8003331
1082866
723276
1265583
2691598
1219990
7741918
3241060
9000375
5235666
7965790
4779035
2786995
1928371
2289420
7430316
6468773
7278876
5909964
1856059
4311732
3381341
5524234
2650199
3599789
2286823
8185342
2533385
4648709
4601338
2148193
8594260
2681993
2736294
5844044
9855628
8557735
9161152
4160454
6484821
6630247
6167899
8052878
927877
3172425
4900613
2358506
5989039
5626530
2758152
884110
2923051
7906075
6950867
1770964
8731539
7786293
2933751
9340008
8954541
993089
9063384
1448582
5157255
1021804
8230367
9466066
7630087
4047150
1104586
1560519
7287778
8310223
4934272
7693775
8637226
7806145
4907788
8688579
6208975
7815209
7742227
1864668
5156480
5569229
3924821
3840832
2939732
4203317
4621563
34025
3703456
8601116
7320045
4241915
8293807
2545259
7474803
7285248
99990
7571978
884340
5227275
5399731
2403059
2342936
7102323
1309755
8735634
651460
5922605
3277963
858547
4902822
3092627
8107177
4532206
9111456
317864
4453644
1094431
5125759
6361631
6099219
3793939
8879097
7285881
3642917
4699180
8879877
2607107
25482
9504848
6122374
7790243
412619
8614060
8796882
160385
9819031
9678371
5465386
3226015
8869497
6388203
3465919
9744179
2961486
9777816
566856
9571448
4708705
8553274
6897794
3333535
3875421
6106943
4418007
1240526
7477479
7817207
951489
5730174
9989280
5783696
7573000
2735492
7178098
449601
5251070
3460706
5933815
9465234
4875065
8398173
9154030
7035096
1410846
3174035
1001187
5771750
7458170
1819998
9580670
7729728
2853479
6314709
5817844
374503
7006476
3118331
9516789
1152491
2642680
2681560
189563
853982
1432197
9177057
9116102
3806043
6520289
539645
6361369
9501264
6767864
9911071
2917680
9141978
6788201
1605201
121360
1586526
4956546
4890185
3219471
3140717
277437
1675758
6179829
2691254
4537443
8773700
273090
4908234
6819730
752535
8210297
3830285
8446307
4005371
1662383
9417546
6848827
9287784
9953220
4350594
6482096
3641519
641644
397875
7315145
791998
9942385
9418521
2576578
7682164
7149505
8724403
2257747
4012047
1583106
6895122
6992482
9356359
5756908
578387
1988719
9059412
6408389
2146707
4664300
287529
4490760
369585
5269777
6455168
5928673
6612222
7907800
761552
3629202
7178499
9553296
7300333
6992077
7401424
2542189
8658322
8390299
9590669
3054253
7139256
2364414
1958663
8817217
3746935
7750321
6294570
3803006
7271611
4205440
7627672
8839611
1191726
6143858
4599056
5759016
5130214
6814814
9681928
6616584
3326459
7756373
3180722
8468706
6847669
6710817
8107149
3765460
8271133
5675666
7057456
6007491
278864
9366051
4536518
9902434
1048345
1780183
4910670
3656783
3542432
1576261
5728237
2539804
9929299
9363846
3960225
7771176
4390829
6464272
1236634
4219174
9609123
5012853
9177497
4337954
7725328
3360535
4146797
7742625
7058533
8293871
8766525
3605419
8218600
8139525
7373553
9515952
6427361
5205079
4280299
8933588
4343724
8099042
6329375
7906873
4979644
3954221
1423639
7744945
3492353
7893300
2318476
8976597
6323820
120705
8462571
8836626
9353922
6322570
1801616
4852271
7411648
2845372
2541442
7938481
7227959
2142496
5544905
8096992
1842782
8794203
1260519
7837249
2477833
6789739
7177700
8390703
6234836
6633561
2171195
994589
9547147
6456453
78612
2486746
1440524
2596823
2661409
3786639
7577556
5664506
5154840
1924538
1863501
969718
5541995
9430478
3851409
7592145
4146318
5804320
1771084
5855682
3871395
7806728
2732644
6954735
2376359
2746616
3379608
5070756
877579
2214161
610568
6584812
3304100
7582574
3231977
7244583
5623970
1708660
3859142
7050625
9674548
597176
3555629
5815745
1514337
5424815
9198133
6251162
2977107
7854907
1537057
6329578
4225182
496920
6921572
1410743
6750526
9331642
9510435
402030
2515063
9927335
6390406
3616552
7470133
2007687
9984891
6220395
434649
5151156
7403089
6371284
1411731
3352213
2774860
3926431
8716606
9526434
6249030
5644198
5882972
8376841
4032093
2757802
8588105
5871597
2937492
908826
8579738
6526395
255612
2391457
7515756
1170304
7964303
8440779
1166861
8785092
5565712
515502
9847135
8619041
7358284
9960078
3075344
969702
6934896
160089
4901165
36129
9939243
769479
216359
5540425
8221630
1595480
849102
9808488
6161066
3450145
8690954
4637820
574128
8119948
9093211
1216607
9727847
2744539
119733
4682592
5824245
3612518
1111576
4898508
7371586
8264778
1194131
6369229
1359990
3740265
9350212
9969077
8696073
5822135
5063032
4225156
9008494
2342238
5471912
8207752
5324925
8238473
3558517
4704929
1433189
7580717
4197757
2040514
3404457
7782898
5768130
5246249
4141227
1155902
5405230
6447740
1757384
1360643
6416523
1529997
2346311
3287100
9678112
6116581
7734098
1852263
4441297
4734515
9819033
9959936
8443458
8688978
6687988
8591573
1096270
2838024
1428961
3028944
7499398
1037145
5586865
2303046
6049779
3743988
4289359
729303
9926752
2423422
2703792
3446906
8029574
942689
2896129
1298596
47987
5290800
7944106
5589702
2801514
223002
4395895
8620716
2447417
1475538
3421298
9710665
1613182
1063881
5521467
3978502
1200626
9711749
5122082
4350846
167963
7817151
5813253
5546325
2068053
6669084
8427372
609481
8554632
4643792
2616453
728797
6361954
1796415
5493987
7769645
3196727
3493178
3583475
6533871
3611920
1555662
559522
2736047
146520
4861043
8775413
5467331
3425142
7314637
4574435
5391146
4183275
7146695
920138
6894739
538324
1042475
6090877
3927859
3747241
2679045
3050940
7598106
1660662
7236895
2921086
3773995
4657620
7988114
9363813
2301989
2651054
3031757
8471574
5615619
2332354
1554465
2096138
6102400
1283390
5335151
9400365
5407493
2048543
2132974
643852
5953658
7733001
3668135
4198712
4994605
9548236
4186924
9806286
7992880
8761311
4118611
2607429
7433020
7991976
6054167
3415562
7076747
1347753
6674062
153151
5737979
3798731
7900349
8140158
4489113
5576694
3789469
5439264
558351
4452213
1011871
1239412
882736
7656690
4281362
567902
7985153
3664319
5602241
347851
9321608
1376919
1205746
4131699
1982113
8900929
1678184
7469170
5228380
1317350
6189420
256396
4816844
136095
7186311
448294
6234014
7899869
2050883
1936163
2162740
8668916
527851
534163
2605469
8438546
9363312
1941470
6361207
6803699
4882843
9982030
1693320
6217352
8075487
1575978
2764292
4235909
7124804
2447368
4073314
8398765
5022951
5381271
950097
7316832
1738119
3883803
3449078
5330834
6017891
7163493
5817322
7553233
7049572
1338609
9020933
7429047
2498542
1511178
5511013
1972765
477810
2163515
8838795
2667504
550768
1509759
2776985
6568776
5778259
2337498
3525094
3139676
6567556
8531400
819490
5313207
4917475
7158943
8601058
6231455
8042704
2102672
1201362
8312418
4929110
2523937
7187424
8298958
2738275
5794533
2394999
5672297
7399550
9037023
540712
9744108
5534491
8830064
9973696
5059153
6558769
534610
8462670
5493220
9686872
8345157
679373
4251399
8329064
1268342
7728441
1174859
560304
2505998
2296566
7856041
1133662
1659872
6569197
9543067
7160363
7351119
9932857
3633375
8177684
9280488
1345506
1812695
1199692
4906350
5733273
7765883
9181011
9844626
4001617
3301275
4345415
8373670
7088810
1519350
7709087
6586470
2723602
9615558
2360863
8331763
4515979
1526168
561701
6434113
4609738
3348553
4044504
1146577
5275821
2225729
9780560
5035563
4011712
3971860
8106384
2877492
2330802
1461342
6650413
3892988
3524638
4927354
8733845
2196560
708935
4487427
8229109
9461812
3574021
4069687
2773425
1114886
3795385
5523161
3055924
6642662
7874882
4292013
9083807
8050774
8203643
9447058
2838780
8150986
7136768
4766709
7744923
3387893
5357619
3500976
4771984
1419
49369
2256205
5022655
8721986
5921276
6748611
6333870
6002506
4276590
3862235
8139643
3685684
2408908
6700627
3307979
8144333
5638504
9971350
7114914
1738012
9010519
8090038
4828346
9003750
5777176
2188997
6178423
5830638
7081219
4224532
3477782
166167
2558352
4341706
2725760
8247258
1534291
5131852
50975
7840023
8205354
8027991
7102648
2771043
8228972
6132605
2097494
6857028
2614322
3513587
2229023
2408318
1541874
4490459
7015762
2566094
785253
6069962
9078113
9882140
2193874
6650292
7896906
9064501
2468980
5458487
670790
8976717
7336634
1149035
7724379
3852634
4840524
683217
1809731
8460648
4303026
4871251
5333785
3225799
822236
2608769
7226274
7347703
1206441
6013829
7522597
2201487
3019630
246747
9110427
4479055
9416586
2424863
7158096
4200092
1843893
1091751
3400098
2274647
7833686
561188
5819812
5417245
5692760
4911511
7418124
328517
7835304
105618
2395905
3941450
8712574
1202767
7137562
2955886
5788174
8094223
2388210
4047313
2751367
4057467
4577204
3117264
4441008
2292063
3283668
3909004
3342977
1380348
441638
2279426
1198872
6191193
2352035
247936
8140853
8481051
5386905
8715028
5046473
6715016
1419612
718211
1999966
1470888
3183650
360570
7534437
982004
921275
6497878
493314
5293623
106259
8312470
2297805
6573692
4054326
5561752
4718536
3273747
1603267
6255910
1253450
1344839
2394874
8889806
8160377
8678410
163708
1313355
9117943
4891575
2326102
6055533
2824518
4434197
1936472
9924232
5369513
5487829
6758365
7536729
6252129
3226197
4664259
434842
6325031
1623228
6225239
990319
5242723
1526864
4306787
1649956
4026454
2024649
5195340
4260691
1137015
7532867
154988
1736837
6822854
7282044
2448641
4811460
7328470
1802119
5084628
7222661
2753834
7239414
920138
8286941
5760105
255754
8690862
7104065
3938483
296434
3849673
2367917
3939407
69867
690137
2956581
4148739
126558
4528131
5935110
4266257
9653932
7844894
6549280
938958
7945496
7078150
2102982
248185
6680437
3774717
7454382
9066911
3426467
7320603
6004480
2239019
3283900
5351630
2424722
8147086
6564126
6065675
6264231
2051326
2048696
7003370
1702016
5639590
3974525
1010316
5209058
1183229
8470134
9379942
6061551
7775912
1184455
5009496
2041972
2589607
3006925
2153277
7494495
3201676
3844634
6737406
6958998
5030814
1471611
7507241
3058243
1957820
22520
2203483
3019905
4019082
4416967
6280162
7400227
867636
4073031
331891
5511166
5907402
7219256
128277
6802590
6446272
4921796
206559
2955349
7418555
7722632
2119545
913146
7521616
4982830
7204684
1757135
5586330
6047445
4701107
1676146
7576267
6505444
7330457
8287532
5843963
4419743
4889949
28746
7602623
5260971
6600621
3126085
1476952
3448701
5373532
4756016
4040280
6802875
3483108
3632552
6484563
69570
5391075
3985781
8892030
4280224
2427473
1679507
5241490
8399485
7943597
9067154
7943278
5148930
3673212
9796468
4999042
6626101
5055746
89563
5859211
626049
4604437
5673780
4394305
2400843
7867637
8673614
8455552
3303812
7244336
8014111
7892850
7457457
9322354
898910
7453709
4614078
7450018
9994721
2611350
9682228
129755
4553788
7177477
8546066
7308694
3792264
2005228
1029
9701970
9961770
5072723
2254427
7797372
5033184
8202127
2407161
3993959
6222585
7327870
1046250
8398283
7407479
832187
6454431
6965745
2754253
4241799
5038987
5159317
6505566
3136072
5047186
3739581
7010811
3414114
363989
6558727
2965190
7792280
1461914
5387562
6769204
3344070
3152840
3514961
6026195
6441155
4381175
8596372
8421406
2558075
4790110
5133835
208055
1669117
823697
3145933
3991870
3453502
8300055
3829865
8542842
8866418
5505644
3598230
3112409
8443166
4855024
3798645
1990174
8315233
1897393
53945
7740072
7778489
2349165
9666594
484491
2974153
6926158
5635542
4159910
2782980
3271579
8342442
8824225
8168167
2181867
9776257
547353
7609947
602399
6229270
7176695
4259209
6060711
9704427
5602028
8953052
5683482
4949211
1856948
4427132
6942904
3523155
2824455
996352
4872797
6444402
5383436
969491
5422880
4562261
7717803
6725974
7194707
5953754
9103730
5179271
6813429
6540978
375478
829973
2509839
5127481
9636480
1175177
1130086
8065034
4077593
8477551
272695
2898010
1260283
4918311
6537964
8834850
7256654
230667
1996083
8388989
505375
2929930
3833806
9464412
875218
8500760
7495435
1150590
7350234
5856650
8528824
2521339
778959
484412
5852475
6793768
1680571
2000694
4461136
9645048
1967221
6958983
669373
8906593
8532499
1639075
7561015
9542955
3077134
1680870
3694024
7096752
7957838
1101605
8293934
8632242
1944575
7271067
1506663
3877766
6056881
4459137
1739872
4818535
7148552
3769020
53777
5059215
6319740
5820300
1405552
6974012
2169779
2810751
1326046
23662
7646406
7966117
1546067
7352897
8257410
4848669
1911677
8292511
1240726
5239729
5654068
9132466
8436992
5149462
6103016
7437304
2962308
175271
8074449
4623679
2766183
256466
922767
5414494
3344551
2738515
7436553
6040259
2889937
5615366
1474204
4235461
2107640
6289574
3867543
2295761
9278640
5823835
3176484
9633490
2829163
4332626
8413979
1973043
7343717
4236024
3393649
5609476
863409
3003410
3460710
5937156
8237556
6611538
5890023
7345168
7932817
6581219
1512539
1422387
1184096
9337384
7280227
3110583
3706563
9938852
4520238
4739268
4864188
9656682
1797731
3022646
3497481
3624539
9594925
4400518
2024914
1232616
9207325
6094422
961855
4615061
2078931
1380030
2399657
490901
60598
4252297
8638959
1771458
2000638
6176506
5973164
3206112
8653350
5989816
79584
2641474
776819
5289340
7423000
8282047
915938
7188504
7732606
30773
9831535
1532906
6474193
8217328
7512984
2406684
980176
1365668
8445264
1205791
2461336
1339839
8902611
4409939
3807796
7992674
9411501
5412601
6987307
2072784
9024761
2241590
3128623
1962504
7866980
9290028
5104459
1945106
176285
3034524
3395592
8261894
297694
3808401
8063514
1293746
5203136
6240553
5188066
1730754
9317148
6548591
4074603
1002931
8233757
2174573
8615781
4648115
2748601
1298501
9210177
7757286
3247940
1465704
2238270
9741607
9955729
6073702
3023856
4669081
7854079
7851753
117484
6503676
1827538
8040554
3228984
1204761
6158790
94156
8589707
4143042
8328173
2977996
3611987
7613147
8604973
3796137
1834440
8544648
8219539
182034
7949617
2025193
5172143
2584537
8397214
7745965
6158157
3382768
8760977
8519713
8565098
5702062
4299361
462527
2959646
4327360
7246946
5369819
1765293
5525730
7987334
2682790
8505106
6847739
5522280
1882800
1806415
541640
8184945
6896981
6255948
8486022
1077910
6047379
1926549
2098621
3725362
8139769
98379
9771293
8266818
9263293
4846369
1425891
9772300
7916815
1777825
6923195
3531078
1474363
6309144
7673329
9399050
1483609
8032189
5815070
1957421
2483832
9782435
2653333
5571415
7897413
3236798
2976074
3779469
7875282
1839998
1450580
273697
6298561
2671312
2941979
1238404
106877
1840146
6880364
148758
3274570
7005472
2830954
3406045
9151829
5294868
26382
4117030
2498605
1245778
3753032
2072046
5677218
9158064
7765434
9615758
478747
355838
2608606
58328
2923355
2913599
7992289
8669704
8461720
9253265
3597141
6731224
9852416
7130570
9323612
5115025
2004835
8504716
8145997
990422
8072616
6245348
2352327
3379207
6183736
5596423
9259790
5030519
1831646
9740329
1067614
8762671
477670
3719773
7178875
8891420
108821
5858098
1334914
9558158
1303767
377421
591275
1244564
251758
343314
5682314
4581569
9868029
6443003
3171051
1682161
6109649
7396774
8129832
3377244
4071097
1331952
3391034
8432398
857321
5714294
3144910
4735115
1275432
50931
4843768
4794324
291802
9047414
4858715
9503810
8399936
4444219
8450450
7111346
3086834
7412233
4648826
8308411
5310883
292223
7948492
7397978
292409
2531053
175429
619538
6261857
3643824
8126515
2708624
1921855
216456
8361606
9903819
4122585
4235681
7630181
4928507
987979
4627537
9662314
3341480
3486576
5591210
1976871
6615956
967092
2229828
5171786
5691766
8939270
4199164
6818203
8850090
4460310
3174451
1554748
8929310
6103020
7428447
9392690
9115399
5743694
5020249
2793383
6644262
1788702
5135239
8180823
4042404
6790541
968075
1629682
5384783
6141548
3973699
5438153
8415995
4404265
1609161
1691375
6551029
4900339
6720162
2677449
7251209
6653100
657580
2635679
3075167
7783239
5680701
3057012
5890812
7527737
2891966
3710733
538708
45103
4744440
252699
1276454
2950425
3229299
2694629
2124326
6492211
3208735
2487814
5051748
4416543
3187022
8869182
8440745
162824
3906720
6365999
6767598
3178614
841287
940424
3342570
3745924
9611518
7735832
2017520
5836270
7601002
5381797
2468598
5082717
9105972
668594
1147163
4288020
9620715
775950
1775708
1405703
7517793
4137984
3694972
9927356
405577
1562041
3021077
6338774
9689085
1933169
6036156
9304515
8112901
2434028
9066080
8416600
5785020
1229672
5826683
7181622
2985557
12187
5478326
4855773
6092485
5563530
953820
4635217
7266961
9314018
7809793
9455301
9479711
9840333
5925437
7421589
5381668
192549
2475499
8156051
8805785
9920179
2406597
6251333
8001375
1597341
9796893
3137507
2716820
1331816
9480422
9470492
9655104
2295475
634303
2051767
3834183
7756124
8437742
8636438
5680964
7749892
1925880
6535251
1411667
2914247
6178919
7114087
6572702
6918031
4876061
9942848
3195127
8507302
1054451
5990297
8572176
3843119
7419696
2407270
5627407
2451122
1242180
3270168
9728153
6193236
9840709
4128141
6093373
6091378
2713922
687903
8105778
9465321
3069490
3507021
815679
7631963
7296609
3151943
7279589
7284581
1260512
7715748
4909139
7180295
7325104
2867061
662245
7389799
3933576
4316631
4600414
398950
4083970
6626876
3352772
3962177
9267701
4685271
1735440
1916886
5143202
9254449
9421213
4977997
5207401
2186383
6389720
5927451
9613811
1537159
4447366
5690126
2669912
4634921
366338
7824643
8834059
5302906
9869599
7127044
9264688
6065442
3050444
3375303
2568837
5145790
6130634
2354211
2080300
4374328
4934452
3720608
1705612
7759415
4374535
5816303
8891171
975638
985145
5359953
5386728
9501178
2319089
2544914
4091141
881957
2944052
4155004
3544346
7518828
5517509
745841
7256355
115019
7168738
1929123
4590899
6966858
4641154
9575237
4517685
942519
7680803
3858529
9210007
2534075
3057741
7389954
2104267
9391078
2846335
882316
5436054
9768072
9406790
5654338
877969
4006113
5249488
7915017
6755967
5339745
3514745
4966482
8781747
5824313
7205293
4445546
2537093
2605315
2775857
1315412
2326514
8650224
316057
8667843
1202006
5874387
3049816
1180685
6509092
3462567
4160960
1527791
9502114
3366334
9181368
6187651
7971503
9778321
3414466
1391836
1818356
3588588
1173664
8255649
3702680
3670625
4043534
9785580
1170248
9672098
5605800
7325170
4103414
1069273
2206684
6862031
2424248
9327086
789712
7271686
2794352
1003583
3919770
499717
4922361
5529328
9173956
4012682
6134893
2507965
9381539
3339709
1119861
7396917
9034245
5199642
234979
9444226
2738433
5588473
9241867
5615377
8808829
7988150
585940
4763400
785890
8433956
6228723
690670
2700836
7363755
7221786
7177953
7021310
5096809
4434335
4779572
3895642
4296034
5504026
1485563
8880288
6437191
8160601
1014780
8138809
5771402
188472
8557706
8485479
6203974
5820190
5169048
3672760
4039423
4360475
9454207
8232889
4646854
3592568
2745230
1358612
6768022
6641956
7490522
8919703
3497853
4185950
8885032
3952854
9485914
7558707
207083
7654091
6343013
1488376
2095192
4481435
3770690
6576699
9469555
9138661
24253
2085032
7449960
1597850
4092468
5416857
5415229
7618279
5952756
4351228
6055126
6667659
4166095
671664
4631191
5063830
4399265
1335780
8774692
9198595
5866156
6801797
5665168
1487616
3264971
986124
2286672
5982491
9093435
3576384
7600995
5250442
7311365
6603364
239180
4903028
554672
1932147
4524250
9207843
4023531
534257
3516194
1846848
5494699
2284699
3929139
8617045
1819452
8102395
7848408
1568845
5229089
3457504
8406873
7403584
4155503
3375142
165738
9971902
8154611
7400631
6201092
5393861
4989360
1738310
5579185
7782934
1155983
3241058
697621
2093096
9405604
2351520
3561945
7971175
6719149
5016754
4350598
6714435
8924816
1483774
7707491
6568817
9542651
9281435
5117028
4695914
8340949
5832517
377542
4504349
929027
3061799
8722177
5178544
8958300
9427894
7029114
4537756
5701392
7213698
45260
5299415
408263
6141253
9383438
2129493
7060090
2762802
460489
738236
6881734
1483510
5736623
6396350
4761801
7974113
6787568
3844561
9962933
8277366
6605355
2559984
9230260
7552272
1776998
6593637
9585143
4063354
1871028
5207900
1726743
5843210
4561716
1166436
6621823
4925764
4478846
9831573
125561
8244419
9556899
9779416
3000959
6584946
2310655
1328232
5535147
4542573
9972802
9176775
6053470
5096085
9813410
5099672
9858025
1867851
4738759
8565211
1084920
4567048
7146449
4800878
2832128
6719645
1156923
9444120
7965912
220978
577434
2588998
6270341
4273358
2477690
5248538
5840265
2830059
3582192
9972681
6163842
932941
1639638
8201916
6339444
3783524
4447697
8377134
148900
5587170
6443074
8940018
375504
734808
4583974
2637763
3206970
5330480
6368472
7846216
1384271
5137065
5843640
3357752
3986025
9943112
8739417
5895651
7328669
5693827
7077901
9227650
2459826
6685112
6022831
5553125
822095
3606973
3112661
2632981
6708803
202578
368585
4264821
1990758
3159321
8357510
9859702
4141803
9151739
8550564
8741457
1810744
2205194
6494464
8269308
872617
4547606
1636228
8867580
6563656
5072267
8024411
453258
1421529
3069067
5958417
7471657
2073653
122291
6324773
292561
2492167
2037893
3367234
4367610
9154219
7670347
3648345
5924690
6269262
5304663
8187926
7031204
9798643
308767
1464013
110494
104762
845218
8044261
2924092
4363587
455208
4327397
8364530
9023874
6453850
49944
6423621
7305286
3245009
6424237
1422716
1136109
4606811
9950430
6705387
5268100
6170264
2995176
4055241
9944634
7542591
7544998
5465519
3103988
5574925
9131619
2434966
8622939
6769356
4291007
7175948
318241
9798345
348051
4352049
1150969
3983611
1201097
5578154
4925850
9821416
7745967
98568
7266842
8411534
137616
2963878
182362
9460287
4725151
644395
4653817
2718563
7726326
9014640
6800978
4218553
6946677
4467005
3810224
5956938
9373583
335354
2602172
6999872
8468627
8634504
4137671
3964226
1253709
991781
3671860
2645689
4490313
9656197
7711470
1196306
7070314
7645794
6948986
1508544
8233482
8638050
6059685
3683620
466143
3286618
6619663
36125
3768441
4022203
26108
5330008
6806430
527470
2690180
944967
9310270
9443125
3249767
476291
1566068
7217448
3224467
2774578
1196186
1839268
6192885
4047738
2224822
7656406
5617623
8552473
8085782
4151367
4577428
50948
237998
6177560
3521546
4847139
6440393
2949788
500519
3611205
4155574
4207651
8761646
8407534
7233630
7758781
6984667
8218933
6148821
6857340
3404231
3150904
3205682
1816023
3916922
7310017
1688934
2891965
6579739
6353734
278998
9839279
6613900
8836831
4761202
9301569
2833922
8154858
7374932
7134701
2151809
5207528
8151644
8916763
706849
9009004
9615498
8445470
2990281
253403
8501158
7557584
9155384
6912904
9895111
6339203
581731
9070499
9026395
4670015
883810
5825642
4553738
7229074
3942103
572129
4375940
1520942
507182
453508
3457587
6400741
1013791
9955021
5482610
6766305
9781700
762182
490403
709109
6739840
4956538
20588
940344
450453
2783369
8778850
2531428
4041635
1699625
6362164
620956
4811557
6099028
1808483
7638473
3305081
6874037
1367754
7317576
4523873
2336052
924829
7255550
1994554
9251768
3011749
4655609
6077839
2919
8367720
3513514
4066668
3108244
8545360
2688928
8394155
9873013
1451273
9364324
2709255
9528795
2496874
3544437
2276703
9508025
4058532
473522
9080989
9182320
2136726
8652666
3185773
4877275
5709164
7485974
5621501
8922554
9912121
3877426
439442
4653480
5973517
7087329
2671502
3582807
2153187
897467
8811872
7662116
7864115
6688985
7269029
8846403
4333764
5837149
263134
7480956
5044323
7671287
7621064
8569969
4846820
479528
9055164
8927336
5597656
2874211
1801465
422007
2265139
7789982
8026581
5662678
8107521
733101
5605254
3968623
9310730
9167518
7451529
5472414
8323504
7220804
3415047
6388988
1039228
9532480
7095653
3737243
3512531
4466082
4298198
8316645
1179388
8745876
9811492
3666448
6132723
7103173
1458318
2713033
6224484
8771683
2814084
1378469
8325922
3396163
9943634
3632510
7731994
1701004
9180985
9908034
9445236
4741163
3518878
9365999
6540802
6679627
7028915
4586559
1569530
4734343
2480044
6361488
9039437
4619502
6228296
2061371
3636018
9463389
3816509
7997007
2077778
5858420
8934413
6167705
9725939
7597009
6108966
3461461
2275951
8197581
295524
9763591
1295400
2322410
9175248
316071
4289057
3942218
3105357
2641564
9511012
8476887
7312451
3023553
174796
4479504
7618247
1381823
268924
7341973
8950541
7899282
1388739
6110804
2881752
5832077
1568730
3488857
756096
7392885
3967272
930331
5858373
5766149
7698903
8577801
3179416
4169289
4179233
3354116
3268385
7536567
470933
6417396
9937353
1866650
2001006
451481
2768432
4737564
3902744
6322723
344118
5257296
5969304
6666120
5723389
6920504
8565395
5494894
941146
5481160
3605357
4524310
1787950
909118
5766614
6936144
572999
9563977
5381978
123335
3752705
7248578
6379543
3445040
9384379
6469214
6902671
3685287
915424
3796081
1813019
3665893
8264734
3866870
7517794
5976137
8407282
6853705
2054369
7084486
2887458
3998547
1733548
5469389
7355321
8156812
5436062
6908551
8479263
6888277
6810692
1767170
4436972
5692962
7564149
4944283
5263556
4231504
5359210
1530745
7471661
365211
4663307
4569555
3472019
8600215
4679157
6062832
2245686
6025388
9608734
8192610
6990836
9765947
6073714
2770814
9786173
2140295
5822807
5220407
7856958
1798530
695501
1396215
8632047
1804662
5862818
7543915
3439405
1755515
4472372
5427628
6924019
7171928
1598252
4779899
6799911
9696905
1733371
2235697
2010558
9078934
7616900
5910186
3682291
8576687
4998586
9874205
2601990
6424955
2326753
5701513
5619409
2212493
4386375
9448924
875913
5913036
1178441
7969714
611966
6113732
7047410
9022056
1136200
4471333
5083658
2949119
5836296
74073
8843222
3967062
1423998
1783132
2949946
3418246
7383884
8430443
6780483
2140234
8484120
524615
8173184
1228108
1536851
3682106
3797933
4386111
2293282
2056872
9514910
7698174
1272188
7933383
8139212
50191
497322
6954935
5473169
1882430
3072394
5497554
9881171
3950925
4144072
3443782
3524971
5481782
4831920
2444352
6338419
7846305
9734094
3026923
3176595
5716665
7425548
7777097
3801916
9311658
6795961
4660093
5943459
1927246
2975999
966523
7862575
5270732
1288485
2829606
3010842
4929881
4316094
5802503
7378229
9807604
1223277
1151303
2739269
2648844
7552557
944468
4533452
568675
7100520
8523238
7066237
8446644
5158846
8576115
3326583
9863191
694161
9419360
5836697
2143737
769733
5894334
9572536
356883
1587772
5366151
327561
2949787
402997
553678
3336786
9431938
4794546
9746898
6812083
3448621
5551302
8740016
5517124
8305823
565373
9256693
3540453
6314191
6856273
6640483
9752498
7829849
607847
2101145
5423517
8872229
2758940
8664220
3199014
4271729
7023941
9419909
8816878
4651563
6434106
4662770
1498715
199658
9587402
2169009
5055940
2536596
2556071
955889
5182776
3651704
9782191
5405390
8150276
3061991
4151530
8815485
669449
6531879
8131358
7336531
6516665
254475
2326133
7158709
3570295
6533005
4198199
9331834
1754686
3364309
4489749
7218416
8684640
9865565
8912445
4345953
4086167
8592133
8557412
9609761
3780235
4190797
6548021
2343440
4912573
3847857
5530809
1277081
5924570
1163160
6476899
6274232
9646619
6135566
6421210
4214289
9717698
929894
1602088
8502705
6406562
7144026
7082124
9019916
247201
7653638
5930609
1811971
7244848
4013277
9939268
1001764
755632
9142945
510076
5976251
7069861
2582670
9131102
8850554
4074899
3499738
6038953
225597
7247311
2086215
7720967
9291995
7742363
7430736
6493597
2561701
21109
1995175
8900822
5876452
3033232
9528421
7490795
2259942
4164898
5979798
9852898
3316208
3990048
1352589
4676573
9348379
2025914
5750264
3869518
459079
3986651
4667265
4573860
4952229
2282663
3665197
4297985
5853771
8525322
6742994
9908525
282825
5090968
9260373
5847686
7224224
8215755
1724182
1047814
8586245
8624127
7463104
2671093
5711558
1064779
5525783
2103088
6246727
6661695
8647294
6659444
3782371
6971295
5828469
138004
9282038
6092877
7975699
3222510
3637654
439231
1429590
7161581
8005549
599970
9800329
8496035
4304635
7459002
6372816
2570658
3600854
1616741
9815062
4187581
20025
9791209
5265165
3607611
564687
8124173
7028814
7202204
4719585
3081286
2985955
9872447
3578478
7306515
4626064
8355863
5725504
2987894
3954544
4206534
7389865
4981129
149232
5535960
6818420
38841
2700741
5045546
4067540
2517336
3803614
5552452
8051494
919969
9407479
9654142
2173537
6326634
7816667
7375386
6975410
5386449
4148877
7210354
4804006
1939324
9224761
3471768
7177083
2329871
992990
6608922
2773568
4497343
2538891
6057983
3612867
9647107
7097606
9582020
9093024
2667529
4379824
4664539
9126603
8040404
7226051
3855235
8730856
4912115
8924957
4312316
5942890
4176593
8881385
5831139
6116811
6193176
8001553
5643367
6542017
9619890
1775918
6128618
2683792
6543681
9574482
8845807
9840380
4533382
5757573
9223014
134656
1725482
7076942
8357123
1748394
884067
9206358
4976392
8127172
7285592
2238957
1650870
2465620
3576175
6668078
4182398
1177804
5163122
3421972
5634582
1676572
7027257
6415413
124729
8646831
7229222
7299063
2112461
8419876
2587683
1858646
1186719
6684957
3615869
8283446
9075201
8634966
2437229
2399693
8623275
9590866
5521424
2375529
3902816
4902980
1113302
4909435
9809955
5658306
9200649
9282799
7287301
3763548
8347961
4581346
9764260
1189183
33699
4523477
783476
4713987
9704348
8082978
8619413
2437586
7377177
164417
5912286
4794025
1765790
1686127
4922415
6408437
7769063
5767677
5619770
798892
8610208
4963872
334900
9765066
4934183
3667893
6218001
6709597
3820750
2053760
4754091
1678341
5327503
6136897
3752684
4044424
7165939
8366477
9398897
1707503
4495873
4966479
6595230
7146401
4829178
725197
6241827
31159
9803024
4911194
4867343
5583401
5713526
4315192
5869015
7749876
1207765
9964055
4543155
5920077
3606238
4530641
4151559
4394805
3482865
2751050
8040002
6547225
2443041
9707387
3461742
7745802
6421455
9394567
6561810
4698978
5380835
6910810
5700671
3233222
9871631
5717523
8110099
7163341
932128
6067905
4678580
8638933
700975
1426661
4516957
4251166
4752805
6760752
6619533
1701067
2065890
1544610
5926819
4215672
6158121
1714010
9112102
9506517
3982658
6172745
4393609
3754089
4316762
7962956
4498684
9909823
3443771
4311653
6435667
8225204
2470680
1901862
4120341
3964454
3087343
1822332
6020287
3122738
4964267
9194034
8044874
8524085
4794268
7307811
1485342
7238422
9125683
4551772
1911974
3339018
8467133
9786785
4683856
8406178
5553196
857799
7047997
53946
6202238
7593466
3039212
2207940
5376526
7373338
2902825
7479556
2989334
2085164
2436611
6238410
203759
3913439
7670321
1536214
8392356
9090955
335183
6406076
9026314
2618213
8878011
9377463
9974059
6802167
3951577
2209622
6929285
926628
6049122
9318503
7539975
7986865
6752830
3016984
4858795
9185226
897626
7068954
9904348
9012787
1210004
8292380
4735903
646656
8427433
5155207
1344951
2415179
4384688
1296117
9837993
5574083
7156194
9516687
1477771
2775238
4587365
9040675
520319
2601501
6783593
8945016
4323159
7247435
2863981
5227714
5458626
7386769
9361777
9970396
9337520
2237091
9685365
2495935
7907076
5468054
3927394
8333762
6232072
5884809
9995367
9232411
6187847
9112662
4583336
3775687
250598
7871046
5651045
2957292
8296315
9394453
5922353
2282329
3464492
9247307
5676915
4078657
3295534
2990215
7714202
7799337
6971629
8297275
3875166
960833
8491836
1008905
1773499
5786018
1977156
425801
5714578
1813727
9962177
617721
6511246
2457589
558356
1543677
6574324
7906728
8178899
3285671
7549220
5287826
9564723
8146002
7385594
3603025
9629314
4034044
2028639
6199184
6249281
5169486
6626804
5801182
6141870
377446
2487747
6377338
2697599
1591985
8863913
6350776
7486645
3926340
600702
7950134
5499433
5039188
7487233
4361332
4415135
6198465
6340293
444360
4553618
6053420
1052524
8342351
1579347
9081692
9261679
6337096
6736414
3448807
8544519
150087
4536212
2634617
4830772
8122625
4618574
5396613
5311752
5370252
8051109
5880606
1874224
1088495
6668871
99712
2469971
5592726
9006820
4326832
8616153
8535625
4811872
2063642
2845145
5126693
8278413
7326282
3425255
9721822
3350562
1069517
4110283
5192817
753665
8564325
837596
8287149
3505930
3849982
9680335
340309
1164380
5417464
1685793
8563234
8942974
8373297
4975674
7594439
8607328
5726089
8941089
2124296
2282635
1163003
448213
4464146
8905574
3212320
6769873
6526671
186471
8070664
6217985
2401418
9862347
2306465
5756763
4478571
1487986
2918899
876620
1776464
7361681
5708160
7866388
883463
4867876
4426699
147996
5828846
2615079
5231367
3965110
6058390
7971970
6480623
125021
1304607
4476595
2267716
3573966
8395732
8174338
6337407
320551
7516068
4117666
2709403
604168
4055136
2960914
791587
6369566
1178589
1429249
9706263
1467776
9299554
1963768
8006574
6411589
1019758
2280464
3881965
9008348
2652871
6234368
8208335
5071664
1420011
7370596
6907316
9281524
6229652
1642742
6129250
5771212
8475871
7066942
5494075
7390375
7861537
7318360
962033
1257643
7484421
25924
7497303
2789008
8877223
5676571
9537272
9600478
6470268
6008400
1963952
6506782
5268960
7820539
8313982
7413022
3121590
2149307
3322691
4731511
9606433
4376181
407356
9864995
6491212
5898914
2991134
8646594
8663165
7923064
5770885
6588847
1543724
2581209
9133147
1179173
9288621
7494057
2114352
8759156
4860594
8955636
9001405
3286822
2081840
1305873
9715201
8382013
781679
5911355
9797853
6244403
9303274
3795364
302794
4850422
3199803
8565563
2700216
6532749
962738
2745518
8475816
4469582
3425535
5694997
1139971
1326638
9399785
211528
2442297
1347709
2155508
902683
5312059
2196360
8896756
6138297
3555374
3022874
1682441
2114509
1303875
3486634
9476820
8315483
8631659
5247987
6534326
6235210
6386829
1057438
7860302
9107220
9257542
7109105
6538117
336372
1519269
5272433
3819895
2183797
6923767
5109182
3497865
9846351
9377416
4232713
9043015
5060108
195287
2787783
841155
2736696
5674494
828607
4276255
3995178
858890
1959373
9846541
3487691
1949158
6548342
1607060
8172245
5736096
6396017
4735044
2405672
8063742
9201041
9905968
5760278
1390941
5547123
7995413
8358964
6936731
7797839
2693691
8588836
4618580
6641783
7607358
6729492
2107240
3635933
8555643
7948288
6330241
977745
1641739
5802407
4972355
1165548
7690586
4537029
3397023
8126111
9211823
8313684
8683749
3939744
6183656
360266
2596898
5645910
6654541
486428
4599724
3084819
3611435
4507625
785680
5637743
9468455
9624006
1776846
4663580
8284155
9641206
2877357
1640623
9381235
7858733
3970698
8952096
1260817
5205599
4287406
2517065
3135182
3987078
2880825
550711
8802371
2649382
7210533
5004660
9552361
6470582
234325
60027
7899992
8282825
606666
8358640
3118781
1733734
6222319
2530343
443073
1172647
7667109
3075031
5964944
5434276
9946322
7275356
7311837
6595458
8330205
5611215
3702794
7376725
2309292
2241667
9053366
1023024
6848811
7817719
1133056
6838321
6424009
6761738
3176140
5816676
9255204
4544619
7786557
6007845
8294259
7028344
7779088
8845659
2984642
9231173
3091398
7645535
6537780
6278050
819613
742633
9319294
1799764
5443895
8455913
1010145
3198257
965950
4730255
402288
8662331
8446831
7162360
1489673
2470950
8068766
1816635
8777616
1972307
1890021
4682352
4543811
1811858
1290023
5431504
108440
5507474
4178968
2396994
2963745
47519
9835622
8938777
3439070
4391235
9337934
1165388
6321629
523643
721125
5630836
7349369
4593248
9321239
905154
1889944
9837595
572354
6860984
3706936
8717586
7921738
637321
3969846
6290467
9255391
5527616
5068088
4873654
2374081
1401735
529328
7368576
3185939
9812527
7835990
5155602
7393779
7195465
1458149
3315463
7522729
4255890
8419428
2301695
1206513
9450962
1729586
8613396
1948533
2506993
9686358
1867394
4757415
4470539
250029
8487709
925465
1217945
4425250
4558496
7413526
1583556
3828478
8625756
6345469
3414834
262703
8802428
9774533
3117411
6587561
5563396
120052
2131177
6972302
7753677
1068275
4050215
4695232
4811114
4258404
8059023
5278478
2558218
3357289
6026918
7952486
1825559
8480527
824159
5486630
842088
7702461
9589484
530097
7179332
3812353
3447778
4757021
2861313
3519065
3813011
2286275
1368730
9564652
6192120
9935947
8003829
1117908
9376152
4388456
1694059
3482899
1614756
8547886
7981690
2331164
4830115
5636820
2106937
6579568
6171669
4773382
2791290
7308036
6182592
7426037
3265752
9496800
3903245
5644218
7173400
5388566
634779
960457
4907174
6420504
6274793
4118072
7430182
8815190
3706735
2657314
8867698
4869450
1837690
1819937
2054962
1775432
9723409
8990740
1284192
5009417
125596
7846889
9108498
7856295
6925851
9561437
7574347
9405955
7615152
8796371
2828890
4554102
9977816
1275659
162973
6250963
7969759
705161
8829729
268200
8271625
8206176
463782
7010386
1052895
7876751
4943621
8481013
6688004
8699851
9366808
5566852
1398288
3790648
488394
5624097
6090270
1003313
2135591
2972741
1508513
7790396
9989474
4659742
2169000
5267842
295610
562969
720648
8140546
6473416
1782674
5117214
5825345
4930856
6877004
1525754
3522978
4643142
1166089
6678968
8701537
9145290
6202873
5421526
313486
2332200
4769167
3895217
1392809
7907277
8457460
5688018
3572290
5614655
1943187
7090150
5721530
2336980
9563235
4307920
2245598
134966
8819627
4088889
8844027
2034789
1260684
5407737
3167298
2558292
9846479
4940147
9185432
5494649
2992761
4753036
7279916
1748458
9935259
2800891
6593870
3193924
1666127
6890990
236294
7729073
3747284
9895116
696982
8483678
5773352
6242893
3768710
2889236
5828194
9520415
504343
6373751
5193261
3923205
7884061
8921889
405525
9846461
7388253
6870624
7454053
808046
4731107
9601955
2123172
2765919
7027622
8966180
227935
4665756
5614434
8036214
9423102
6323970
5782397
8310151
8311184
9267994
7251299
589233
288010
4808284
7868518
7397678
3937036
2043079
7122103
6335109
754848
3270660
5963149
840260
178723
5962128
7177473
8906015
8132757
1991575
7377701
331618
9591174
9655385
5308503
3947620
9338466
8375473
1083683
4793714
4204022
3840981
5401363
4370375
3362247
9844259
9496630
8355353
2003719
5079951
7810088
8784936
6432546
6467234
52083
861391
8461306
7744040
4502034
7535685
8443486
4443481
2980699
2075992
1501416
7206820
5586035
172832
4040023
9837914
2221972
5489722
7240131
8152730
1616718
933607
3312815
741716
2822608
1306622
1928111
7816164
2708346
3613839
7527044
8843114
8549832
9523589
8164130
8318739
1274457
959464
4203898
6290521
11001
6200386
3276298
9871076
9175343
5618355
219917
3697048
3775570
3572047
5162781
2149173
7837574
3731648
2187186
1596045
7669150
8685550
4539764
2029477
5187397
5558982
2686439
5764811
9624082
7988713
880774
2578875
3288449
456297
3646766
9824871
5595383
5350828
1750408
7876950
6343330
1187982
4862116
7442578
3410111
7144135
4078623
9718810
3289085
341886
1929853
634998
5314824
51776
5549129
3467408
9185190
1937772
4877427
2286828
2871596
1070002
4320952
681069
7345218
8275667
7374643
8471011
4254169
4705662
3668379
904113
7659916
2936805
6776969
6080052
2128746
4551019
9704485
5921685
2443280
8785519
6870720
8695907
5224409
3817861
8061383
1235782
9859592
1960645
8945112
2420610
5236174
7434288
9228517
7695831
2843321
5154929
2723179
7664657
4775865
2782117
3716036
1090117
1888910
1638784
8597408
7963134
5853230
3406386
9109022
2289792
8024705
1950889
9090087
8330726
7773333
2480608
4729408
9117615
4168788
3225041
418298
3925171
6469057
5549134
7224486
9539472
4838658
555146
1615746
3658483
4073420
3677486
8897000
1129373
29823
8258227
5300006
1058133
3675566
5422860
9176022
1413788
2738732
7529924
2955939
1436837
1535448
7334803
7123208
6436353
8475937
5705178
8211939
1746607
8552911
4778531
6569890
6176231
7912207
6328897
9838177
5880149
7550247
4172316
7202750
6065987
7714676
9211862
6774632
2721352
3448565
1009560
4832756
8011791
6736832
5392417
8104023
8361415
8329677
6547670
9689647
8751278
6653553
7015365
2535997
4114821
3929235
2212107
6301038
8419087
8769392
9440241
2389036
5300101
4014664
6644751
3401393
6727155
1658568
6767534
4652432
1566425
9443775
7766445
3842070
6691549
6895959
7408823
3952419
6929433
3516291
6392974
3745751
7636536
332612
9509842
6548713
2965496
958077
2124489
4609987
2113835
178140
9620791
1075509
6465278
223889
8093463
967246
7356561
6226196
9463211
6140042
2399999
6715094
1144982
2904982
3671328
8172056
5190724
1772061
8076992
1739735
8597776
3900374
9195005
8911711
447263
8581357
1778937
5234969
1228140
9808996
9950384
3699455
1602501
2399398
3408901
5978424
9326517
5904104
6142552
1809542
8816602
8736110
2227010
7805988
7825234
8646803
8966866
2638124
238403
3386862
5727875
8663491
1214505
5195042
1330007
9388580
645847
1900394
3095347
7190230
6098306
8229024
2248076
3637409
5637861
6155298
9834725
3743667
6937286
3254180
6407178
8322630
2756745
5249366
9477575
4816416
2697832
7103081
3113485
9380696
5266674
391306
840408
1361485
9880621
497434
6448132
8056991
4054378
926172
3555686
9719285
8069753
585825
6919958
4819759
5342831
8068260
8865429
393612
6719494
4397888
9415932
8135842
9996780
7194859
9377804
2628544
46400
1404112
838061
5362642
5526914
6932425
7624072
5050867
295886
9857054
8161715
4695263
3019970
177730
9520100
5593790
2047594
3864464
6572688
2071887
5066763
8382759
5528864
8297060
4047003
6899151
9716892
2208376
4049346
1667416
3757819
8386991
7352581
5298273
3310582
6575840
1504167
5834922
3862398
2066224
7624186
7434940
5404334
6704765
1326644
6132767
1564844
791100
2843600
8884286
4354926
9532327
9444424
4660130
9307935
934980
5218807
4013171
241165
4323194
977504
505260
5233860
7691481
798737
7458738
4468472
7432125
8133895
8728211
4255696
9966905
9574129
6300748
6695535
3635023
630625
6679740
4751897
2898759
2689321
7903318
7349051
7861082
8431249
7076388
3651206
9646944
3609508
8176359
3544316
7218296
4881916
2042138
1519043
203347
1251055
2188733
2768680
7683191
231384
8082388
4102967
431425
5349707
6222444
5220892
5999923
3535132
1411086
1728687
1958026
9003411
8484088
2052632
5045878
153940
4422698
7166614
6118127
9736728
1284303
1863384
7036540
9553263
6399351
964399
2497616
3241387
4572862
2281090
7969517
6970415
2580067
303806
4097649
4805693
4107273
4140497
2742321
4213406
5434534
8158044
5194088
6238173
4970071
6708667
1830052
5377672
640815
706469
4155020
2958127
43536
6201673
5825122
1467110
6242347
7390568
9544605
7412967
7632628
4110443
8972262
4863741
495543
8707500
8027925
7728287
6296470
1081642
982090
8888326
5742359
9379760
4338397
4935982
3416324
3443552
1057058
8080106
8270068
6785037
5125616
4834250
3523957
8079267
4702070
5565431
4098258
3674986
580172
1019274
7853503
5626547
8643329
4654764
7896542
8689553
3934842
9195425
3855669
4847253
4769754
1995676
3583519
8403242
9167416
366884
3917379
5977065
5267470
9322133
7980104
5531575
5467455
3192867
3206457
2814343
8870035
1794560
6938268
8030231
7807909
8140047
7258164
896654
4984640
2438529
5063922
2205033
1419697
7906297
4717260
6041707
6549337
1912167
7173115
287536
5853889
2373643
7502811
7291077
9523130
8944050
7968718
3577251
6020039
229673
3690887
748961
2810285
5484397
3888560
192837
9466661
8231871
7929858
9149016
1222635
5720430
9792797
5763858
7071961
1610577
77877
455412
2181809
8727273
1196969
7724960
9679411
6051484
4616840
4848195
7188767
7821458
5663690
8090187
1857443
9482565
3227282
8640435
37161
481030
454979
2381536
6032677
5607926
8613995
341618
8246046
2730877
4776618
3399832
8419112
3127620
9758042
1916122
3264101
5839737
9757316
8584906
4637046
8120125
9563711
7365245
8354857
7027585
9508082
1050246
8868443
1247123
156969
5511183
6195082
6169714
8306267
9533305
447406
8199223
6021777
5353653
351177
5620486
1585404
3289007
3363379
2426384
1577854
4931565
6582009
4613743
2503957
7520618
5340744
1746914
2177016
9875528
7634003
3592782
8242691
9711638
2030405
5961212
4538782
1913867
769216
9041797
381161
7589945
9016854
5557814
5370177
135853
410671
2882956
901948
5070325
2171759
1273581
6325753
6897988
531272
3506958
2806014
8878220
9703285
7530060
9067828
5738173
1255929
4991410
6734927
5333926
1069155
3004644
8337618
1897187
2603337
7742443
1925155
6830590
340307
820590
7344024
4136221
6455880
9607864
5249628
6846531
1533312
1748102
9041715
2404370
8968751
7735861
8466817
7285353
8160888
568220
8978941
6653093
645149
5086568
7609829
8865550
1730643
9020047
5906010
9158638
2685607
1935608
1098343
241724
531672
4783916
3693374
3048831
4433297
2783515
7930157
4705429
7281638
3035897
1864223
9498974
5565808
8567428
9918538
3316431
5503681
9025641
6840829
9869944
2089941
6820694
1526590
1959858
2848446
5664895
9710664
1795142
2151027
379344
8354787
4052901
5629206
2238465
3027576
8993023
9554782
2580800
8757302
304223
4374201
6559201
9202362
9691345
3325776
444172
50191
2090876
378320
2661844
1090056
677734
7183560
5094471
4728975
73631
1955512
1967137
3925880
6971176
3479479
3804123
3968559
5376364
7653267
4423920
4493573
5350192
2437542
3318652
9656768
2894160
1421058
9377456
2234222
9867638
775166
8500515
8035460
8589695
4331789
154946
8281871
5659603
4935022
1841129
6987425
9124126
3395323
8702047
3345360
8535657
3795945
604064
1183544
4051510
6406939
7229581
718916
7036817
9345999
7622615
7017353
739119
8931207
1725241
382105
1552444
1338222
22630
5359754
8470701
4289511
1097953
7578022
6393998
5081508
7988653
6991121
6547757
6101601
6554862
1450820
3954659
1949136
4700628
7267772
7736623
3805469
1643870
8739480
562325
5465135
351426
8908534
4478952
1274086
7133236
6298203
1972791
1657219
284987
6432679
1546383
9238271
4948576
2460799
8511273
2133467
6789141
9527779
6151883
8468469
3342337
8628410
5213554
6487519
2412518
6963741
724806
6034069
8359152
7270002
964468
6238226
9121532
1137514
7061627
4953810
7182482
1135516
1620065
2219105
4236438
997548
1631124
5627458
7098143
8081196
5515814
7193322
4432403
6660146
4447091
3790250
9022827
1676771
932985
4536725
1563679
2507126
6831541
4760405
688494
9592197
32671
5327543
6107062
8895173
2158340
8171306
3643901
9033079
3529398
1548065
3457304
9964633
3228370
4364666
3282804
9456380
1986824
4610343
2220321
7603558
5790060
8025325
4576542
8686335
2799060
6160663
9289320
2463044
1987310
6634075
3793287
7624510
9653687
5306926
4019673
4901054
3418278
6475537
1928141
6993070
3004600
6991981
8631341
5290875
3929454
9327681
5347361
5505204
7698381
1226171
1921131
7119427
1392502
1089827
9098533
7593574
6732018
9843018
4354758
5034375
8668449
2207162
438797
1405223
4816756
6619816
6608625
4686345
3952320
2489624
9648542
3932756
6110369
2585575
7216964
778044
5008130
3588491
4206319
8111291
8843456
3499335
4850399
2539586
9521755
4174442
6168801
6345828
1106497
8614086
4070374
3454087
5701522
8139277
8879036
1714306
3588727
4545356
2602242
8661486
5225909
9018702
7121037
4011773
7424740
4539062
1440213
737795
5180393
1069125
1426563
2209743
2147434
1524656
4295149
4536204
2016363
2096311
5000963
1310609
8977859
8690514
1280247
7544505
602524
8313954
1889176
1138108
1991415
7855393
9531919
3394851
904704
8900759
1729009
1369856
6739826
8561340
4598765
2225776
8237905
7460351
5988970
6556231
5312528
8101533
7342348
4371009
4869844
7139437
5948995
7286768
1397827
9581033
6138188
1291146
7824411
9417514
8835337
8160517
9690797
6785790
7314499
5966141
8525177
5608158
4106631
2655632
9130720
3807054
868723
2869822
3853838
7259514
1023719
9407140
6254044
2578453
8079358
5455620
648406
2049898
7017592
6983087
6315438
3054877
9213876
2910316
1438097
8795668
8032777
6412939
1695555
6982765
829812
4399290
9021141
4514676
3854458
2944239
9018470
3968210
7745241
2900045
7780117
3252888
4940679
3498338
5862774
4729595
7487123
5458478
1808849
3638671
6199607
5206654
5736331
5548037
4539758
4302115
9936192
8142680
1940221
7432225
4104911
1375593
5678472
6357289
1709537
7080337
4816942
5998368
410866
3947639
4954773
8522588
7361286
1100193
9581007
6964309
2172843
8951417
234352
2911645
6319332
2240775
3180166
195769
4171972
5355604
6721910
216328
8487456
7855560
9816909
8602056
5426013
7747590
8330173
8269962
7464325
1317909
8738262
3190566
2056625
1440490
8104933
1013910
2420820
6122687
1106353
7338770
4823645
8279713
2515255
3497683
5247998
4058382
935384
5760656
5881616
3310642
8178806
6230115
9410293
7057503
545846
5622023
2929055
2681594
869552
8759795
5577692
331465
5449433
8678081
3989322
7612284
8647409
2402959
2298377
1472625
4257587
9705947
1694238
8584728
5284573
2934218
18125
5379931
123287
1974279
2875261
1285160
5617587
6626531
3298856
3237021
3927010
3762252
7795951
8095009
1377878
5331198
8386733
6370571
9519273
6523842
5772890
1920231
2715784
910172
1390591
8471502
5386936
9122443
3288457
4808458
6365343
5016098
1133914
3524572
4408430
268663
1882112
1759572
4441052
3520814
7643759
6671670
8652506
1532747
4043787
5546664
5476576
8637629
40209
5580809
8100062
9862269
6502888
586482
5889418
6226902
6584837
7171017
4933372
4627961
2999399
55893
4750684
8660376
749360
8818822
949880
419119
8097909
3289615
3254592
1486015
4854198
8065768
5971241
1429667
1498003
8784188
2891988
1986567
8166980
8341342
947467
528714
7337655
8376492
7772262
3966329
9189224
9810353
2826411
8036521
9075628
631146
4186152
9024339
5720221
2468731
9109386
9597673
1889749
3287778
1908324
7309255
3932922
8619702
9017265
3415643
2719355
7163473
4834736
6089074
4029701
8042121
578668
5077260
5272491
7414816
8976689
4821472
1626280
4190214
3934962
5961227
934574
6437299
5094889
6717347
9059640
4231393
3125558
3149477
5214151
4411370
6700518
8815976
2855379
2222631
8126450
726051
1547180
7583848
4947887
5784141
3757651
5295966
5395497
4055720
1933923
204666
2162080
4556300
504772
9991533
1998519
3701200
7055048
3708493
2522017
6993382
1745849
7683875
4765242
1186512
9465890
467704
5217906
8215024
2799438
607516
443075
8989944
4379774
2817290
3095503
1132495
2485616
7281984
3239667
5925214
9592125
4319097
1339170
5189844
694942
8761261
6726448
5349252
5413645
5813227
6348911
6651884
3400287
2389566
8963180
2728077
953992
8301148
6277671
1149468
9059718
9188234
4525828
7837195
2127197
9640061
1271130
5797856
1749610
256243
7898864
1875044
3195778
5183631
6708334
8459010
525564
1018974
6974195
9412850
1583367
1546987
6657265
8651726
3628604
611123
3197553
3756557
4200604
5901058
6548976
6206535
4542980
1409628
1276965
6335132
9554675
3840489
8340544
1170467
4277602
8562478
3092578
4713133
3242687
4081148
5964868
2779469
742044
5102084
4896882
9759681
8187166
6877432
1201229
1361856
7350076
2774355
2708278
5456387
8511700
8837170
2830733
8090591
564036
5586918
6945959
981738
5308951
1488648
280493
8155973
6793517
8891040
6945749
6323034
7189072
7279707
6078622
277394
8260787
3085597
7671957
2262912
9784571
5839063
5797793
9138791
3405987
7723010
4611335
3982415
4340766
2127153
8014101
150464
5770149
2023008
2602793
707073
4801917
548888
3870776
8053796
2816744
697306
7919716
2739501
1121062
2855990
33681
1406967
8060472
9216520
2372388
9204140
5910703
1548593
5103914
7385477
7950827
2709319
2491434
2222800
5226571
2838056
9616415
9066821
2930518
9683292
9588343
1848840
2587218
7458323
573138
8174523
5570989
4579996
6303324
3589106
7010542
1900799
957582
9366725
2736550
217955
6179811
3119551
5677055
947153
7865251
9981942
688665
3759294
6835973
1659001
1074358
9717052
4900412
929860
6360250
9696104
8837277
6793972
9558811
5283115
5163032
3322801
9490488
1407163
3930805
2661802
2168969
9516532
9108009
5272789
9135060
3760053
1213283
6834353
5705807
2829465
7390342
1696731
6691548
5637166
6113348
4152267
850303
1855371
6852902
4927689
148899
3268202
3090364
618716
602351
3066323
5980710
6001202
2427489
2984397
4395868
7312445
262169
9265468
9692952
6677237
7547464
1433261
6172996
1959210
3572759
7916020
1836112
205179
1679873
3232693
1646252
5219864
9373429
297462
5482899
3475357
2673682
5295239
267459
4740249
2371147
5623121
6821660
6458339
2027957
2587661
936297
6711266
1266210
4279841
1110960
954510
6796599
5565297
2611203
2694540
1211468
9162380
7226405
2714672
5819214
8205890
8873740
6195979
4368987
8662942
5762290
8340849
9652799
641474
33
2230118
670022
4804110
3545124
5608339
1104754
4479517
3365654
9316311
2762814
7902708
8234134
4973010
9189504
5407754
1645591
3057918
9203006
3145321
467730
2898502
7607042
1323494
6793450
4212773
4401694
7186933
1501001
4936660
7242940
4509471
5003030
3263207
4035609
9496021
7005407
2862880
6193559
6652580
2280501
8944365
6491942
7193173
1784543
6470601
4360069
5211666
3440840
2873891
9373139
6239888
4023575
207125
9447575
7305280
8340639
3094871
213815
1715365
9304627
9473848
908915
6923706
1259095
7032805
5217162
4789458
6939293
2498251
5419001
3141138
2933948
3492028
4685211
6503191
7073990
7077249
3487406
7592458
7894154
2324851
1877064
710809
5045116
2908371
6471384
9138106
2460790
2642400
7823869
9114693
9227755
3590984
8581263
5003900
2702069
2309529
7921636
9318750
2702846
3463622
3259425
6746475
8246860
9204203
3621490
8167048
3410625
7532122
2037006
1827014
5092837
4827191
2449351
3612394
2828984
8261052
1713313
2879650
2296426
3986672
9813403
595210
4065458
3828030
4585974
1327239
7137999
4325942
6394756
2712394
712152
398714
1633489
9603617
1851733
2200061
8587711
229872
7709642
2472480
1052400
7799907
3758310
5198966
2869215
592006
4510793
3577942
3626601
579415
1075620
1818721
5443211
1488962
1333717
878369
2538449
1640657
4590438
6523082
3661289
1929211
5032215
5935893
8000716
351956
9609094
620158
4699523
9003602
7059114
841509
7457708
3953862
8527184
1004583
516791
1747532
2812051
2341761
3977053
5983666
6526141
3132943
7790318
6141430
6338454
5564510
1647755
2783086
5774548
2999708
5841729
3577212
1589012
4977341
132755
8089662
9179028
2111449
3492377
4315624
5530550
7211095
6836946
7531486
945962
6784101
8370209
3917167
2077961
8673732
6752414
3504874
6604667
6595949
2458485
4191559
4067198
9433891
1121798
1930846
6740984
9957814
4651884
1895872
6188437
8874545
1746086
705279
152557
5733493
9318059
9188035
8724265
1905716
1003675
5808749
3992305
9562301
6901611
4707997
181889
6197213
4753819
281404
8991767
9814191
2938232
1630980
3502047
7333940
597423
5438981
7495412
5025901
2127176
4832129
3381807
8982062
6358355
8573681
182138
4834272
89008
5499644
8806178
9649277
1551110
4670115
4564663
4661002
2393106
2691940
1689926
1389144
5472758
9360990
6435744
2808532
1228699
8981806
963737
5565758
3082006
8411317
8874745
8230746
1688896
1737238
4105738
9459708
5338533
8473506
9515771
9353359
7124279
5057613
3833996
6841363
5630799
2722744
1544617
2042384
7247783
9223328
5135556
2495857
9595480
3874538
3985431
3408763
1240949
3628990
947168
1275741
4287751
7947962
960433
2402900
8918802
7573836
1525097
3029470
1823289
2312378
2550407
9851234
4066230
5055569
600252
4544960
1103953
4137881
5080102
2435575
6523300
2663644
4806366
1934427
1797682
134339
7615742
5352310
3676442
7024280
6013178
2462591
8547713
1019179
5966423
7535031
319760
3883736
5746664
8902989
4309192
8045322
9345554
1921473
3749098
6170687
603933
1051273
1574828
2359782
4930061
9791382
5599840
9039387
5856281
4173797
2016564
43606
8490859
3186202
5767306
3402498
5838689
2021620
3194752
3075090
7973012
7116531
5783279
6603349
7958829
3427985
7674945
4653374
8237314
3480830
8701976
5382703
6368781
9443911
7673153
4256804
5724101
5789723
3568396
5376718
8159863
6002907
307302
6866005
1772089
9778933
1152981
574042
5492845
7977554
3414290
7249881
4614373
2717649
2938500
4346271
712836
1683803
8989067
8447305
5610707
3701088
3558587
5410128
4154663
8449148
2987662
926652
3566833
3279223
7752656
4454364
543668
5685226
8965333
7989954
8419066
3825998
9101753
183473
3911361
5119969
7235250
3812779
3841152
7361083
6862524
8259503
1604285
8901750
5624878
2314760
3921040
9277973
6756206
474592
5675464
7334413
5135442
5959063
2227415
1570233
4518922
7690592
755282
2765875
4395506
2958155
7316587
3022772
3426796
5985668
472652
4567366
3758064
5976723
6105075
1784115
1421280
3765270
2368551
9139792
8271930
4807259
5103204
3362717
476216
3095389
4088234
3004564
2842422
6290313
2166978
3608072
9619045
3866218
6827127
6878445
6463153
8342830
8169725
2143668
8472631
7886132
9435934
6682737
8724746
9255652
9269640
1728183
6835790
9702117
3584471
2803112
773175
738817
7818664
1245834
585583
51691
5813409
586703
8378951
4448585
853732
2120467
6640086
7060365
8621329
857849
7278946
1746057
7828281
600171
6578629
3285417
3861514
584303
6068098
2684693
895049
4235162
7630078
4242076
2549474
1017164
8465204
8190780
9687415
9205780
2397434
6658391
3451022
2981518
8560524
8327407
9552974
7430546
9876006
2822311
7169833
5106718
3394195
5242142
7437856
6848190
7154789
4888634
6613546
8414598
2244245
3698221
1211053
2600870
1173838
2548858
2810963
6139992
8436224
2754058
7566875
2814160
8711661
6398465
8456151
7907067
1586545
3958858
9598941
5105236
1054514
673233
7707936
7221091
5250132
2994518
744201
5355737
5784315
732184
2875417
7902101
6697448
9201971
2200717
4357215
1967796
2122389
340850
672001
4917894
9661668
5774055
877558
7503703
1216575
6075343
6915014
4122670
8940995
8354434
7041584
4917614
6671179
8177851
98941
4383958
4569146
9569144
1611047
8134812
5655802
3203905
3424718
4223443
9159256
2029785
4343580
1166516
1794108
4958109
6108307
7430313
1710457
6311539
1315283
1734394
7379340
1714928
541260
2824659
2660538
6746893
4483015
9172712
4756132
865489
4511596
7794211
6218119
3813083
4602188
6469889
8595138
2242276
8760641
3303887
7430503
1608319
6788965
7377012
3572487
7234962
7230230
1924933
5734443
5181189
3441066
4966024
4161164
6660445
795584
6736261
5716434
5797260
2000447
6112713
7303441
4151707
7291736
232635
5442288
9144014
3746680
3250304
7108039
923407
8665733
4281019
3460390
7825109
9117300
604771
1193708
3733517
5213994
1137252
1182511
4779090
1397194
5048603
9527250
1605514
2118943
6043948
8310120
5944488
7349937
9148253
9997670
1618551
3430767
6931126
3291707
1209245
675279
8873919
2270271
6070689
6773424
6306440
5206555
2051474
8346159
2010386
4504934
4992675
5074772
2860635
9602419
9422199
211960
2673549
6372477
7728333
3468642
9853566
7567071
5358493
5566266
9438014
8618328
8901408
2607524
2131844
4438880
9373394
3304007
7847111
2976485
2876735
3432088
2346296
3810517
3427199
9344872
1033222
9224674
4446730
3770039
1769477
9171895
7009344
7345030
2331031
4949171
1515709
2890571
930067
1364207
7758059
762104
2006240
2815711
2738573
4239419
9483744
814713
5348040
5396207
618838
2644499
6439605
5335690
4424787
8766878
5003243
2512367
1982965
277429
3362673
5539889
1825157
4663934
3510528
7689636
3076095
1166335
3191469
3636723
5126130
3152868
6991358
8194435
4672016
1197328
7469574
3096908
3665408
6546070
8094509
1076998
1542367
9712162
3399898
9543318
6824715
9922053
111027
7768884
9806311
4747976
1919
664337
9967677
463044
5872612
8145965
4517605
153561
7764697
2099841
9531992
6678738
3486324
4788564
8093472
4207032
6634432
1625564
4632597
4663253
8266518
2173
7531237
8047044
1466047
1555119
1823462
4968996
4082881
7244946
3207865
6949381
1890514
9877631
3324289
9249322
8032708
5636858
7930828
4030678
5455817
7167272
3802360
2565839
3150291
3140822
2714895
8343455
2878238
2493764
2346532
6349254
4593104
7433070
7270899
9845757
5293281
1115521
3973896
9133703
1130913
254389
5695521
1835385
9332778
1615484
9899323
9319703
89871
6442894
6047649
9787512
7344644
7122209
5804953
1488388
4222709
4939908
5599235
1109216
652752
9975264
9748402
1308028
2956348
5178936
8365965
9096650
3934639
9671580
706000
3128319
272449
7319855
599345
3321869
8388941
4308532
4741679
1557325
3645214
6532985
9166649
2753543
6873833
3911238
7933802
5619268
7186521
5486700
7090686
2461342
3640477
4730432
9450457
230660
8644749
6192813
8036293
5511248
9488361
3254701
9303896
7805232
5093024
8012055
4402345
1942220
1787347
9468221
6248440
4672508
6314494
9155077
2959653
8251963
8848672
7387245
5098136
1617978
113109
7680321
206495
6626258
5085059
9831136
957126
1663048
9017039
9612734
1703967
7380052
8003825
2428148
4673172
7169661
3284959
4984294
8927149
1607369
600837
7881805
2605642
428104
4294070
143317
9835864
6419767
5904199
6189863
5714981
4821112
7242867
1867720
2839675
7238909
363744
1871760
1188214
7924470
4638267
1797759
8846068
4074919
5270451
6549338
8054145
9562464
6124663
8409830
9467075
5987460
8511262
9821486
8419752
1091901
5291306
4562228
3109199
2952610
7503552
4091898
8957024
4261924
7675124
9094615
5316239
5523534
5954836
171510
4925931
5040870
9815038
7729297
7711818
396722
6174748
4849720
6706735
3846274
6412002
4015504
7985302
4744127
5227827
3558003
9435440
2666192
7882595
7168817
6581834
3242526
6995013
9867984
7263106
9360963
7265478
2870575
3008929
4337003
5363465
3986258
2406281
1948563
3689277
3907681
8412558
6656455
2961805
273547
2711846
1486708
1273751
5244538
1078307
676772
2549131
1002058
7527707
3186828
6873492
1769111
7861770
3342248
4049194
5788988
4581189
3000857
4196147
3514594
6863427
9192544
3500673
9452693
9579033
1341352
5692636
2116131
5137588
2921629
8951655
6071121
9140689
5167373
4751234
6183034
8008562
215673
3273179
9322234
5217818
3786272
8026991
6812814
5386337
8041182
340952
5443316
5441623
2278653
5399588
9822792
7700433
3229225
6679021
5920347
4030025
2249447
1583943
1235754
2262574
2676109
1805950
2167001
5456822
4676651
9670189
7286400
7326594
1776930
1487411
47172
8207239
2139504
9816459
9581202
7831653
6692010
7924720
848251
3032490
1383476
1827349
3648025
8677914
9251636
6487260
3782321
9301586
5107779
4323194
5299873
1464580
2821303
3457300
4113049
9871876
4189733
7632058
7857520
4562800
6882508
5439129
5988474
1741702
135065
6877997
2962870
1142218
1710457
1553781
6964213
8523246
7455202
770837
5076525
7373498
9760793
9519488
2149058
4445555
5182368
2251031
8650952
7134623
3049087
3770710
8559763
4931912
8592146
921804
2054788
902172
3520415
6714716
7897397
184467
6963206
6978301
3954035
7911264
5180076
6233534
5971415
3560221
3439077
1200468
7732029
1911054
6323890
9276013
810025
97491
5639570
8255519
2675028
9235
6204553
4115236
4548584
7359649
3868421
7725665
9226083
6975282
9425618
1245524
2871044
7743304
987103
4889639
3212903
6058157
5292095
2772930
3980928
7908554
2506017
2560220
5464212
184597
3622236
4764489
605405
9342178
1662663
7014594
4930467
8330236
2523816
7973971
9992443
7257999
8006656
852122
1704141
2843214
3177061
779658
8378723
9583477
715795
5992638
9149053
2748272
4378412
6212538
8119340
9520789
24067
3272012
9876199
761155
3767481
9550082
5553983
7544322
9501329
2694677
7579449
58121
6498487
5198128
6413509
2214839
2839365
2479537
1132121
2570830
6374530
2378005
971987
7271723
1760166
3760275
4793803
618727
2753697
2650207
7414143
904993
6115142
4929142
9787834
4904794
2996976
2113863
4008325
2472653
7394063
7910450
7244301
4208264
4692499
2607615
9154312
6456800
4694884
2295600
9142456
5746014
4772995
6860723
808444
8277213
4780629
8498291
1084572
9514515
4408610
4119547
2214720
671945
6259332
6389309
2694582
7722297
6115216
3418894
697595
50968
4064923
4743703
9775314
8162633
3029114
5730559
8031056
1602262
5621710
7877738
8567667
5361221
6720522
4416817
1404503
832418
9380206
4941037
1939780
975813
9175428
1874809
5338546
9242367
228171
6013943
6776922
4483202
2271048
2807798
5838209
3221005
1746410
4602115
4087829
8765698
9076181
723423
2561321
3311715
8963678
8536820
4044847
4991063
6636384
182094
4640654
5310281
9924152
4535584
9684920
2974590
3734618
8120566
7846144
756562
740643
838748
6614861
8187358
9836092
6350289
7855202
1086242
1096360
1620404
510
3598673
4607913
5732118
3067117
7627048
3908068
6960742
3345484
8940626
108052
9363029
9541348
5881829
2176201
5340690
8667240
2877276
6558077
2754621
8712631
9204877
2074645
8357930
5160086
5463186
5769499
8869167
6002864
9315251
4295299
8343026
4302259
5759558
135034
3585214
7768555
924636
8495664
2899419
4691837
9059330
4878457
2060761
997737
776896
9903168
5453095
5623656
7755721
6084935
3889724
3980703
6208874
1831197
8840572
4845034
899186
5418530
8803884
9770068
1472588
2249610
5365556
4688004
2213922
7701842
2925641
3432724
7118750
6540077
2305560
9857712
5091689
7738254
2009472
8160437
8235590
2048095
3618588
945561
2728663
4110446
9881681
7326108
4214911
4793296
7624327
7246497
6302997
1480204
56744
161287
3073359
5980280
3792015
823178
3090882
2526646
6971087
5307751
6509606
3723284
1673996
2038430
3635888
6247318
3238091
8023486
8827353
7449205
9166061
5738317
5703500
5115334
3773160
9079762
1814645
1824656
2255988
2179469
5686545
2681393
2231100
5711049
6599399
3276604
6949480
555626
6447527
3502268
5340412
1434203
5900260
4665362
3105250
6388207
8746123
8946956
5736687
5150584
659031
4951550
9376020
5036327
6861346
3445565
1451999
5323466
8028849
7822509
33211
3389530
8877591
3505415
9348598
481085
9361610
676550
8408582
6725528
7776096
2550661
7727259
5828234
6303754
8255831
7203750
8987756
5516079
5802729
6479182
2481585
7345887
6837589
6467814
524945
4701962
9334144
5545775
2353749
3414678
2290993
7464842
484259
9080061
8392059
8104248
9309681
4411061
6817189
7777859
6853815
1926212
7964694
5552524
4395932
2494443
3468891
1506105
5936703
7247028
6084142
7107139
6520167
7695579
9331097
159091
8622496
5537786
8130576
6325589
8740407
3087415
6270978
4854725
7661178
2174479
8922530
6985250
3542095
3491695
3901472
7200846
4727885
1446184
9496778
9346138
4732255
7748216
2673780
698471
2816144
66751
8749286
6741359
2187501
2815479
5888032
9481584
9794263
3225211
6430350
4259159
8852266
6541944
6026906
7976825
1352039
3931225
8472846
5237438
5189675
182366
1522457
2868374
5324229
230225
4441500
7760384
7536038
9390458
2444347
6660015
3736723
824768
6364380
5468901
6552590
1642030
2819654
807193
3972702
3984184
3080548
6836983
7471395
2014558
7185200
5203620
6659408
4067564
8559428
7806840
3528036
7299257
1792938
1224870
26107
3198216
3184398
6544857
8735068
3008495
2631460
1777524
5480382
1750275
4649282
1895510
8700985
2772733
9154396
7810479
464989
1662797
3322851
5808022
151977
5561879
4771353
5278645
1315782
5522091
3555980
9669186
5008068
5726721
2392386
9100710
2809532
2997405
454467
9091096
6005163
1341991
8415972
5765625
6939520
5768309
7361266
9020948
5896858
3644533
4411895
973781
6135515
7655616
2573927
8989823
1421105
1393772
7358950
7837612
4584665
2441266
8736355
1752839
3094370
3801205
1975477
2435976
4993039
46965
6933786
5112795
4536028
722262
5274573
3353544
9350225
5580345
9890477
770541
8344015
4447567
9208196
9118470
9675143
2958050
5239698
390654
2910069
5871440
9045727
8035162
6825873
3588553
8530377
3010603
4069285
4421429
7267228
9277349
9411104
5826666
3078599
88572
9058516
8885872
4505663
5915167
6069824
8228801
5945582
6311615
8487469
6631741
9127139
7785901
7928901
8734549
5470297
4707377
1472692
4347930
1044380
7580420
6238923
6174993
331291
2404096
6296226
2845630
5914361
420155
8894497
2876306
7756230
676570
3299360
5980610
6054542
1892829
7254161
3598910
2052439
8171550
5803992
9123414
6124090
6474010
7224290
3445569
13644
5515288
869599
1118141
5430272
9600860
8113070
7402946
8356418
3722983
8918612
7997686
1113002
5653029
2624326
7317127
8694219
832552
587379
5138980
8793510
2554333
2352023
5947357
5317523
1008023
441034
9671939
9194567
8777029
5310621
8119482
2026990
8872800
646502
4142281
1926728
5156754
2956590
5567803
7684620
9391774
7734673
5712342
504654
9917406
9723449
8587474
8788878
5359218
7453580
6841337
4945490
2018349
2659028
4234166
2501621
3649028
8726349
7318408
5142521
7500407
6738554
6972732
2304122
5894596
293128
3146032
239210
1333037
7162238
3883134
1680079
4331985
3321572
7371915
317648
3987226
7252781
1229036
5957564
173869
486319
6050601
2195900
5344183
3019063
3145054
3175189
8870770
7727882
6056995
8225470
624154
507218
787412
8417928
163829
8154596
8680586
6123813
1487558
7968260
5782265
9014815
7324110
6101085
4663425
8772396
3500425
2496515
5978125
6826885
7218762
3068983
991325
7237470
9322538
1968691
2315393
6902082
5354947
4747301
3943786
6735244
7153636
4031329
5976818
5145793
6742339
4580513
6324512
8447767
2840973
9920619
2581598
4566982
4582268
8045752
9837192
230563
9885425
9511703
4369259
2030408
6895400
3022366
1210905
2739502
1102922
3073830
254139
743669
898971
1880226
7816930
8375674
3598823
5161648
4511650
1083059
5260188
7948166
6954235
1372306
4345993
257533
9142322
9389236
5443695
1811025
8732230
5667811
1083766
5514428
3069798
2682124
9366796
8988972
632765
5967251
8767130
2416573
1272022
2399662
1576314
173958
3558677
5979330
22830
2289432
3319124
7462849
5088650
5875621
9736302
4361585
2999026
8658364
1858022
7383760
2016552
8948921
6519097
6735560
9432992
7635007
8318688
3951637
2257712
6874128
1522599
7681049
7822574
9051238
2621034
3072895
5797554
3332576
3813313
450163
5336377
8411526
5350972
6980972
5141310
4211675
1530052
8533032
2346597
4696026
149201
8004746
5778454
7673359
2557453
7912169
2109972
32010
1765999
4497200
5435120
6990286
2256345
9566458
7600637
6164251
5800443
1006167
1833815
5585558
5961588
1696012
3178514
7385123
1266863
3930464
8833184
2615328
8404178
2697995
5428549
4407250
6621649
5036739
4412274
6981962
1521813
4254657
5903949
2998978
1774899
9232101
3787017
9685268
503744
873839
9143207
546695
1134357
5629175
5385110
5478221
1040398
4295912
6151446
310043
9413703
4808946
5271961
4444791
2479225
6345988
2423817
6202658
5846740
9290551
8938788
8697770
4181038
3760003
7793640
8987957
790133
3474108
1357104
1784511
9354360
2780439
1561952
9679841
7534439
5074178
805778
929841
4717048
2009450
9104431
8695919
3734833
9036361
3692843
3843568
6800682
6811456
9746382
9264232
7468797
1570705
5397135
7765691
4439312
5454500
3785702
1326540
2982904
8899997
9085985
8191605
7019849
6091412
1827305
3700401
551826
7305660
3711889
1844405
6720942
3038750
7965662
6849343
1390693
2229068
5068323
3611466
2583780
6012637
5824948
7048669
3553756
6884092
974216
2332452
9896485
3223565
6337688
8095920
1055369
3885989
7951211
9972302
6583159
3780739
7138809
750647
68162
2956793
9633898
1094254
6126297
166798
9487813
7422155
6325841
5993004
398235
4842876
2616781
3674798
6386335
330992
5398539
2799385
6677441
8578379
2958167
3685377
1926390
2000571
9498218
4451801
8999106
196873
6338033
9118365
7514870
3560789
5567374
9027147
1751325
286029
2409878
2947007
3992198
2365512
3790041
1064617
5136644
3706879
8897049
5075362
8871650
2917305
3958906
6694187
6665244
624423
3998453
7587347
17684
5586275
6882300
3323177
2121790
8619833
4818108
8795308
6997663
3912207
6623270
881266
7142981
121068
6402536
9506879
1792801
7361776
3308741
104260
1712282
2701126
6820940
3843403
1188464
3754240
1045250
1244626
9562452
1714390
6079667
7433704
1043245
5163588
3894791
6523934
9199760
2618980
1252343
6850889
5108664
1940355
4711782
8976582
5334001
1255361
582609
8184698
5696596
311632
4853873
9612222
6351289
1678161
4835744
8957914
7392486
1891617
9490643
9278989
4352585
3519527
6425989
6769446
2017973
6634543
1548695
1483426
3960087
4485652
566815
5946477
7497578
9641616
3936077
3266839
605457
4883605
2766998
7765848
5514167
3977048
5344496
6078157
6607477
6174745
8122192
5540898
5418754
1101166
1642452
8944216
7903227
9541742
9031724
4191229
8690208
4530224
306970
1940862
1481699
7011105
2558435
6849432
6037395
1199308
5098384
8196197
4955455
3989338
2848987
5678858
4920383
1284330
542657
4103961
4674550
2958941
6701086
3287652
3298346
4753101
657257
239841
8740767
7013330
1892696
355734
6447683
1708732
9572189
9127410
9708407
5680168
3239992
2720662
4843436
5458440
9447890
1297054
1815943
1008785
9651106
8465799
6585750
5514099
9862330
9608335
2271257
6426688
1799621
1414949
2801263
267198
1040527
845792
5037233
6921206
9046715
7981442
2364796
5444988
8524071
5136632
9807503
8363372
6370274
5130010
1901346
8431804
8367860
3823758
5546733
9402256
5473802
9300415
1873844
6297848
8128417
480950
2260040
69313
2928813
2882459
2341166
9469677
9432444
338657
5139692
1647839
1663371
8978347
6529810
7902684
4045242
5412311
6943401
1306813
3005701
2074980
3629302
3151902
9885979
6777257
1685978
1613389
2355662
3011671
5514427
9082962
1634693
7477662
1247699
11211
7973211
8483989
2619397
6135740
3704606
7489210
5270631
9344368
4520055
9010477
30904
2715740
521277
4304706
2187921
9707582
6960197
2000451
5768635
7503094
323976
8969102
4731716
2335007
9008674
5865478
9333232
3168392
5000
9369981
9793001
5389865
6785568
703358
2123872
5927815
6150344
9993719
2854815
3714966
5939306
8640310
7376001
2836942
9018550
5602966
4509783
2175948
4271285
6327630
5067976
2484241
3231575
9286883
4511738
7879922
5270084
7799633
3340779
2974909
300441
9746027
3932974
6835595
9163057
2046324
7818467
423968
5803558
1861178
6344513
1238597
266539
4589159
4202104
1950073
7426375
1375730
8710125
3493663
2855281
2625036
92516
574941
8274249
5426420
3252128
8692380
5891385
2131211
5643865
1225789
1976576
5423870
2291648
5422282
4480633
6103907
5266350
7184235
3710826
636723
9867211
3811406
2241888
3425996
2311177
987783
9040349
9708216
7326080
1221345
206377
6434053
8727378
9766447
6943943
2399568
110249
2309408
6484954
1583180
1271234
1176573
7007945
8417295
460140
2491915
4710281
3372712
2783669
8341976
4308569
384297
1252954
417960
8349379
1317666
8131460
7576988
6764670
1700598
7615427
6933219
2425604
5128835
1846551
2619268
7328385
6911921
1092685
2082562
6336031
545916
5071909
3085113
321575
8316627
2437726
6333364
6023447
1117217
2999289
4149731
6889106
5747338
5329678
9379453
9643601
8235914
1883648
3180127
992384
203631
7175481
7330671
6669899
3659582
1605479
8376136
6527845
1273904
6020256
5569973
5324592
3361922
1056260
3170985
9166161
810953
1119342
3948517
8941894
8063081
9996481
3069194
8955184
465022
484354
2366026
3640661
8796074
5541527
3699331
4928435
4069226
4290424
8804661
9936258
9975370
1010909
6620894
1206925
2003578
8419212
8157735
1221737
8305870
772399
5148151
3890532
906169
8435287
7183127
5976065
5442943
6860318
1061344
7734878
1741092
1352000
8836315
6546183
5865777
4724399
5284644
5450771
7261579
7782074
6419762
773841
6553628
4343918
5194787
2062943
7378781
5101157
3600284
9569377
8727964
1918528
4860512
5708438
7645349
4891120
4210289
3103833
8038266
6165735
7168164
9462589
2313624
9612601
7984216
69234
9401978
3560055
2121966
9525842
788303
2434169
6834578
9562292
4248867
5030281
1391826
2906411
434367
1861520
7295676
5531641
6109440
2768555
4017421
1455440
7757964
2339397
9026331
6579434
8312713
6463612
3199611
3442640
1590523
3065896
3930794
6817500
3926321
6877658
1176941
4379159
719680
1155304
322145
4658073
267684
1175480
6013136
5415477
6100151
4961498
3052760
3963940
6565529
8563370
222556
6916885
3426100
6169545
9339512
6785125
6524868
8524402
854124
472051
7940411
617496
4586098
9529969
6096215
6932124
1633397
7566295
4108915
288149
4903440
5350991
2959710
3330729
3238686
5138379
8980782
3561309
1269504
4624473
9014764
708911
600213
5679725
3238669
385482
1249016
6149678
5388055
5350826
4989048
7310862
5796665
1960896
9364376
1464805
319037
9942840
8183899
7306869
1495192
4484383
5582026
3825174
7704112
6263999
4035706
5573739
8617802
8958956
4225139
6956853
7326336
6507952
3175727
9657452
8246286
5273349
2933854
3827360
4006957
1873484
9910306
6738303
6123758
3980706
7266503
213242
982730
7909522
3933098
7230933
4093706
4387600
5784701
4222599
8423228
5864209
7609665
5679727
6403076
7989437
4839335
7445514
5554768
8975441
3532002
7868073
618934
7495638
6446054
5263721
3686454
5888449
5021614
8773029
1574074
4262476
288373
7823794
9961306
3566354
2408526
9926298
5351620
5525356
1139367
9568048
6727918
9553314
6024172
677125
6038984
8045519
3842677
1369566
6426289
6334202
1313317
6104321
4874227
8846173
3295735
6169056
1913304
3991576
1713615
5236115
3943896
6709929
5877513
2683090
8113306
3145843
5102127
4571710
659609
5375156
6179341
6648917
3908198
6234857
8401664
9591404
3618527
7421085
2266252
3491101
1416765
5030467
8052550
359036
5474881
5312699
7263982
9259952
5830441
2331257
1565936
8294175
7317453
4871166
2941282
9325458
6284867
6137097
6082783
7840773
51247
1502375
3284849
8285374
9042201
7416318
365522
6949153
2545295
6168252
4296657
367943
4919120
2314787
9811196
3279482
7455183
2281833
210419
2068747
2648826
6563765
4235619
5654174
2934086
4981886
8950559
1331876
5801467
9770104
6135894
2824953
5331503
1371384
2484128
1420458
1711627
2792937
9967121
7974156
8122598
8884716
4576393
2799759
7121291
2276141
7944460
4742548
2012200
5948211
2186111
2154861
5474937
6997612
6635954
5225872
1478951
6894002
7217549
4491725
3710286
2087108
7194283
9791129
3544147
5973971
4505565
5565072
8357209
9458919
2855571
4755009
9959874
9798999
1955601
7598933
5832578
9069214
2275453
4696895
6098809
8253330
6721328
8203497
294178
2190601
8931360
6843120
1982289
4789928
9739891
8530173
6183205
8354664
7349488
2644300
2942722
112193
4695752
1221472
2109136
9266045
604034
5285649
5196055
8326029
4404245
4188393
3723675
9455082
292175
8912087
5176700
9322235
61684
6868018
9796270
2877973
2834473
6996274
7381408
6540633
2988572
8428086
8527675
4298253
791259
4155116
2957583
6973784
7736928
3574429
3267698
85680
5985242
4275867
5768250
4099958
6046850
2445512
3955480
6315290
4395412
2807354
3654190
9959143
7791408
5374324
8866359
7517133
1084886
4995996
4630411
6547932
5989457
4287131
5819785
1303456
6069694
3494685
397426
3995362
1999073
2289404
2219147
6389532
288523
400822
6127100
9526288
345877
5773716
7586275
9077839
5683656
8178449
5932165
3145073
5445455
1376965
2309132
1945389
6633219
2089738
5752524
286088
8702788
2348830
8506538
6301507
2347294
2193521
2300127
740493
373479
8380057
5297907
2400501
9784096
5928091
2185240
6380702
702067
912848
7442141
2891991
1755126
3893306
7821440
2166416
9675495
3758835
9448261
616874
6885151
24573
8543440
4479136
3918472
1383756
1410615
576071
6213263
6524114
776512
9283859
7035310
2166592
1738915
8944915
7334138
1409624
8005359
2575146
5829914
5067362
7069282
610937
8584503
4239752
837872
6569495
3461936
4746146
3281839
3083791
1214548
5267123
2735448
5598222
1252732
2628810
4624239
6632846
2296090
1963040
5164599
6231355
5828425
821163
1098163
7173351
5483901
8412067
2365834
8994174
687611
7872232
7646335
9416485
1881269
3331063
422778
5634202
9672099
6673948
6309427
290554
2308264
4150594
6998563
6717011
9265355
406389
7560501
7251164
1682088
3823496
5258275
157558
6209914
1739834
4656849
3348484
3472876
4754246
5765055
7922760
5369097
9455269
7787772
8827836
3632292
6645068
6616901
2184027
7652144
5817457
2955720
2031260
1199780
87946
6068906
2581758
3745157
259467
5187965
4814857
6680478
8552445
4285976
3493779
1605316
461854
9381760
7357967
6027181
2147867
9393204
9543698
5690366
1814221
8342008
201055
5300411
6369085
2496682
574214
5785179
5871442
1812063
8268375
5324819
9948097
6506599
3311211
9304271
2367124
5692225
5366567
5079511
5873499
1893518
1967946
6978467
4199982
7974024
6242772
1932962
5262656
1655797
2914257
9600573
3035121
8370210
459767
5544004
576931
7720601
9787939
9069075
7012796
6919910
3785122
4208010
5177362
120632
7761723
2429831
2056723
8003295
6708012
3505815
4866725
595622
2712067
6086783
7252349
6518551
4953524
1523938
438480
1985045
9572042
5100222
8618220
6918737
8129047
6316577
4080141
630190
6762220
4775972
7047170
5931914
3472732
8059191
7151980
5063027
8443309
8389866
6566751
2139006
1529707
1891578
7209201
262757
3221067
6447032
9285886
1660056
3930495
5238190
1362708
9842647
8424241
1784464
8882001
2232769
7428508
5293376
9127062
9805772
3335005
9353830
6359374
7476716
3714119
5675814
8767736
3206883
5028794
6064529
8990193
532188
9748908
2207757
2832261
9779471
2824294
9312389
9998964
65373
2081121
2191787
2376808
6833219
965669
4716967
1379481
1363543
1809226
9156766
2055831
3474551
3623447
23012
30926
6355298
6167179
3599251
1189995
4585284
6047753
2965762
4175728
3905311
9283481
9848017
5869736
4116731
2817827
2660576
3106873
7464189
8445138
8028927
9238578
9971451
5315490
8752764
6594820
2781737
5329488
129745
6960176
7267203
2503714
3455118
4554020
2574936
3180639
9735238
5820180
6160110
1874623
6676321
8451259
8638257
6488199
4191727
5508007
7882757
8262875
5912871
8461091
1001274
4597898
894740
9497526
9082307
5921413
6581071
8366202
7604689
1351376
9821569
1540183
1867242
7625593
3318831
2589686
6814225
1130034
4680212
5869745
7051491
9808435
1335921
943083
3629388
8740005
6028541
8706530
38844
7743720
285957
5670725
6808408
5849217
8918841
8629698
9455973
9120353
503254
5227380
5979809
1712020
2010445
4557662
1101466
6828098
5184941
5420417
8153147
3088541
4442927
1848185
5187992
394659
7486991
8149329
9876084
8413344
3400380
2964997
7566680
9596483
7070504
7415962
3994130
5451337
5154285
9070930
6119151
154572
3603655
9404904
2431352
8327402
3511503
8387402
8227346
2174913
9903216
8254368
7192132
1397666
4079088
334818
4119212
7588911
8365280
8398720
6016201
6775591
7588106
7670630
4683203
8803259
3820902
7773849
4287642
198705
7902857
4995285
4397291
3020242
843730
3864552
7238640
4287516
397143
6921077
291838
295769
3336743
2214005
1776703
1603160
5826588
400887
7936727
267731
3081198
6640777
1342963
142309
6433943
3950413
1612142
995170
8342014
6553946
9994743
9408237
3851170
9089120
9813817
2345049
1288797
6552899
5657242
686902
3855786
9158648
1272457
1389174
3770281
2141092
8816231
1011241
8587622
2611499
4798874
6981522
5013190
3724019
3486112
9083290
4708285
8608691
2403372
4282661
5001090
2198542
4909384
752957
9043676
5815160
2229073
6525720
4701865
9634570
508378
970831
4265279
9027302
5924500
1998101
7443184
642444
489980
1423871
3547990
5321886
486752
6977156
4174291
5775457
119066
8103006
9513727
6218694
7545847
6151574
1282912
4269817
9948485
5235421
6789011
341212
9514672
5395694
3598738
4331056
4705702
2663888
7430819
126243
5660307
1277772
1267934
5609526
9048681
7935105
7643210
4454680
3984491
6951130
1630519
9458442
1962606
2728804
4764293
1086109
946317
7254366
6594893
880102
2942999
6206874
3103328
3409
8216
8660542
5692946
4688749
8405004
7945116
7113121
2512526
3686373
8210798
1109869
1041327
1886370
1891290
5174071
6644027
2996670
2435896
9668823
7198351
945804
6805492
1036808
2989559
3205390
6764175
8051859
6995396
5456901
5388647
4954536
2184969
3978184
9898895
8896431
4850168
7984006
1975543
7311878
1570804
1818490
9726874
6190945
988763
1159894
8838417
2247363
1034634
3148606
2354097
4156646
5302138
3724262
6348902
3272102
3602160
4707995
6819350
6438419
5097229
4226546
3722131
2293488
5956918
7785022
4048986
4669486
7544695
8717555
5778538
3246730
3583890
5194131
10290
7765807
3037470
3205267
1562129
4551873
1460650
1637022
5156897
6347517
8180478
7165858
6273128
4048374
5103524
9420075
7522126
7595690
8225373
8812922
1070020
4424882
3510454
3972977
1933090
8428729
3871206
9841753
5456324
7655995
2467760
1954459
7052954
7808201
717756
3186143
3536422
2867603
275
8772745
2547202
3468179
8854850
9562135
3217207
7588534
9649537
9726913
7059401
8465833
5614404
2240919
227680
7393299
4253845
2893164
8018383
2667351
6429156
6112939
7093489
1851443
6497786
5381513
8981016
1274792
9460905
3165262
6907520
7392972
3475758
1774302
8211536
4060271
4347910
7092850
7600111
1320486
6972411
8491082
6108806
9711083
1925696
5107314
2623136
3581027
9738762
6130847
148908
8019655
5788616
4941591
4993215
4728571
4174936
9880099
4537722
7062719
7216484
1028558
1514905
4709765
4948897
5773210
952064
6202770
7032029
7077110
9184990
1231421
6266443
2532680
7430425
4318593
3842925
8749351
317542
5755881
4130566
6133797
6747127
3357437
8758813
1963081
336491
6824584
8532582
2512631
2640077
9818741
6307042
9407208
5262096
3368933
1999311
205878
9242310
1043150
3626126
2765188
4458745
6190147
1988533
8536103
8009741
9514087
3597788
4909391
2565288
7961002
2428568
4421572
6349041
4712498
9751351
1232282
8972846
1449848
4806954
5859544
5692218
9743078
7334252
2826465
7611586
235784
2987162
8420421
2228344
6412898
8090463
7145109
2987875
2106856
8701938
5917662
2327712
6968644
6304788
4531069
4606453
7839863
888908
2902847
425197
213596
4550895
3207545
7822215
8456259
7198475
5746218
1689141
3064414
666190
878236
3615829
8046828
9486545
2838618
9579864
3436455
2568208
4939619
7863672
2372111
9042511
3634409
5118005
2203151
9517560
6433370
1531562
7291036
8883345
6481966
1389662
5918553
6883114
7938130
3275264
8223169
8787290
3700608
6168489
221626
2766198
6816914
7352257
6232390
5409751
2966110
8524760
6211157
7676136
5139606
2312166
9712872
1499899
955110
7964211
2186194
5234421
1092289
3365428
8224488
6530410
1922040
6653428
8008117
4673804
3896181
4428418
5989807
8784460
1058478
3762602
4554134
6710390
3350386
2396726
8584445
7107463
9986807
7875443
2224148
7642763
126638
3705004
3258128
7892532
8064788
4241217
3780726
5852741
8783928
9957543
4835672
4879034
6629867
1318701
368664
4989887
8953869
6802422
5941812
310289
8762008
5865517
7314079
8586798
2312740
2865313
1964758
6964291
7189795
7632745
3124215
9180380
4670759
5054902
9750368
7162838
5959770
3076134
3423638
3137598
1598593
1490724
784868
4025664
8495279
9676744
3162574
932339
3889792
4750987
1544605
9324526
3919365
7469187
7131347
5275876
5106899
2142883
486877
1668363
3068685
9243429
8287422
4927767
2738978
3189881
6504136
1082935
8640088
7702913
9812035
3073368
338096
1170914
80853
9981073
7132009
4481585
5722583
4528965
2027034
1849295
7549289
5795993
2524611
9837629
715826
9486114
3009372
3896934
2494084
7967733
1442020
2471063
1619681
9512816
8138997
8725494
4854680
4834073
7975491
6901576
5499546
6059909
1798879
3436215
4698228
4780315
2547820
1050792
9001107
7267389
4653170
6327607
5723352
8958615
459538
8232525
2635270
9571423
4859702
9562763
2388429
7688413
2273136
6577085
179210
6812580
8810044
2791499
6228147
4517437
2953405
8814700
8075060
172592
5379767
5716104
4385776
874744
1327539
6094746
8900434
9354514
2895472
2166841
8804342
3516264
6159203
8091499
2284327
8862002
6087320
3909053
8496102
2320985
8632935
9392276
575797
5315937
8209342
2787719
1138557
184111
8808935
3447524
3662084
5702820
6579680
8449750
1285070
4098567
1101877
9360599
1926438
1765436
7238613
3703485
2288732
9222634
4024694
1703416
802488
1560122
974004
8470423
5518034
613379
5997428
7652347
4898887
6623118
7080943
9555360
8016504
1882629
19928
1222888
5798192
2391247
1683307
1837562
9297544
1369440
352807
7859593
4441912
3272370
7484028
2594289
495746
2843806
9095611
9134060
154897
4772488
4365006
3216331
1006341
5938077
4972936
9514233
792322
8605863
1022244
4417137
5929135
4506652
5587020
5569698
715984
6069148
4175860
2545571
2799281
6779063
6976599
8772910
4448551
4986214
9581899
1182810
6321132
1205393
5672821
1522392
5414584
9439557
353687
9275763
6019027
3134097
7213894
4793114
8246975
5244117
9714988
9961228
5886308
8888972
2544773
2699928
4027810
6233238
2871611
7200431
6913243
2039214
2300966
3553726
3206919
862162
9732980
481269
3093865
2456452
7364517
2861706
1032485
3172854
2099597
1289590
4403236
4569266
7158797
6937709
2827609
1979273
5907463
3381791
1415713
6958614
8536907
1681705
5876404
7460592
1502540
2359996
3350519
1017612
5677042
5968683
709144
9475593
4651063
9521298
2621947
4790303
6659820
9597783
1857228
3708530
7225318
4890152
7996880
4414131
1902732
1502398
3601780
6450088
1511983
5207973
3418282
9971753
9107901
6495093
51784
3466127
157456
1397265
3376201
2744164
5891800
7457417
8432543
4332508
8543593
1556411
4189360
6976041
8398155
849015
6321261
3803013
5758865
4989815
7391970
6510779
5391281
888327
3471029
9513390
9787181
8890557
5872528
832026
4141158
6561521
448758
4907215
3348052
3566983
382982
7336765
3196987
7338897
5699785
1674318
3563761
1111695
9590240
5243562
5890273
4103542
3592066
939567
5738879
5072118
7393052
5433332
490544
8414609
546636
591070
2457344
6635198
9821652
8439731
4052881
3675526
7653644
1446030
1555377
5247350
3277837
8752964
8611721
5010955
107770
3297463
1462819
6811499
1049331
9947812
6590309
5046860
805328
4732901
3992644
5912602
9024793
8118458
6154564
2470911
9879326
5877551
5856295
5213890
541670
2015606
566926
3209248
4495143
4225114
8928524
4372575
6215875
5965869
139807
8715084
3080698
1768121
948091
9902384
1914274
1805645
9552150
3948878
6896074
1225003
3434943
2655949
767686
7136870
790351
6134986
5582069
5410888
3509364
3113226
4138160
2498550
8373414
5297200
4435192
7107456
6211290
8685606
378024
7434048
2400332
7925587
6470948
8516219
4917284
9725627
513204
8688376
8841525
5750067
9322283
5264063
3663525
2222847
9096667
9719639
5921411
2136059
7131106
7164150
9695368
8849771
6016375
8647581
2875287
4671174
4645410
1096680
5659417
2191730
8953335
2189018
722423
8320831
318743
9164432
5934229
3305702
7155398
702967
7737443
4327571
6472360
7139480
9434948
4584669
995595
6818835
4319527
3240437
9570519
7234290
6461357
4079984
2691759
9409638
3363422
9092385
1225435
157763
3272507
5927551
8392967
3774967
2581574
7087941
5919444
2277875
9470333
8119260
5558596
8964298
6050917
8054925
719350
5011678
4189127
1437042
7925279
7913619
7888320
6218593
6038714
1571025
2244122
4246486
8571816
9485072
2552693
7677717
6109766
1243501
8377849
4110667
4827979
9042229
4180006
4114081
7280906
2766532
4278094
5054021
7640047
8034082
2794553
3763339
3171683
3565054
4659477
4896551
1598553
1216553
8881688
3456740
538471
3998639
236008
3597367
420506
5220912
7189965
1006118
2588485
7092981
5668195
8536241
3310591
7509412
57813
9275769
9240659
4547414
3150852
3620367
9217613
7416618
6729076
9231111
800939
2991597
4923923
8457811
888296
2199426
5548275
6761659
9569020
374001
7312584
3608786
8511403
5537095
6118815
1549936
7237309
6943956
6548725
5761048
6365386
2576437
7146090
5577726
9942772
5594913
9449099
467770
2496130
7896040
2954114
4343031
7249912
8246433
7191645
2467739
4974903
3385526
9014704
5449296
9566155
6125473
3989542
639285
7778776
9938993
6967295
3488773
5007878
7942648
9266868
2856937
534278
7878304
5878165
7588312
1045392
8146828
5928617
4719784
8413171
2449958
2272992
789937
9333335
8885069
144924
6274997
8699899
8673804
6850962
9286057
3487423
5445061
4317334
8352327
231731
1649453
1697043
7635353
8666210
8618028
9795340
171854
7718282
4116690
48716
2991174
9485464
432281
6525750
5009683
5743045
376188
1622997
5266841
8540481
8958335
7509966
6887854
6671814
383413
2932821
2686887
2357270
1605402
6594865
7394771
3976217
8146945
898716
574588
8235548
8112823
1207628
9851869
3719794
7291544
334664
1076716
6843613
178163
9066281
940512
7955268
2968280
590973
4668197
9941120
9184008
428851
6756907
8139345
3329535
1479607
3165710
4133275
1819121
5035538
6325717
1105589
8943234
8154462
9072066
5000149
3169809
4241106
3146081
1956195
173143
5124438
2969281
5688086
1190309
7297921
5371371
5768948
534987
848968
1729089
7413267
1034907
2774765
9799501
8232802
2928880
1028543
1932100
7448538
4228259
7458538
7617455
5808655
5254812
4632871
5309545
962689
1866208
2306141
7124878
5040782
4523894
6109058
4973417
8912571
697024
2963009
9712526
8216741
8034623
7266067
7971334
5291961
8623859
5085855
2880828
826841
3693390
5921304
2059975
8462268
1698666
3659813
8050999
7837507
6683624
3686757
7049802
4808338
4064621
8237621
5213149
4289304
2301850
2829066
9075676
3777184
1978734
9863732
2117972
9240393
32921
5029990
9848415
5982425
4220535
8344958
1574205
4768550
1510310
4247221
8519303
9796232
5171360
3860345
3721456
8014527
9413593
8731887
3373832
2759014
8118691
3374181
2891995
2138775
9213402
6167671
829833
2152060
8144454
1804668
8776103
464527
8680732
1366502
7073908
6232113
7528417
7242239
1816287
1445964
7510324
452198
3839211
5300088
9063260
9073588
9189467
8035274
8447745
6280106
1436438
573965
4005948
5742723
1730385
981213
3287903
3807747
9516216
4954191
2573467
7412671
9887255
5391916
8753776
3970479
8894758
510064
8836580
5849014
2827051
546722
2543266
4211263
734715
8879841
6902592
6770033
5060
9118233
5288515
8679545
4324478
1361370
1764761
7552129
9535123
6420978
1182596
8045076
6372016
2354687
1961941
6531489
6559968
5804111
2491479
2032151
7248851
2869877
8497257
3558986
4096345
9677150
702653
1760385
4889189
7305403
9335403
6034925
872949
935574
3198623
939040
5072057
5861572
4541659
3670176
875120
6521742
2536377
299275
5346327
7743849
8457026
764260
9156514
6306010
4802007
195113
214337
7026643
1547054
9748985
7724918
561786
2694227
4073619
7310056
1325360
4139985
200008
8778405
7239051
1273058
7285996
6181570
2423919
7071533
8621581
9435505
9438806
6131099
9197803
8127898
5331152
9075592
9627670
6262303
9112247
9109260
3784572
2887634
4935468
1986275
602369
1228703
390370
3035986
6585969
2519643
9863887
2855880
1934721
7873275
829853
8900695
8112746
2372599
6364972
3650842
7411293
6360307
9012698
7239931
7897039
5054532
4413818
1114330
6251469
1826488
683090
20232
841182
5367890
9869455
3044804
7745891
3621543
3058902
7962100
3875793
7370453
4842485
8658383
7498136
6876501
1484392
921383
4295380
3157235
2130824
4225615
901418
8552461
9416074
8787586
9761079
1446670
5406611
2009975
8804973
1401711
1330170
6501983
8850758
3642176
6891592
8919463
7916488
1297019
5320186
4562565
7617871
2414849
8234293
8337064
1764290
2321941
1080295
1088110
2901140
2693962
1942173
6522253
9642568
7549432
337616
6057526
1964957
9932895
8882267
8935442
3202709
9808004
7011779
7525672
504216
778766
8822635
653694
355493
9125510
1442060
5024363
3835013
3451918
2903116
4064413
1577045
4376185
3435792
9081691
6277253
4931299
9824062
4156898
5594622
4783423
3770431
4264061
4025892
8546580
9524744
9475339
6762806
833869
1421414
6262921
8846635
1444870
4473561
3346256
9015711
2311598
8627378
1803185
451913
4125088
5301636
8165422
9627467
1170371
9096863
7964971
6080885
9738793
9394885
322130
5585811
8825953
2571899
8117163
4360055
6716156
4162568
9719230
6102255
3800473
3013203
5548381
8276340
2554049
5863660
8430279
1062354
8825411
4018330
2803291
7343011
1419658
6716175
5070839
6140076
5873501
8378527
9077830
6796623
9894524
7704999
4539101
8237285
8702974
5187735
9987327
2123554
8404118
9375879
7249708
513344
2280963
4297269
7738524
235469
6542319
9802594
1377146
3844557
6656975
7812080
3743272
4772255
8512647
3716483
6783529
8171861
3621898
2300599
993282
5552217
198169
8957267
2351127
6424314
5974395
9771502
5057809
4764753
546939
1207671
3344340
8472914
9665135
4591411
1336730
330783
8552542
8588352
7446378
595884
4284087
3404096
3361714
2608557
3746072
6045845
6060341
5449637
4566300
7335787
4721537
6373233
8953474
8204500
5390297
8697177
5728186
3667224
9285615
3274026
9875990
3540909
6696880
8165668
3810223
2223914
94293
6690757
6404973
1323365
1472133
7651509
4633685
820205
4565851
1995035
1267621
7523655
3284396
2740502
2316063
8049199
4542869
2228707
9034208
3217395
5965487
7898883
8767278
3405312
815075
8443164
5175939
6719522
1476723
4356056
7025824
6902754
3338383
4283881
5543306
2054836
365699
3175474
2573990
1708983
9861462
2991562
1180014
4861095
3137637
9811210
2134599
9888768
4208258
417766
449077
6834764
657102
7627199
9183161
8129914
93958
3872235
1989864
1629696
4107137
7092141
1646154
9222741
85969
9558671
4197389
6523280
2500211
9609132
7504450
3331536
3907288
4661701
9285439
3496054
7257793
2649397
8200471
2154387
3295449
7750719
8765462
7732383
1878317
3330644
2869455
7404290
4125478
9503873
8334704
6799594
8661926
2631403
4615518
9752654
7252574
7875860
1419490
9389659
6818172
9381764
1609407
6896695
9482490
5264077
4305820
8856203
9545704
8455750
1894505
5555117
376015
3521917
7771895
4292990
8455813
2119634
8040705
8451365
2005420
4229573
8437074
8083609
5943032
3798255
1048626
9366130
8043155
9332771
3562422
2870744
931769
9638243
2523587
8579120
7594230
1016715
4936908
4009723
969352
9667000
9812035
5020827
4862488
7580030
2673415
2448236
4544792
822769
1035061
2515053
4730851
1208213
6705823
3461077
2776644
8181261
5990723
8046905
6801773
529867
7161019
1851261
2271291
8829361
8483113
5189673
6063146
8493404
7231086
8429002
2859700
8569864
8007449
3098725
4095333
3065461
7633667
4166002
4778238
1661995
5850241
5278585
7229255
8875061
2012416
4879105
4436948
4493881
553198
4017147
8880923
1908421
3462989
8143083
1568910
361325
1736467
3102942
6050975
6706494
5876216
9223443
3836916
4254294
7111722
4044916
9111045
8253391
8603310
5984747
3382667
5968566
6576181
2031201
2555733
3730600
9274124
1202629
5314058
1881846
1615090
5563497
8875445
2432739
9412329
685306
3103607
1896021
8507649
3425931
6896841
2054909
6259420
5656085
2075261
9354046
5935266
8044931
2557963
3254880
6952681
5960040
279722
9623250
4712187
4262444
2511929
5517461
4751455
7774730
315694
4880266
3742136
2654396
9164930
1964367
819193
6678429
5830975
3135396
8868174
4738834
6245894
7872826
4251004
3170427
1490389
1078041
8290057
8495283
7793053
4788211
566220
5846429
9776348
560291
110783
8041111
787968
519492
7119424
142841
7347244
5318377
8977480
5659388
1565389
9814308
6041259
7822139
2502734
5351238
3644489
1153426
4248571
4880086
7425845
2743176
6724042
7434269
8499521
6326485
6209659
8036331
9347853
864319
5211275
8981079
2205266
1003872
787279
4083899
5043289
5306667
9073929
2403002
4502123
422537
8874476
7950185
9853089
5401670
4843913
6797541
4746824
6153329
5050728
3368768
6102063
6571696
8490412
6242169
191277
2475304
2382495
2743162
2979132
1128202
6462822
8671693
6186744
2241696
5236217
4558943
6109012
3485014
8023394
7221168
8595486
6767718
9085403
9419990
8917559
3959481
1942520
4535408
596182
9780802
5017456
6270384
7058292
8264345
6843746
7618711
8009879
8181766
9991247
6356143
1917249
1230915
8569001
8264804
8092920
3554080
649891
2489219
2925090
8612663
6419278
2871272
7926593
6313453
299461
6300753
5958875
9012015
2528648
8350435
7323748
6082207
5570416
9743236
5752999
9227072
6329949
3286936
7991739
8681228
4905808
7867212
3992272
8374303
4676341
4630963
3266934
7657561
1501798
7618839
5654538
4699234
3283186
2161657
827784
5797857
791050
7702245
2271969
171393
9006545
5834978
8303218
2897174
5545381
8585086
8570280
9455362
9735697
2041353
6799947
6274978
1841717
1888154
3059482
4517464
747163
9696647
3526821
1291307
2054983
2415968
7096375
8796284
3482766
8247434
1306255
7075138
6458556
5823732
1773357
7974438
8259628
7830400
1890389
6260993
6191331
238071
8836471
7865518
9462635
5261006
6053491
6908142
700864
742714
3592442
7310159
7008480
6869074
9567930
8512225
5849828
5769773
2031171
1889246
4916536
8585241
7010305
101326
7117196
9768871
250620
5680610
8579508
9623534
5169855
4608877
7139608
5775928
8240266
3744121
8016647
2604576
5514479
5863305
9900550
6996528
8182578
7583346
7654376
1810564
6726382
5099837
4189363
4195283
2232753
4885085
3859905
6763172
3125710
6589050
3491513
7675808
1838037
5306531
5204909
3206528
8528919
6450093
6762571
9995226
9050270
8188394
3817060
4174937
6290658
6137658
6019221
5583874
9038046
1836420
7723662
6116634
8868096
2437018
8785190
8802288
1132032
1214079
6940427
5058487
1640878
3063827
9478773
9981212
8170388
9592147
266832
6317297
3889719
6518151
847614
9770583
556922
7231122
219727
3240887
4846887
9924613
1774261
1576027
4431368
9015089
7198498
5460030
4397038
8079391
8107379
116215
346802
4242451
2509723
7921003
6188972
6282290
8586475
3212108
1405666
5279905
4918378
9820905
6504414
4442198
8700731
3276508
9007956
4946226
1220647
864123
7984312
5352125
3045059
8913747
6509194
439838
4276491
1952341
1591692
346778
1186758
789435
3154277
1440072
3032532
7790396
3594141
2820850
7356427
4545246
9807039
1487345
2382303
5891351
6618078
9700580
5864581
3042335
9248694
5381195
4099139
5178996
1961150
1528111
187607
3094131
73065
2179546
9117760
4172186
9380586
9230110
4866190
4809919
8240464
9938804
8233437
5482357
7126314
5690718
6458282
7795429
8401985
1371062
9571041
3261204
1101397
3438723
5966907
4631441
4170127
1496005
3106376
6208077
8337687
5880967
1920610
6537564
7587962
3603545
319193
6963724
1579714
9766083
7935360
1015750
9333337
4059914
2436429
1452346
1017914
8923995
6991592
9916266
3463217
7898916
4248708
4880086
6799331
3536963
2193072
8478909
8182407
3715144
620804
5160948
7199579
6146149
4901359
3004016
3366404
1562693
5040844
1574771
1262110
1570921
6037713
2283867
7613435
9320591
6180929
1627551
8155206
7620016
6575031
9499307
654
742979
8961814
9859130
909650
3520601
7941979
8823220
6277080
9725387
84477
3050640
3081982
8780040
6639290
3089396
2354586
6256653
2718092
2503153
6072398
4277351
966823
5677221
4303797
7220648
3929836
9363785
6331306
9744680
1397536
5879900
8738752
2790042
1671871
2732401
8753970
2442656
6567238
2985127
6897659
660071
8512551
6938278
4490336
2232870
2793250
2315016
1628295
2890254
6031240
5606333
8476141
5750657
7016245
8917385
5863325
7239190
2817823
8089402
3396464
5858345
8496012
5339721
580248
5398214
7112424
3154990
5102912
6346442
9289957
2541970
5715850
2745861
6992402
9033492
2779119
1843688
1580770
3217065
1522969
6460671
734591
9408988
2816437
5913202
5896209
1827830
9121278
1957423
6172745
5493237
6154453
8460553
1261956
7909802
2583713
145657
79111
6318082
2024971
2601704
5129996
8617926
5292428
8615694
8960622
2462819
1315062
1212149
6598739
3445217
9012505
3166845
4265415
2752130
3196976
751084
4277791
796002
3704961
4890066
4263220
335901
6999294
4122890
4461044
7742285
7457306
7860799
616276
2715861
9597517
773935
8744039
7569683
9206857
1032137
8581968
663583
5175098
1180372
8279830
1300642
5682443
5715465
3562214
7649773
3154493
1580947
3368483
6919946
5611617
3190796
7459080
4010314
8945874
1338252
7783050
7900889
626008
6791848
2878116
642796
8794268
7532627
1671529
7858869
5934703
3484551
4270496
1641472
5193248
7748247
5080531
2517088
2252173
471337
9438394
5959698
6423560
5240603
8831124
3336800
1917940
6002352
158107
9403557
13504
4418236
3847291
3652691
3183667
2980441
53832
7500602
2900977
3843128
2903019
554629
7417437
7863142
6859825
3461469
21328
9140417
7704064
8450353
7320437
7064795
3326500
3846192
2471251
9828792
4442373
1797293
7761276
346202
4511508
5152510
488887
699898
6633975
9470054
9912706
6769012
272540
3424021
6124605
8360088
573573
8339714
6531628
8634963
4837526
5585718
8644988
7438938
429216
1017805
4060845
6731503
1002601
8909953
7402371
7648325
1820242
9471812
7435421
5028207
4475234
4481999
5857716
7454152
614760
5397791
7391503
5454605
316071
2664182
8956032
2019678
3716625
6850356
3596229
1928678
4180733
9817708
4359131
4235873
1653121
6436408
3664274
5578918
8458259
6620317
8776818
5879290
1818168
549889
8172165
5539292
9197942
7730681
6130898
7891938
6830544
1076354
914219
1738668
2436121
2342925
2669149
9728047
2190700
9414184
8992832
6224600
4814499
134793
341754
9180699
6052006
6326660
1406377
4421628
6393411
4977501
4457156
5033549
9676191
4469389
4784113
6848195
2768005
5241844
4277
6746547
7686915
2397322
3938325
4783332
5989225
9468391
4283285
4464205
4264597
7313379
9843773
33967
6111831
8256990
1057002
8334284
2957458
1413770
5618368
6465352
2044432
8278862
8948791
5374518
8183857
3832764
911433
8617130
4990800
7001519
8888710
1149999
6384447
3805184
2584412
3126840
3921820
33897
3269055
9838767
5508866
8058933
9642718
8351304
3377625
5294168
3908431
1645795
5304650
6813866
2326269
6187917
9416684
6883103
54752
5985563
2616677
7324970
674568
8567676
7954436
1248794
2811748
7881619
3828942
5064214
1070389
4411576
7609497
2077818
9999469
4437604
5675252
6618899
9559418
5811234
689135
5314156
1605331
6527226
4505814
9028442
1649572
1787771
8269824
6109459
8138240
8267400
7798120
7522319
2365782
5303570
5495990
3859791
8810290
6808322
4835328
7551273
3256746
7766074
3734390
1407602
9668419
1090220
8755359
8638853
3589230
806033
9978151
6350514
5616191
1867032
1473466
4234220
6449477
2546059
8122641
2136088
5616487
176438
4866845
7360396
481287
4367130
7241418
6807596
4533105
1457677
8479292
3821020
5414914
3585310
2868100
2202209
681315
5728147
7825400
4792350
7720423
8250463
7339524
6970427
5024966
2160876
4407626
2247946
376387
8223493
6426518
5780507
8010217
6097306
2463444
7583911
2290234
687436
6505981
6691148
780263
1297378
6832737
7255814
9878177
1949887
1709462
7354464
9063264
6351324
523885
8122251
263355
9132535
2127159
3575381
4643795
1112416
3211367
8957108
4476992
8781644
3786102
9851875
680958
7606492
9550492
6648345
5321998
8321344
5005383
3193539
2991987
2579159
5698052
8084353
530973
2392363
9257792
8326264
79394
5834456
5397531
7045345
2393501
1129852
9586185
6650019
8774340
5314246
5720651
3299098
3467090
3462122
9430116
7550932
6815861
382736
3819962
7378168
2937917
8484591
9427637
4804745
9581002
1011692
9941386
1755176
9110418
7641600
8156820
43827
2655263
1455970
5880758
513032
6807383
9373334
257380
3559883
6117307
1726694
1381874
2749602
4294428
7219085
8030744
9963177
8276197
8758776
5908557
7126136
632130
3081337
5162882
510582
2155105
7444895
1306388
6330774
3147591
138150
8562137
3130628
7602881
7344804
3966113
5249206
5136954
5780489
83934
4388724
2540926
8790169
2416131
4680945
4756208
6966777
1069852
6166380
234508
564940
7318490
637326
1280311
6631963
5046318
2225917
9306693
2176848
2649117
4734229
6849378
1869313
7770162
94742
4342740
7609978
4030773
7393241
544401
6097813
1335948
6465431
6855859
6195689
2806761
7645400
7834311
3434409
4800699
4894565
71668
2324375
2843877
393064
1814847
6357497
5607357
9987401
7889776
9231500
1634808
1451633
9665922
9885035
8131324
8342228
4261355
5052810
1974739
2450900
3935896
9827928
2688667
2149748
1673126
8463462
6120973
122418
1780650
5686270
4690653
1070269
2880455
5778004
2246621
2283253
8870014
5270199
8452288
2122088
7438170
4389404
3475864
4479548
4482550
6256656
7648219
138016
9880239
647742
1627752
6105188
4735793
1884642
1878744
6261919
3190794
3193653
5622418
1168823
756243
6460920
6049757
5587481
8964345
167507
8897178
7107044
2558100
6568399
2395319
9583118
6940773
2695484
5456926
4429979
9051056
2351636
3229794
5021359
5220983
1382151
761292
9305435
6447605
8688795
6088293
2714495
5893548
8562127
9595352
3369520
9901477
2310247
9175290
2827611
9574573
4359345
8075133
7314900
1574796
7985709
14018
477775
910575
3373456
2912630
8735313
9080637
934491
1933246
9656646
1049020
6513312
128368
7062175
4394474
1999392
9518960
8859325
9270308
9583569
5905966
2456692
9355943
2970520
2261675
5184104
813007
5824396
3404853
1074329
5236674
5828914
6193127
5875350
5565661
4884821
623537
6187786
845517
9040157
4052010
7711256
3142551
3893556
383805
731104
8491896
7212948
5480691
7055219
7691295
6304276
217487
2927166
9520807
3210391
6275816
8984617
8952421
675310
5862252
2887359
1648012
3085195
6014617
3168978
3786183
932715
6999460
9198302
8195602
4086033
8035873
3741931
1467761
3633842
6503402
860222
7078385
2831248
7218595
9828172
2021592
2133070
18849
2887147
4606207
9175761
2123182
1607652
1908660
8557700
4225162
1036394
399002
9011652
2154844
6061887
6791518
1820215
1319850
6885495
4024888
3447174
2527489
6203999
1677568
9366328
8846302
7887186
3371161
9968465
157128
8210989
4979549
1629725
8871570
6504090
7094034
7228608
270215
3614759
4640699
3437687
5674806
1726393
3807518
6758652
2120201
4553536
5238010
7886844
8379201
2473938
3992749
7161503
237559
7000100
8081081
402807
636470
3726432
9141873
5969014
5023234
6493283
2220602
4542465
1771882
8304928
8623716
8337890
7578015
7682084
1778821
6277767
1713854
5956953
3948143
4727642
578358
7761614
880988
1872451
6348506
3051449
8682670
953225
7109282
441148
7457835
628956
3499578
2529511
6630154
8156093
7876770
761721
3374591
8365213
806189
8876589
3053018
1548930
5234774
4902655
1205962
9320677
9840147
8587957
2053672
5162926
7184250
9381730
5043984
1094589
1602254
8232620
769987
1145343
5111159
6265591
1313403
7260706
2039271
8310631
5673342
8055496
7814601
4779599
6018853
9182433
2703539
1127380
7191663
1090613
1792932
7884789
3527840
3736708
1819654
2399906
2098629
4164090
6829891
4501394
763237
4835587
4702905
680144
3105804
4964267
2329525
8962486
4058108
7135145
9777753
8200702
6054292
9881359
1562844
9573679
8836666
3464597
1600327
9444795
4871971
9579762
2707789
6944080
7885071
8969380
98832
7191156
6811934
9113084
8161242
6373477
9120477
9631004
688835
3472325
7079858
8834183
8597204
9870748
8648383
7455955
7218538
3606432
8436050
5943769
8845716
2242674
5081810
8511580
1482421
5012161
4701465
4972063
8157960
7222580
4295543
7026317
105042
3366709
8725937
1896061
556427
2363960
8196180
8568247
4960364
7370791
4859823
9941122
6365809
3654857
44954
3292321
3904937
2737427
2496291
4146533
9227103
8118349
7698131
1957543
1882686
4475070
3504300
5382673
3630713
5670042
2501897
9646268
1551355
783671
704934
911651
6131778
590836
4292974
4791200
9460092
8785281
2585060
5606815
8835938
5377477
5602816
2545116
882238
6238094
1740348
133900
7950614
4365869
6093136
1554851
7085505
3097213
4239251
2349685
2001734
678941
2184222
6165778
333560
7303845
6029330
1984540
5057673
809307
6370495
4957688
8940970
8883622
9274189
4459940
5079681
9308575
1801085
5454112
3772227
1040192
1524896
1300490
2412392
1963008
3796767
8494582
1271906
2328728
4098478
6682580
6807572
9512497
3630503
1125743
9327733
7666401
2849761
1789035
6351109
5501417
5097220
6099597
489417
9483563
7215866
225403
2984522
1569792
3053870
2877790
3858084
6179567
5921478
5138125
7044454
7242117
275627
8499964
2907443
3950116
9070480
122982
4359085
8373927
1504360
2408439
7260231
2808866
6937174
9335759
5207810
1891688
4653057
5241349
8439349
5863788
9511874
9006867
1951811
7387947
1905296
9569831
567747
3820814
323616
3346776
6765112
7720514
5882528
3651846
378862
7409363
8357269
8540023
3555112
95135
7793450
7831882
2964651
5416811
2688029
5613729
2820059
5331787
424588
5680183
5703179
503046
271898
6475134
9122859
6014828
932
458259
4943367
1954693
8686262
8064307
7041583
5908429
2103476
5714475
1206564
7130713
1887461
3920575
7567390
3775740
7460323
4207228
3020792
8015649
2853433
1292809
2457840
709226
8173504
2912923
41544
7350387
3531015
6943011
9176126
2695000
1300036
2186258
7108417
3741887
3796626
6198295
5006105
6326594
3138061
3524053
7631931
5834976
3778498
8139174
7456073
9902083
2707980
890280
8756482
5986597
5476235
492043
2009543
1145011
1879661
9254526
9752699
2080672
4202510
4928845
7626339
695058
91044
7816634
5970903
1905812
6988656
3746012
4950293
6003240
3098539
1675041
3307931
6756458
6080435
2392207
8873613
5318021
1818548
5241066
8820993
8614452
5348330
7118017
1353541
4872516
4441412
7647785
8754490
1401368
1319240
4086921
3520192
5781406
6161041
7754202
7442609
9396029
1424362
9660824
6320496
5413672
5248680
7356050
2799777
3462793
1200504
7862444
2795273
6974081
5408
8904160
916221
1265376
5232492
9851997
9887050
515614
8550559
2546068
1319453
3700751
3849604
331995
5401324
7149948
795314
3309184
7642501
6399241
5924845
8214937
6905075
9816957
8484671
1578528
8255890
4247987
6803044
650301
4782989
7295845
3296642
9932194
4741678
3805608
8283274
584286
9821160
8145026
4897122
8651532
2812910
2568377
7209119
8951238
7705862
5585384
8487199
8706098
9665575
6042060
3073213
2165923
4923326
3351189
1247656
6401202
8133810
6034118
3381912
6997333
7515689
9595188
1195847
7564556
3850144
3395910
1033057
27276
4670615
2090462
6421950
8891463
3790105
8903478
6396830
6422767
1690090
5202305
8699444
5780280
4000667
4000574
5452793
1114961
7996354
6783788
3183354
4834772
244128
4455033
8984635
3097337
3202266
6157869
5872547
8581194
9030299
5749893
616109
9449986
145962
3724064
6751075
4421946
6683756
122721
9202371
4155832
523228
2727345
9126460
1469719
5334573
6583207
8184444
6201072
401337
1828070
7516374
3588078
7101839
9073322
6409602
9743374
7132032
9290626
3195844
6025658
5950974
7576815
7999239
1777024
8167539
2462456
1478766
7957409
2535457
3707441
5436678
4416984
7201236
1996188
8173740
5219128
9610771
231410
1918492
1770340
5993552
7390888
8376727
3686524
3210684
6285796
903000
7964035
8760058
3797589
895252
2634501
7733832
3006380
4343074
5993663
5884002
2311493
3319096
5162923
619833
1434970
3486714
9520865
4551421
7960618
5434668
2052504
2194801
9686022
4915921
9498239
4907977
2682320
3551611
7838298
2629026
1107071
5716389
5359686
5820851
6124451
3757232
3012304
530293
8737564
8574013
4683023
9004775
741477
226868
2492873
6443687
8319508
9094221
4101903
9865807
6454976
592428
6101192
3917959
7320875
2456070
9194741
1193021
9329082
6499921
1730538
6878776
6255242
9674934
3358286
8526065
9733101
7273898
8197112
2908882
5452103
213950
3880548
1449144
6317606
9854997
892588
1810387
4616733
3799563
2301502
7845476
1246989
7929822
2449240
5969465
1091880
6031359
6100718
405622
9332406
2997835
8095211
6844639
9056514
3694866
1821033
7324176
4000190
8672074
7285692
3001264
7932210
9507133
3110162
3182926
6695580
7254538
9458410
3416192
9503479
7366889
6460447
6269214
8577479
2994142
5838798
5372937
2146791
3589111
4720623
1310437
7247271
4578414
3212764
8507633
1965429
6153674
3071825
808868
1725658
1192393
2829051
917039
7812594
7738138
6370902
3384889
6689609
4229214
7525805
2807067
2061858
9820050
2165468
1056475
6870907
2723775
592861
3330612
7460703
6753994
7995179
8128489
5233444
6372366
6080954
1875576
7008667
4928631
568523
3061030
9030905
5470103
7995517
322128
9482962
4277306
9085330
50143
6036773
3545288
65785
5915617
7024849
2568183
2721261
6936381
1954004
2954164
2362767
9512551
8079606
5399293
7327997
316181
6438053
4289061
99155
7437073
8894598
2291092
4782474
4560596
4028193
6509930
334264
1922017
1254714
8986566
9258974
3262435
2708012
1797610
953441
475421
9461796
2207631
5091740
3418234
9903437
4807287
8092564
7844878
8646002
4742553
6305729
6915406
1136731
9233597
3105771
662189
2987339
9859357
9243231
5286541
6245149
3685043
8384729
1081496
6286309
7383972
6500465
7228037
6372657
3496500
1893991
2992259
1948313
4151126
9820548
2618949
8753585
7736986
7220585
2988309
4318395
2134058
5472363
8162892
7067396
805355
4207086
48807
7849400
7189275
4490826
8131324
219807
2802441
5898405
9700774
8092976
4893904
2325166
202196
413196
5351390
3562148
5736846
5154214
1640029
7290973
3114174
8073141
4993562
9780997
548606
1608457
2199640
536604
7451004
4593487
1696457
9899282
5122190
9465563
6874099
3422148
8442004
4370200
3583742
6779651
1209256
8921238
8946232
1380065
7693690
2893574
8677429
3938716
9385694
2445372
7198852
4945352
1780544
9829621
2783640
4871657
284997
2113252
4320294
1359429
6601559
2743007
769583
781204
4259228
8373470
9356328
6100685
4004010
4864032
909323
4540979
9720993
2028313
8702369
4810569
7185274
2792006
4595367
3925396
6367248
7201624
9685580
2645586
6649786
1629064
9284221
5861760
7945467
443846
1947004
88487
5478224
9912372
6728961
6439447
3702545
3014017
6580357
872258
8301126
1817016
6002832
6769517
1921142
4177099
3499795
5982399
5658704
9767748
4073927
5783636
5146209
2105977
5607633
947657
4787220
7186556
6096781
1330448
4292141
5083755
6659981
5399339
1146334
3664865
1722174
2289447
2314082
8859144
2166713
2314691
5014038
6337698
3913595
2015805
4811165
480869
8290579
1472367
4049701
8824608
4257024
9770049
7173006
2179601
1062160
4662069
7006945
3797629
4187155
3262379
1776137
2680259
612410
5274440
7735759
929458
9887039
1667156
1543222
7574062
3602857
8971987
7941501
8165939
8456013
3000576
6024488
5183331
5458717
3068484
6403119
9033711
4308484
5233556
6729691
2663290
943308
1293700
145193
1695899
1754983
6942311
3889313
9320179
2792086
6960645
7853971
1846174
6697508
8922689
9929477
797034
7662427
757545
5791655
8875920
5662509
6222564
4397454
1584806
1230092
4310539
4088788
4418274
8900786
2961085
3645720
7553266
4467616
2514040
8657631
7017373
8546536
3209121
4013506
7133038
1947716
4054225
7039999
379635
4342460
9353002
815327
4238327
75449
6078696
207923
6975017
9050892
6562050
255035
1152310
3916577
4058942
4997016
8166165
604532
681531
7678922
127860
965201
2900650
8616988
4936398
4511297
3517043
686427
3388018
2503766
2432649
4990237
6528874
529347
4494747
2890677
3876965
5343711
3302852
9561072
6665088
4655742
7099118
52151
5270265
9785841
3223250
5254173
9201715
3589223
7524582
3716615
190094
6100452
8226649
2931231
9112672
4724438
2608414
7415471
1502149
3747139
272484
6353054
4187184
5938147
7341629
2799675
5907487
2534325
3063579
167219
5662288
1473569
8810880
1627424
2271212
5897170
6951821
7926687
2037241
657059
2228052
9530102
3597890
6017524
6365570
2519441
4820892
7021048
6260522
9454970
3842263
2302632
228001
7693991
2858297
7437873
9941903
2053028
2242668
2169370
6242117
3598246
635519
3586784
2188186
4335227
2704500
3358539
9614152
612864
7618288
9589976
5438539
1873204
3001668
665824
1416285
1065657
892789
2642945
328850
1564128
265098
8716629
1712605
3852367
1316932
9638490
8850581
2114632
8570484
5196290
8562316
9143213
9850944
8333419
3269027
6743683
1607419
3943262
9381645
5507386
9396194
7080458
8527361
8392251
3233335
2780423
7735872
6086345
3376862
6062892
3812363
1656505
7380855
3447366
3065447
2146787
9602807
7976454
9959335
295826
3571362
4644018
8905426
4678822
7579852
678252
7421372
1887484
1324286
1535988
8706741
5179746
9566503
8372415
7189783
2381541
8777649
1096449
4940835
181397
6194800
7295062
7055729
1415637
36776
8191195
9745596
5630079
6301979
27086
3622091
2129197
121758
9325216
2227475
5116603
4082296
1633270
4367930
1205711
1177427
6780791
2681228
4556404
8076097
8327796
9316088
2400438
1364758
3108637
1180870
8614080
5483540
1158579
4941266
6567324
7239747
1490524
5030660
1770964
8029040
7665167
8180591
782385
1375460
5690158
8640915
9647618
2850277
4839951
5214372
6235733
2240684
1268450
7627612
6379706
6507441
7245930
3811024
2781928
2587056
7306662
9235124
4962904
4500314
5980169
4906665
3520461
1631002
2923013
2488156
4175967
1425706
3841512
3967005
6596723
6237998
8525180
9488894
3214721
9333666
4616420
1813199
688980
1363817
9369845
6540659
6418577
8112882
7937180
371139
8861204
8062862
9968384
8056540
3688729
1280270
1728831
5718664
9256324
5028321
6825632
7573419
5988163
8109182
3394409
5098411
1486631
719699
2161438
6161116
9326365
4847924
3706812
480213
2695276
1781172
198235
597806
2455599
3159522
8696496
5413466
5162047
4232082
3299290
738491
7613118
8258164
1399474
9057026
7048278
1053140
338271
4358526
2786669
6301060
8195111
9629853
8106159
4244745
2477826
8875336
2516512
2602375
2851964
2944762
8875855
3807569
8963330
3550796
1100985
435901
5508752
6822839
8541020
4056188
3001917
4575602
5798916
7848115
120966
9487295
7450675
6429293
8007530
8657493
6610844
6741198
8324808
2017289
5268484
8632273
1437990
3331965
4740662
2675601
2193255
4766817
104880
9691552
3856998
2774194
1068680
5314838
9579705
2253757
4898441
5457879
2182117
9471396
8105940
7614658
1673248
4488330
9871841
9057533
8409493
370563
9523922
716506
5740725
9665475
5277973
6306256
120616
6302681
9086845
3334952
3316263
2655334
476463
2692798
2349318
7155022
9255089
9625499
8237852
2543931
8874396
6673031
4000462
2067658
8608763
7391464
9067450
1197096
6634732
9097545
8975518
4975015
9710880
8900020
2715153
5807838
3042901
9070856
6993426
7996112
1803210
7112950
5959290
5844019
8177536
5102105
1003032
2252648
5558399
1602838
3195828
1614133
9964393
1422992
6910313
5849093
3735094
9452572
1487172
4778561
6054196
7363903
5964304
4814775
465462
3135749
3310715
8473398
7245285
3197546
2021052
6280758
3018875
8350860
3263949
414254
5794616
9028163
2161455
1383701
8357169
372755
3300058
6746068
2470352
5817581
4703041
4847902
9126638
8880359
9082647
8512380
2081739
3592082
2486444
1895300
7165707
6729833
4234197
1739399
2707478
2604113
8853601
8276758
5574313
1966431
4598440
7841761
6576501
9453385
291741
3761654
2789784
840996
4432755
3153473
1715663
5876938
8678875
7007620
7209728
3845593
8235523
4967557
3941431
2847363
7891833
3552716
4855069
9907605
295928
4616421
7643696
4518528
6364472
5542186
1993077
2382144
2539798
2117233
2107112
1262302
1262096
8872812
3342278
2068202
7136515
7670271
224236
1352122
7211885
7725330
5916930
1764521
7718978
2017279
8028833
9355753
7619671
4884889
1298657
2452521
6374254
7596297
3966526
5504762
755731
6078286
142002
3118993
2118685
2983632
9846633
3224851
4542683
3128435
603765
9965717
1234232
9621397
9809587
4896213
5459402
2575481
3259027
3621121
6622948
5878110
3149445
3171349
6609124
193482
2476846
9667152
8419103
5035415
6040792
9574897
1319954
5773321
1850337
7734585
7628647
3566936
8568523
3607401
8034912
2675941
5108932
5630727
129604
9569410
3021838
6972820
155455
4039402
7272381
7360234
987404
6204943
4904376
8309570
2256634
1863352
4142112
8411595
3311442
874231
6938371
3347143
2906058
8640808
8878047
4949023
834720
8708394
4267958
4965958
4507208
4138157
6057235
4965990
4794012
8553120
9487937
9850572
2101190
2337642
3595929
2143820
877322
446900
2579610
9931929
3926572
7945185
4383518
1351744
7068209
1063184
2510498
1608768
5361949
6554857
6970895
2727923
3701085
6883935
2898839
8031791
6432493
8475275
5425267
1571824
4526222
2053495
7252391
8961843
4196385
9547448
5432693
8472610
5311174
2376929
14211
3916764
4553689
919290
8403225
465439
6141579
5431685
9591034
782008
4037433
3880727
9001032
9537995
4021772
1965149
2407095
7605884
3707821
2725218
9378680
2655813
94606
6878642
2464655
9453305
5997270
4108993
81371
9929612
2257936
7325707
9944431
6339169
3554661
7585135
1107931
9602905
7722918
1785594
7980984
1121605
7203404
1015571
2281301
7186471
4144827
2700094
1260470
4990291
5496288
6602495
2186327
8510678
1547985
7526232
4574905
1427503
1574533
8827161
1712280
4079070
1529771
2411425
3651975
3901800
8736304
4847586
3930188
2475986
5960754
5817962
623769
1956276
5703547
7536144
2094049
2235240
4939961
4560058
6030936
7580430
8911833
2982626
8836575
6125921
1316599
835092
3377994
3134252
3119711
3789970
5018373
9982516
5927752
5442295
8302406
1977047
3774783
5023224
3324288
8785668
9795622
2078774
4271048
9084874
5424693
5563800
6924235
7653692
5118028
5760043
3552564
876773
8478310
9695837
6176865
1971863
9580120
2229284
9820991
8928528
3212361
9823168
4175751
6945397
2652665
7290669
3897987
8201716
919091
8713282
3428817
4646918
7492922
8012300
560629
290826
3070969
8464721
2722431
9055246
2989581
8821633
9378553
5831736
9569067
3713758
223771
7808805
3511824
2458961
5938960
6115546
915373
7440866
3087702
3134784
4543203
8781425
2236457
6761625
9660424
1764576
285756
1725777
688152
870076
4808453
9421723
5334853
7677310
366944
3324355
4542009
404086
7733263
8988080
4725055
2972085
1263181
4453412
275244
448776
618384
7906545
2475241
5716340
2728168
8937842
9800720
6610311
5210870
4439652
2030448
3688016
1372748
8208521
5606809
4435726
9610310
5988692
5745857
3650563
6612476
628375
8838834
2637164
913001
8411150
8592965
1160787
8627440
3968907
7811270
4056991
9568262
1969663
4810678
1911421
7148648
1091522
6948905
1792161
1846796
9879731
9845620
6057588
7039551
7769954
9695857
3161143
2458086
552342
8903661
4902122
8981778
1146560
7687016
1657868
4921756
8349126
9593412
8510909
8146857
3532156
1069216
6805423
5412980
3069711
6662125
5075814
8197856
51100
5720328
3482875
7048661
3129091
834864
5081483
3620233
9603955
3051396
1730217
8593446
8085185
2363319
5357589
1035734
2542732
1755921
2451596
1322976
9355193
4312493
2792801
4224183
7297002
5613489
9627480
7558058
9653549
7008278
7786027
565605
7017977
705505
4426224
8164736
5180892
9744581
1447686
2976575
2068686
7535140
3696784
9613173
5175433
5916115
3607645
7826951
737965
4666208
6365174
8846282
8684795
6925521
4508300
4841890
4916444
2901265
5954071
9484597
2823006
5658677
5950738
4242534
6075150
3797549
7927222
3868090
1237977
7496089
5217551
3634455
5351187
2502288
2128906
5791225
6088073
2952182
9887052
3578536
5930730
609730
800035
1301350
9710802
5704945
6649101
4129870
1230155
4222469
8428697
3658071
8145398
3960550
8577137
5114942
7130069
6637695
197743
50127
6952948
1828293
1591093
7893089
5503633
2785144
7266202
8196503
9542888
9217867
8828960
7010616
9459867
3841682
6376503
6515095
3749327
3054476
7747249
8921289
4592106
9040376
2772382
8075674
901110
2142543
2580717
6783104
968060
2302112
3909768
7358846
3677926
3940691
7349357
4560571
6450875
2899051
5776634
874948
2793239
125386
551114
3054653
4598548
6855131
6837526
8270617
2238676
7399881
4815408
924167
3202647
8017051
3347312
4649027
5873202
1179859
4227621
4920165
8602497
7233057
8002321
6187439
9726195
7224919
3086338
8020258
7573061
9299950
7837105
8391041
2818538
2833390
8380626
9099618
8158240
5781225
9046324
8441955
2538046
4234163
451889
6153282
4151961
7597021
4027334
4593048
6853241
5981731
5829242
6691327
213687
1442120
7382673
975105
3891412
2472387
9419664
2022807
7135265
9915340
9490938
8278642
6244640
3245118
9364199
331867
4173594
5927954
7799059
763217
1890435
9595023
3576695
3886307
2726397
7791902
8416842
7444897
6868287
919394
9256709
5529142
9272519
2209756
6312734
1273151
3927905
4882558
9074004
2897158
7548075
6408033
3765602
7112476
4933408
9000828
9954231
3966546
9752954
9038377
677525
8718588
4795750
5699962
4507342
7614476
6993447
3936169
2255316
633063
8696371
4095296
1574853
3378559
1691960
9557534
9206573
834471
6079280
4668032
1806943
9625463
3811546
5788316
6723279
4506205
2659160
748224
4197217
3677439
900966
8160652
3328514
2574542
3018216
9248003
7410278
9646504
818128
1953473
7790343
412037
9383760
2220601
2806170
3073398
4933378
4044844
2370037
7939747
2191761
8276159
4322054
1232294
9819174
3406516
1475619
1010087
1186689
9092164
7333495
4802829
706301
344804
3525101
9836625
705176
8040696
2154655
6218344
3517755
1990534
9001316
9607614
1544822
3896783
5602704
9755272
2353099
1983120
2456568
7817203
8856882
8272149
3084375
6756598
381528
6548557
6825893
8318309
5225802
4924072
3642962
3587818
1898344
7448645
2782881
9936675
1769177
6469506
7262852
3467566
4791425
3687245
7700015
1206685
9744754
364755
2399194
9388972
8380962
1419438
4691228
4050844
2731745
5138635
8061538
2157196
1506355
8576292
5376060
4309001
2834867
5593678
2151085
4860854
8999962
4121453
4244576
9431873
2092523
4929943
9647999
7684892
3999692
8624481
1947454
1863921
9861346
7245773
1489060
5936311
3309552
9731044
3749840
5809968
8531467
8657402
1426973
4756907
5236808
8748427
6898127
5513905
8249605
5182754
2043434
7313449
9429458
7641518
7559430
1611059
8654543
4918143
3911387
7557685
874513
2146009
1853042
7662451
9224026
5200162
6605603
6817064
1169197
8860440
6239849
6903547
1042065
413406
9163776
2472088
1658297
5257304
3988536
6053453
6567537
279052
9043993
5239730
9516249
7910954
7633233
1221306
9318774
1736398
4302143
6801949
3952531
2374003
6899681
5800094
7267242
7631061
208274
9366981
9122087
3789952
29113
7833113
2522538
9302442
9850844
5749346
5069992
2671284
4989721
3459305
4260668
2588456
5015100
8724118
5724416
563829
2756617
6723816
8819715
5776419
3986451
3895501
1535636
5230393
9364117
2710082
1747651
2753547
9643277
6233530
9012918
3136196
9576576
6742672
2652289
6204473
5681180
9462941
2502302
8166880
8990519
2892498
1230893
8650260
726158
8730107
4959084
2264724
3999736
6606121
4248148
4092127
310579
3416831
8471489
7148983
7538467
9876257
6335191
1272367
9364797
3841422
3177560
7373484
3799418
851375
2635028
6985619
4764964
4230024
8089109
117579
9434626
8402687
5719451
6489695
70034
5437248
9719817
5918539
2227347
2818290
6187711
8458726
6375
1673314
7162124
5380776
43501
5093247
3212959
9874183
8644505
4041226
962163
6546865
762053
6059628
6588187
6557681
4748054
3751380
4517925
4009955
8947981
9137258
3529036
370867
1223783
4859235
1397603
3697034
6259546
6798425
7827469
3204130
2913411
1044314
6669609
903231
2190275
1283546
5124307
6040129
641833
6121252
5290879
8976821
4534871
1090303
3027234
1904480
1173035
4244384
7816232
9040276
9630303
8556789
7463019
4751174
9123933
8762859
1645612
211389
1369650
5033177
2249647
452111
7533043
1888012
692054
1764037
9302579
619591
3552724
8069139
8562448
2609538
8413313
4063856
7651672
6082081
9208340
3543909
9314582
3901835
301014
3079417
1110625
3706264
6947814
7259768
4206011
4439321
1980604
9299973
9419434
6387067
9817457
5219796
9097813
6702188
6033603
6624501
3915261
5073457
989150
9104526
7664947
7247628
3938602
3111137
6876505
4836458
9037522
4181167
5097096
9776324
792562
2481742
4988993
7232079
9813158
1319248
6792615
8168349
4763166
6093098
4611543
199094
9480255
3446806
1528352
4735425
2273611
6544468
583103
5930818
4105968
2206878
1993484
2871117
3927802
8902879
5180758
7083372
4120515
6264303
619958
9602398
6420977
7278958
416452
9064979
5477806
6977409
433471
9965976
7210877
9087308
4340757
6867823
1406476
9460238
6076689
7931956
5404583
2068125
8673451
6510369
2564582
6045361
9046095
7070151
252758
8590829
6619016
5143315
3873356
5132705
4516818
1257801
1479660
4285887
672786
1834781
7688141
5121125
1602715
2154463
9228912
449894
4919367
8544247
2093562
4267281
9563136
4348032
7277095
7178486
6218766
7111184
2786798
710974
728925
748086
4220265
986888
3843723
8854032
6310432
3187187
676283
8750763
6032218
9407367
6007101
1316194
4136525
800652
8073732
5718776
9797956
7812519
4051444
4353363
7355355
1920747
2369743
6379460
5789901
8135227
7473832
4031304
1752550
617692
9259137
6001582
629524
4016089
9022670
1244579
9824071
7014378
7013316
9207883
1192593
7413608
9092428
9407065
4816361
2615537
4819855
5989924
4752137
3636639
354353
6775226
8962615
9336836
2515244
5439474
9888501
5360190
9372065
5167992
7310405
6539165
4672166
5623185
3300705
6683339
963043
9145720
7601164
2469378
8263383
904270
5851253
6580869
2296224
8352198
8077624
8615074
7519290
1057252
1992627
7278298
5752942
3594511
3835633
1368363
882965
3581750
6251851
7799502
3943398
126354
2093962
4774396
5586053
2870566
2637994
7226343
2012369
1087579
9789420
7181585
3945408
314942
4157925
6412131
6239512
8923250
5436861
5102749
9555663
6284082
7398036
2225487
6356224
5345749
3080164
2927176
1645949
8865681
5916968
716928
1290114
4056912
3159327
5171644
1663343
677711
6166983
6282816
335138
4190628
9648457
3346750
2969440
1702597
7996207
5896410
392951
8295218
1673747
4829460
8084921
5932673
528039
5978415
8716917
2911909
7431932
5737107
4320480
8164566
3160563
3712908
7130962
2853718
1167683
264193
7960355
1564430
4502658
4362258
6215848
6833200
2152292
3517418
8840394
1384283
6032423
1521627
3608910
7066150
8065050
8550460
2066863
7467621
8198345
987674
483981
8878454
1202664
5004196
6005509
3397308
7313129
4201149
6161745
9057899
9235667
6450256
2458832
9897395
6180023
8858892
3606366
7994742
7529798
2005214
8270933
9115743
8237643
6759740
7125040
4923145
4736150
4416147
136848
9176829
8544559
1527643
7300410
7811461
5640716
5695257
8908537
7282037
3351722
6717401
2566233
8607117
2759000
6554418
2849699
5205222
2052288
6003748
4912648
9484012
7725091
1985860
4747868
9222901
9068506
260850
2852042
4976910
2174901
2024969
2492496
3839771
9938758
7102940
7570185
2809875
4204136
530663
2417754
486994
8744953
9773127
2154066
8850899
33859
5756065
6801067
5811371
820770
2889487
7969828
2161896
3216743
5593766
4066371
9592228
4854922
7680126
3696028
9721107
338798
9122591
5495570
9280762
4188785
5291987
1374081
4524682
1175828
1063746
6400085
2444568
499797
4620847
4029952
2690777
3920880
933694
4865592
3335289
8074621
3953191
3326770
4680342
4216793
422619
1435801
6272088
2125050
3458625
8537376
5774415
411938
7194536
4618185
6982230
1251144
993979
9937864
121369
5674436
7913704
4126303
8046671
3568134
530017
1580178
6284107
1937811
5306580
1784686
4693218
3574354
4661452
4465474
7202796
6095132
6845979
3430210
7745700
785855
204822
111987
2604361
7670345
2547027
361873
4774733
7111805
4444573
3207147
373053
1318490
5172216
8720255
7891673
2049150
6504917
5620403
6066508
2090108
8904424
5740818
9170657
4422024
3253188
1636710
8110857
1692321
6330844
1172957
1679396
5389439
1063608
6695548
8102347
430924
5502838
865648
6740015
7344942
1369093
6254155
4898528
8299100
3124612
8904847
1750348
9972507
7094387
4169572
6605915
1454346
9014502
3701223
5833472
7168115
902604
2519714
239565
5646625
7360470
4039339
8491174
9598916
234336
1492902
8230017
3459049
8079708
373944
8588818
4721402
1003188
2956056
9319139
3210733
3710581
5922602
7444303
9315254
3443432
9872589
5055493
7088256
3399358
8562674
6743613
9286565
9957733
8036950
293722
2752986
1855759
6485120
6377868
1471053
7728285
4302285
563176
2685910
1090610
5527330
2541053
9650484
5377050
370486
1381512
8104244
2246288
3193164
4475831
3776355
3657974
9434985
1357138
6790687
223300
1414869
6092701
1219991
1007404
3403102
2049489
6013213
6338378
9902582
928051
5881672
6711361
5611721
6420245
2976025
323570
6074716
5525032
3715226
9319039
1529788
8906115
8263314
5808730
9916607
2520078
9194801
4651417
8646435
7649553
8555835
8015023
6665574
3986599
9664883
7831385
6312523
9168055
5762965
9866112
8832032
3470962
2901106
9696153
5331909
3776578
6549598
4542558
962565
4398957
3876130
1637590
1642707
6491965
574359
1911793
3503683
3923498
9480482
7271941
7151416
2703714
1834968
6147569
8320121
748074
6001947
9212861
4670162
7874433
1853328
2642499
8992682
2844459
9479146
1371190
3332553
9855237
5702458
99781
1145564
5174574
5350676
7420002
6945080
9673103
3481187
1674213
8914286
1429480
4508733
4783087
9916219
9034103
5910311
7407947
8375136
9352337
9804749
4826325
3564565
9743961
9635856
6819427
1857445
3690040
210968
3629947
2747090
3641022
6692223
2755877
5535925
5661285
6672150
2543633
160505
9353376
3695765
3542603
3245818
4145495
8377481
5547949
6057602
9764399
1674525
8858841
8929958
5842043
6163521
95655
2063204
4318896
5042144
650927
5154128
9542128
9287301
4269786
3269585
9836892
8578557
7964733
8859126
6561688
303299
8956098
2579726
6243645
3080020
3932039
2199192
2436795
8031687
7977603
6658337
9866756
7595786
6122726
9126111
6106374
8727403
8695520
7677472
6237787
4304017
2291066
4072064
3943618
111170
3191270
2710531
2822113
9369417
2425005
1626491
2011620
6835209
4142181
4450953
748315
9610410
5417058
1369137
5806364
2843335
6724900
3022436
2132946
5338541
2011364
2757286
8084106
9637799
9379026
739077
4941707
8854422
6528247
151011
6207693
7718219
6024126
6242131
7365741
6107660
3977631
2438997
892154
46574
3874152
7066443
6722735
5916924
6106467
9062514
8920830
2891470
6419497
545212
1837479
6151312
5662778
8311416
6776972
4503558
8775599
8597722
5169798
9371197
7509808
8086209
2624138
3787428
6250676
3885775
9777197
9127387
7363181
3714984
7995862
9092468
455023
5553717
4813247
5049592
5982043
515084
8258587
5386079
9972130
8838383
9008775
3154902
8544647
7419891
7582471
6288530
2275044
796800
8875986
4072835
8889496
5747802
1851474
6064136
1961579
1131401
4089001
1205294
558026
3418707
4307538
4347823
9153833
6459574
7402556
4104784
2244578
9022033
6885957
3465006
2960172
8311017
2571721
4883227
6148670
9327813
2705306
8156214
523531
2378422
6770528
7531918
9758097
2858051
7159943
2380302
6843064
4919788
1194217
3136106
826211
5006441
366733
3755090
2579498
4625948
9719096
7868122
5790909
6725365
505740
357217
4349536
3108722
3926920
4458039
6644029
5811774
1408579
8524090
7279740
4712837
77530
6528308
4649591
2291786
4860070
9622583
2318959
1597600
5007625
7229228
4832504
4822099
3877410
6175777
8655440
4633389
8156102
6710935
7068349
2960700
7854079
1200452
831077
4165263
2346056
8187217
3199811
5203141
5803733
3047426
378608
9900062
6575810
390181
7126430
1835992
5250474
1052668
6370723
308636
4973058
8637794
9685640
8520280
1168018
4909206
2290927
9210026
3181671
1618540
810517
5115258
8258452
1362907
4275741
2071759
8227925
5545359
2934389
8506830
7658213
9149028
1830972
6785843
8425965
1436222
5100133
2883652
2173966
684677
4599689
7780873
6507910
2949594
8954301
401508
4864338
7699462
3974797
6126237
7182381
702709
9919662
4372479
4478218
2773697
2365787
4962210
2026404
9001704
6508051
9151558
5240505
9317491
3606447
8030660
2854834
9049377
765829
6963026
3575198
894911
6006698
2292399
6304488
7855767
5348391
8730492
6297762
9778165
2339986
2598971
3301904
7866413
5884563
8381289
3751935
1878786
4920604
8477045
683114
7011892
1584816
2742954
7248056
4451795
3966976
7927642
6037468
5786012
7036910
2771376
8939516
4627428
5649416
4104752
5119187
9475606
4904781
7949383
9159810
1072164
2326746
3064594
4222489
452572
8926905
847340
7071834
8815749
5134238
6679506
8391533
6627542
2106598
117172
2292886
2061469
9034955
1914654
9560449
8235053
7617805
8307105
529742
2887725
304299
1881347
5567967
2920507
4315718
4172902
5937802
8093478
3362375
9922027
7656842
5817737
9510240
7711931
7094184
3001385
4533558
4707886
663344
3587232
9419045
4293375
8117066
676585
8111150
2436578
9967104
9521476
5141616
2486440
2761900
1615325
6618277
278525
4394370
7414723
8695885
3426852
2551612
2185198
5256352
3521718
7320919
3380548
1541484
8113153
9057523
2228148
7991026
7175322
616409
6710299
4926559
2136846
3221769
6533831
8177695
5300952
1672851
574661
5324368
1914957
6190671
1936560
1202285
9896040
323147
6622505
8560066
7565750
2958294
9266623
7532929
970303
5034202
1110823
7028725
1196261
92807
8536539
9384461
3522462
5156603
4840625
7145686
7616640
4649601
144004
2874272
4033944
474537
5522639
6242367
743012
4310634
962855
7929761
5250774
970320
8866644
1617610
3324006
2792290
9982122
137886
1544890
2201121
7822902
9883293
82331
2188362
243361
2312568
8751241
3252721
3471670
516904
8301223
2870898
5506156
9075314
8494443
7201657
1491644
3814927
6796615
7433563
8727124
3725612
5701841
4268905
2176670
8860383
3463237
5112530
9897359
7209740
4947155
3130429
2000910
405166
9693413
9897252
4824135
7165259
7925800
4368206
8109644
3028002
9814552
1971057
6566366
5421485
3888743
4274423
8798387
8989291
2771871
7013353
4311719
1470045
5849164
3252408
3926401
8769194
5670729
8785453
7798550
2593737
9872532
2894029
8046907
3299205
9942083
4159347
818140
7170505
7209473
6631178
8863335
9509140
2732812
2352586
1086500
4476858
4585211
1508462
9744571
3576160
7400575
6384275
2155034
9045136
9404529
5054763
5571445
5091736
9201631
3188664
1968682
9451725
4917186
8883473
6281522
7958919
4264485
3104432
586553
802066
5116089
7355514
8865853
3904425
8895890
4199812
8606335
3139092
749650
6604162
8155657
7996439
2068330
2392791
2241106
465911
1922973
3785890
9284310
4564789
7618865
6980234
2878717
4617992
1517814
5424681
4501336
6805222
4874015
6998274
1816395
2154877
9217495
3941090
5967461
2562206
8703495
6044643
3360414
2704866
1155782
7752919
4704551
6219439
9186452
9756912
8841340
9653753
4831517
4038467
2089710
5080811
9575137
5275753
4965715
2639923
6208132
3640540
9019385
6535834
327554
5780226
6656719
7879710
7891826
1703520
8830025
7196709
9136113
7091622
4761355
4852006
8336774
5187203
4427223
3713418
7938797
8743378
5018513
6712687
8886446
8599811
2705224
359068
2257684
2122508
4538013
7379245
1522749
393474
1035057
1298601
5188763
6714278
6734570
4009561
8875998
1012909
5719390
2515679
2540258
9825651
8078594
9496145
7597158
9637339
1935480
1850362
1163007
6514247
5852003
2787834
2857278
7800123
445251
6584939
7297225
1722336
117713
1717579
6213530
7775810
5418844
3545235
5907301
9648744
6519939
6541881
8314383
8690016
5612891
3209029
9175874
3060486
6936293
7298973
2663682
312772
5210134
9272707
7445694
4076789
6562774
2592732
2752624
4659811
6142125
7401283
2945367
6430621
8779216
6237177
103836
2875665
3620791
4029263
31783
9197678
8466914
6387700
8651400
9393835
9246313
1254478
4124777
4656291
7392282
6354626
4152687
3950129
8472997
6064605
6357610
2942199
4312415
9238292
8604199
1312856
4813537
8411283
4714663
1735325
2632827
211563
3646126
6419853
483061
6393074
1238478
5501827
3742534
1570141
5086764
1487131
5735817
4828546
1263767
2768694
9924167
5888520
5820664
9828760
9249796
7445604
9570635
4237501
7078135
2074023
741484
7292653
9644293
7015914
2658601
7542929
3875054
4800757
3643984
5676915
2800209
108759
9529423
4574244
3777464
2390148
4577470
9849581
7217220
3195158
3684779
69968
3360741
3409432
7220203
7989927
7200855
2966760
243086
3136493
9986439
7577219
4011548
7492661
6891607
9020326
370346
5947837
7203005
2010309
6256959
9007308
8249250
7052032
8308274
5411962
6246752
6248469
111010
2064154
1398683
1294574
2797027
4616865
2187248
3727494
5447832
6564750
8608763
4864002
1417421
7015723
7873354
6550788
4105185
2752952
2989590
6063667
6745332
6783591
396876
5799441
5364413
8724596
1402330
7052311
2721258
4907376
871194
3480975
645138
5665788
4260281
2728409
5787157
342539
5276448
6330315
4225495
7194101
5137279
6999843
3768481
8768244
7461361
3323978
6875364
3809265
729714
9717024
4996360
326562
73725
9714649
1366940
7900743
2514011
3306959
7067386
1195659
8138220
8874812
5276533
461288
2299725
3049378
2891689
3361188
9473281
4786687
7675482
7734248
192107
4292040
9242585
7252170
678760
3799209
5560444
2027206
8193989
7569808
951248
1567836
9544181
258741
260601
3673296
903789
2723101
5809
1347226
7005901
3423670
8102804
6792293
8201237
7038723
274018
9938905
8674793
9097542
8122007
6145490
638516
565313
8314641
9815442
6048330
9273134
914060
5763778
6421983
6197660
2849355
5890038
888110
1202258
2975454
87
1311155
6156966
6144913
2173689
4385601
7807650
6848079
5627439
1916715
8039994
8495481
2286971
7848244
612415
6569702
9824971
8003856
4177812
4590363
8782562
2845379
9198559
9381778
437246
3351198
4344628
6268127
5610640
1131099
6100737
8040829
7315361
1480024
9611114
9294465
3077776
1597321
4991555
8144678
8461420
3241637
215030
1134262
7152578
485662
161763
4673934
6611136
7305857
5261605
3265015
9486138
716604
3404014
6004464
4037746
8415125
4623258
4527573
7195171
3562717
5851741
2983396
1149923
2192610
1818211
1039906
4618249
5390161
3887124
6119899
3819373
5690062
6799036
7261705
799916
4245353
5266868
3596439
8173690
6214898
2760399
5705351
1176012
876568
2230601
6436973
6915271
6399375
6596504
2191152
9963159
2550736
5561594
39625
2000451
2980588
951721
7419982
1212193
6069198
7638635
1904174
6186308
4060168
4254358
4477023
8178521
1943015
4797210
3004621
6410447
1194691
3697038
3262595
5625180
571494
9059438
5485799
5787177
9978927
6163265
2103718
2777200
3764254
926303
6391005
152349
4302616
1686620
3103924
6889219
5524065
413327
6885419
2828622
329730
2396978
7754210
3968490
969956
767439
5656369
2780754
2460839
8742500
4746394
7946822
5504673
7469795
9026169
6402587
2947551
1630762
1566521
3969472
4427661
3164722
8204961
4364957
4619937
4706147
3086959
3835479
4831321
6298026
8384703
1888496
9347908
9711016
1772816
8285269
9868588
9759304
5896885
4937527
4200139
5593386
4844222
7785328
6567201
5366771
7700632
7278445
8772524
7429349
7821431
5756195
8394918
1265443
6454688
6383677
1513390
6258638
4326787
7427517
5907311
1583028
7667660
4953415
8378720
581413
1493679
8583184
4544847
1648151
6329727
8723619
5511981
948444
7701941
3235407
5207941
7991786
3971538
7008243
3540750
5531171
7126806
5866318
3276089
2748624
8081933
4263834
6741487
1964133
7938227
3903186
456893
1715381
3297077
5483680
2315547
1739031
7705689
4754409
6303921
2014297
8352445
9804881
642267
5525369
3062551
2119456
5451004
6448656
658001
1982709
3924264
4584835
3157072
5837759
98170
9203785
224317
5033592
3383774
8689996
1705974
6478201
4081222
2260167
3125673
7989306
267024
3657372
1454646
7099515
1542101
9319967
227598
6312801
858708
4699126
8182131
9608225
1541869
9180643
263050
1707377
9920935
5353102
8670883
8442856
4396286
9077006
4278209
5259072
225765
773959
3825932
5607861
2056947
9607053
6146347
1934639
921912
2491691
170398
2171866
2335049
8638503
6411494
9088969
9854134
3153189
1916145
3105374
5587313
2529542
5319340
9266968
7178267
3045383
1492196
2140312
4753951
3736387
5652335
3082298
8812186
2550707
7813315
9695584
9806977
3116799
8960109
5619429
1560643
880375
2947845
323455
579650
1527067
5903431
6305941
8454756
4585052
2609529
3430696
8184553
6092515
7597168
9305127
5132926
2153639
267770
5497233
8222911
4201508
1985855
1417211
3415857
9371337
7330181
4200923
1422562
8322221
3065619
7433183
1228080
8538892
9736317
2798848
3919255
7113760
6193293
5165437
2221030
1432668
9466457
6040137
7326251
3945645
3084154
1981184
7087800
936539
9243072
5962758
5382498
7926038
9758615
5789232
3735754
3114708
9806366
2278618
5232642
3094498
6232255
4534563
8181900
3633866
3947269
6072804
4276163
6711886
7811057
4086120
6343287
8762490
3749127
1854327
911391
1228805
8517285
632399
8565054
6456159
5902417
2061164
2278580
2348368
4833492
6306464
750632
3124127
8197678
3158312
5563218
2576177
3810057
3102013
2129144
8303481
4529281
7163177
8716453
2076394
5153934
9470740
990132
3453850
9324862
9511459
2880090
5371219
4882769
3384741
3516294
9676845
469636
4021310
6630118
2239216
7289431
5934348
7006539
9880755
9666357
7851673
16813
5026298
3773014
7262947
5847926
406863
8254572
6525813
7820560
3001562
7818833
6579495
9381771
94017
1400485
3559999
5441017
4481890
5909014
5752514
911669
4863552
9410869
3892348
8893197
3342696
1118114
1470658
4760039
4411559
3760877
8043051
3546200
304654
8000023
6055452
4545808
4036871
7612340
4279674
852141
8090067
4921926
989317
281896
5676207
5370910
8524194
5328639
1492577
8240630
464791
7753368
5361418
2177669
1162276
6530505
2575151
8038759
2747999
7237409
2804123
3522886
4396110
4164156
6385199
9557838
178983
3325112
7295872
2646304
3925323
8638229
2148560
8358255
2852884
4525387
9149487
1823209
2528396
4948931
6114948
8020348
5574676
9646529
9647310
8285492
1802121
2566776
3784072
948445
1749187
4184593
4689642
856636
6836947
2719778
3635058
8970737
8558399
4474689
2289408
3224773
165184
8767315
3286083
4013479
2557846
5800241
4617042
5790467
3725836
8456771
4259968
969340
9517679
3427967
7306376
4443031
9726585
6009787
4960709
5471312
3621357
1920171
2983362
948809
9933489
2520692
6601702
2115843
4290433
4389923
7177110
4089672
3247287
3219204
4916790
9948864
363910
3895629
2257873
2206366
8537609
8061291
9889981
4727354
2491429
8117881
8506335
2824684
2900224
4668272
1071906
5097332
9175241
2207200
7680804
744983
7571173
559917
5626690
3071311
9117510
4365915
3645823
8804287
8756516
33246
8939709
6514007
9500354
8560593
6969545
4463402
3908006
9180841
1871286
5040816
1229140
8032093
7063275
3432488
4897679
8272534
591218
9623411
1426919
6120370
1720974
698305
2169944
3027645
5519205
8765878
4967036
9073414
3268624
5378252
9975783
9292078
447321
6047797
4116290
4249386
3434565
5211693
637853
4327340
571812
4201155
4279126
8630043
7171769
2808085
3974751
8717250
5694277
9461864
4818976
5693270
3952016
571184
2864192
9246255
852282
7530796
2009182
1804580
7019868
4251767
9558753
5936582
4998336
8346829
6292780
8588323
791582
4973514
9851614
7278923
7088656
5299188
7492311
6115667
2124457
1853226
7342807
1134003
1846615
7485138
1651392
8617704
9898083
2590262
7127496
2788817
5345344
1212415
4440799
4475731
5101356
617773
3932804
4442101
8936541
1004772
4467728
1735346
3421887
6397051
6507537
6219349
867923
5937410
2369135
5865845
6920609
9192061
6785723
5645436
8804315
7725378
8039873
3425056
8936311
4595414
6619969
2578922
8017188
1257309
5276317
9488226
1677934
4115536
9119663
7570461
5937986
719368
8458486
5094451
2395588
2586917
5671555
2783936
3900151
6472096
6839789
9365182
391032
1413746
6879269
2806811
1211223
3589196
6522571
4046278
4171682
2986330
6304496
6974519
359180
935297
8704557
5500867
7337218
7944987
9742163
6710380
1407975
2893973
9573511
3465862
6884005
6736308
6325818
4760070
8041972
7300921
470732
2496462
8286238
1381512
3930456
4261420
1976998
6296564
69964
2950328
1629648
6569226
1155105
3669236
129594
8592757
9455465
1394776
1322539
9387688
9253295
580854
7167460
5830876
3014523
8951797
1519908
9522627
3445577
3115719
692012
8505725
9922681
3129399
2454162
1650217
186964
1675148
6983267
1352289
7892245
3951765
1989508
4261096
4575685
1988253
7779034
2791522
1913659
862920
6537895
8110764
9627952
1171259
3579794
4068997
9798961
7946199
7433635
6507679
2873758
1100902
6859812
4664106
2575294
7824919
6042408
5051627
9267985
6920254
808731
189886
121786
5851486
4629265
7554303
2484267
3887755
8264916
460004
2326944
5712108
5645962
7115296
1846346
1967942
4702527
9562983
8768234
1951541
7775498
9077913
5755417
6635806
9296738
26900
2757028
9321462
3355642
9912398
209981
6904427
5825886
155483
1988571
6505100
4393140
8079943
8047694
5285161
8118257
6760893
3562527
114852
5859931
6085068
5827301
5987555
1856740
3815067
8954577
9203162
1487617
7521193
8434515
4190986
1043734
5729554
7307707
3654026
7396011
9744298
2588090
4900695
8729698
7516369
9297662
7610285
1312726
9966535
6768298
2599994
6805081
9146486
1299019
1711186
6030110
8983031
4361630
4297096
9814467
389220
9698755
775646
1532162
5758911
1932293
7145236
9769397
5880832
2103695
6357313
2824138
3782631
3585660
1989595
6880725
4103159
472765
5978340
7765440
9733528
5523609
3848078
3371965
1757708
1082991
4228032
4393221
7860508
5975629
5381176
2017092
4518194
1526648
7292673
823715
2901996
9562449
335675
2822386
4074936
2597565
9151101
9296724
5812544
9457157
7169219
1695396
3483918
1936090
1960326
4444518
1792270
9352852
4595737
8446017
6187948
4554670
4945917
1635968
9679009
4252320
9484940
7593333
7272249
2924687
9569941
2317846
2183500
1886550
6974609
5418593
6624499
5291950
6750658
5117226
2928113
6390200
9700601
9975989
2373364
1971899
3607717
4876493
8170473
3046678
8325080
3350911
9713711
814403
7465542
2033418
3552121
9555359
4063926
6884499
22637
2285088
6145126
6592749
4855824
956805
1069006
9198347
1168843
6580488
4646069
2796227
6100462
6832029
4144363
6713471
2263452
7742938
9700827
7165798
7522071
633640
6056409
6965337
1816029
798443
6821838
9304213
2121440
6391494
3694080
8090644
7174203
1901267
5560343
2985744
4196893
2326859
6020973
2077991
5479335
883141
5897749
9983148
1989752
1244536
6454855
6696702
5866291
8769547
1288792
9752251
3820068
7856598
7435703
6002087
1014558
6632288
9337222
7920806
6077470
1171815
2537842
4445009
1861225
1468971
7547931
3818442
952947
6783621
4912868
9852233
228840
2858371
2489975
5346940
2562584
8684666
589163
8591602
9091452
8069399
5129620
3324973
4734470
5260756
9783698
1894879
7591820
7729181
5252518
153481
4921091
4779616
964320
9528735
9914913
1152364
326919
8711499
1928811
1278680
1559224
7811498
3097614
5444055
7207448
3282540
2454640
9552529
1448140
5610069
2714117
2783834
8922003
9029707
247662
1547280
2126372
5568170
3961284
6336482
4459754
8555000
6497174
8586374
9667671
4259191
2882271
7445442
1869764
5809247
2993376
5457122
1458189
8235745
9642568
4447442
7130827
7983300
6093192
9053685
8935156
3693770
8957619
1150693
5438705
7202389
8824903
4605713
2371420
4065178
1629015
4293991
9498392
2454480
3546723
3814086
4097456
6823029
3780660
1256906
8577909
2274887
9454039
1737786
3860516
1423874
2311837
8446542
918057
9311851
1781695
358167
4669099
1658124
411003
3189446
1417329
1776181
723515
8798106
3240901
1926448
3495994
7072105
4383151
6779038
2713394
1650743
7443843
2726328
5487592
7809315
182020
8731781
1121134
5497473
561994
3314243
9828720
7453524
978846
937217
593691
7581789
8043405
5582499
9837101
1653660
8620296
6443740
6807472
5969811
9225057
3143386
6727309
5989133
7042211
594922
7512861
6255429
2282416
932981
5638272
8002547
2110558
2427202
7092838
6459361
9330169
275309
1862232
641051
1194224
7897268
3807501
1754591
9517276
5506295
3410912
5442997
3347715
6538193
3370520
8268021
2452379
3111447
6233113
5519949
4199101
9626490
9120383
364842
4409968
1726442
2377944
2511778
8755200
4992931
5255702
244305
937621
2868787
6802105
7138215
2694591
4076122
9992884
1246646
8528007
4721874
7356667
3023188
4667680
1366973
508442
7780722
4691873
3838125
575442
2947328
5215703
8187018
5819846
6493554
8727203
4048041
9645482
7083500
8825606
532318
6908403
2462114
1521725
6962510
9321083
1415521
4760230
4411483
4563042
5978671
4451280
7308056
5042435
3685552
2273979
5511368
2900323
3301352
5069651
9760973
4061298
9192500
187182
245685
3863411
892477
8065973
4471648
9223112
112792
9442960
4402093
9783626
8135090
9157968
1307759
3281102
4672456
262747
3918143
1133903
272641
3116233
2794045
6342790
5667984
7981684
5493313
5466253
6277313
8269095
3384229
5069279
7013008
3681788
4641555
2271729
1082212
6119881
9666028
6570952
193009
6297159
839822
9508914
6003768
4330889
7018750
8556603
6317627
5182368
9494515
810774
4232090
8355682
3835437
5967503
2470727
5142700
619159
1708402
5758854
6470799
4303212
5843667
7453451
2289278
616432
1652866
3572757
1286890
9877126
7308349
6090807
1017327
7102379
5688530
5007703
365043
4607660
8332065
8830790
2095450
836870
6723750
760239
2832409
325848
3643092
5082401
3221439
6260011
2555217
5391666
6640665
8156113
1874305
9938763
9006593
1137335
4099251
624830
1448854
4529959
447806
532836
5749807
9175137
6778373
9728221
8362395
4848500
4698141
9079442
6741597
6924306
1671929
7011321
6645262
7202685
8655098
6979644
9319905
4686786
3362221
7383635
4989706
9693870
8933508
8856567
2896870
5860834
1755231
6432306
8322847
3629729
206048
4213894
1559572
317200
380254
1590688
1661358
8316522
6648977
3156226
2980155
8058505
2312642
5558064
1508925
6153570
8502259
766404
2354391
3999522
9962685
9425044
9837311
5077364
1947342
8396388
7957260
8405151
6701005
1766816
5379174
2452566
9740943
2588822
3789246
9843356
7697839
9842647
5532312
7898943
4869276
4365413
7573638
3717471
2810729
6017044
7110065
6788115
2958475
7037221
4904184
8859733
652583
9164263
8948765
1228863
1059970
1090959
1772702
6518292
825283
8155698
7095916
239972
6957942
3384015
2888884
6337905
6010459
813291
8185420
898302
4704028
6182447
9483760
2125171
6946172
3903818
2799052
3982816
6655262
3508159
819092
190653
761718
7678332
1726246
8991348
6872232
824125
9864688
844028
358222
1754012
3653380
2428453
7204547
4374064
9434717
7876645
5483356
4980585
2903191
2293575
4996451
6798126
9478036
8185492
3750932
4335430
5086001
4484512
7562004
3840998
7723790
1343258
6462751
480560
9440937
7269273
4561832
6151740
9472806
7998945
8624522
4144709
1084550
1265992
562426
7227547
9907937
7361568
8899481
4587512
7459540
9951543
3829058
5972731
4091560
948852
1657633
1270772
1874323
5873730
767506
4098570
3188655
5254405
2844158
5428582
3761362
7072654
2852640
1577907
8671046
9692512
8450982
9844631
5514759
6452498
2933586
1005685
4562133
4758497
9551245
3555046
4808958
7181212
8510996
7703786
2488646
4760512
3336627
365585
4314379
4776337
2467088
6234860
3113545
5938464
3509342
4598089
2012099
7915582
4819915
2308699
4062047
4891720
7257188
4980413
5512817
3250948
9571759
2689660
3470208
1704848
4808743
6738642
3296736
3697820
2392103
2700213
4425981
1899074
4415803
8171511
8320701
540481
6964851
3909273
5132023
9966151
4431832
8821929
4613171
3019198
1952512
3066654
3690456
7806423
9559606
276544
8592541
1142129
4963088
3659828
3330696
2202651
988352
6884575
6683120
5641736
7947279
4557471
2829158
6100751
7452330
5889647
663769
4425696
4061689
1976185
3905197
837636
884665
9381917
4948403
5976800
8714104
6750948
5324421
532733
4906488
5131707
789921
6062765
7058686
4363067
7487576
2592869
9740647
2295723
9413897
8527764
134848
19992
7617778
6470296
6693375
8785924
3703838
215121
4915062
3683210
6324756
5062633
8636456
408756
4671961
1839330
8117103
4454
2802614
5097713
9016246
1317011
2966276
8297956
4626826
24433
3321005
4583365
7683609
6552978
2151808
1621087
2306233
7577086
5342918
6720833
245172
2181888
259680
6170313
7685291
3516565
19774
735710
2627303
9270750
3960347
4399429
5331948
1467645
8155450
3662638
1620060
7633782
5975394
3604484
5477319
4833157
8851125
5651932
8166097
7936651
9001825
8093958
3389198
6838231
8905092
9273079
1606880
7860044
7065112
5346976
5906224
1108937
1556951
4896503
8138481
1762407
4237215
9282114
6419442
973176
7406641
1462574
4489906
2498025
4056269
3604927
4673216
2568062
8811607
2731789
6236994
7282394
4918256
641306
5393714
1632417
4891402
5072690
8949316
3230810
2108248
4050469
9664535
390200
1361228
2858554
1937250
7547511
3439475
4978305
9692601
1812497
7937128
7684814
7814968
4984702
5884008
2520391
5040390
2817303
3858540
9502797
1000781
5871004
6390171
2652629
5156985
6559158
1605920
3733063
1742704
9760801
5017367
5971093
9572802
4048048
7168942
4204049
9050671
8683698
3757437
3847792
3521312
3092484
8036680
1305027
627320
1656893
7768398
7035959
6359016
4905674
7328776
8562904
1080835
183705
8825253
4582302
9204623
9023264
7597808
2231149
6043
4855060
6618159
1128152
1486482
310778
4757616
9398257
9300882
1162413
9611551
8884317
810376
9459758
3284229
8955896
1100890
740816
4760744
5072092
1353194
4905231
9868646
4259942
2437137
6113632
4967024
4655044
7672640
551385
1063870
3479608
6637162
9959475
3605552
314930
5187961
6415020
6976261
9976823
1920000
3982477
7766853
7214830
1399538
1032449
130433
3847358
4697897
894058
36959
7039456
9895885
1391077
5038532
277671
4786600
7434000
4058360
662755
1397432
3412345
4172318
6738247
4868152
8292560
5681872
4834381
9299611
9140459
9473055
8958480
1868693
216882
4907275
8200873
1750614
8917867
8881718
8990139
1960632
7493520
8012502
8524408
1876568
9428035
5835148
2065397
6102466
1805038
6364416
1366166
8840098
5182930
1224719
697323
5720646
3922339
5185549
9216058
2672097
8573462
3076937
7351858
7423290
6866786
7863262
93217
9161154
1499076
242235
8067395
6580538
1549777
3886521
7817897
8595611
6908815
5429512
6330969
7096502
436107
3378079
1502699
7346154
111757
6629534
5952022
6053012
8527998
1573600
1522496
2718581
6203148
9477545
9375226
663665
6267279
9315632
2251021
9225689
8368711
447511
6085092
4574501
7024942
5411036
2217981
8966527
3227692
4104932
4111725
7437406
4399083
998226
2621584
6549120
5562995
2652552
9441128
2343811
6661239
8557544
3583323
4525713
818116
3564060
9545674
8908049
5089747
3253015
1115766
2700688
5576565
5770500
7751678
4108721
8559280
3733694
6116632
3560937
5691051
2456891
9311461
61785
7117695
925546
3614101
3646719
5420893
4456209
9113678
6826042
9202163
4767607
2914215
6228332
1461217
6904966
1779552
7022370
3853042
5071587
9790281
1186237
3263802
5511002
5502249
2721437
4629574
8448993
314420
387323
9616356
6354998
163496
9666227
5350371
5419650
9875991
1768412
7938122
1235195
2153340
1163816
9093362
8310520
5451037
8063649
9387808
7134111
6452800
1845
8238504
1694674
6939085
9011674
3107503
862065
6681757
2124939
1102334
5503115
1421238
213311
202391
2792371
7579212
129978
629896
8621975
4296925
3644913
6708101
7108884
2221653
7771297
3535238
895941
7515443
243546
5231995
2152256
1572734
5491364
376404
9642311
9740008
4523968
5877516
7562019
4575302
1720562
1117156
4430023
9514884
975199
3224369
987915
2329732
9811649
6420716
2192641
1411990
5577647
1562722
8706336
5535952
4675601
5598626
811957
3182482
3215804
2232517
7802374
5468854
8865684
1188842
514082
2351533
5969314
2484611
3793711
7502225
1204335
5766406
2629836
1624635
9601845
5239707
4487839
9860209
1708982
7637521
1192700
755876
387854
5479565
1122369
7145114
5738082
8884718
171453
9726697
7297218
2116528
4159906
7749548
1988003
8095921
2551370
6023793
107631
9513305
3227041
1119280
8079189
9951220
9796405
2212629
1838608
5608080
5575095
1265389
1345910
2871047
9131126
7471777
685370
4811581
6754328
7122704
9925192
2386626
7143670
7148820
9716378
6342984
5008361
3813387
18730
3829140
8155037
7870257
9804418
4749568
6643774
5313935
2487969
9572893
4262087
2695826
6777574
39169
4188250
3082756
5673035
8338405
815905
8093368
4816772
3354278
9370364
8695927
2656025
1970777
6840449
8666070
1725618
2632509
7892969
4346008
8917558
1728101
427284
5013929
9745541
875057
9250970
1442706
6803870
6545839
2427428
6164738
8761778
1012291
7823891
6923010
1178274
7740956
4799646
4481858
6833557
9738388
1742328
3378107
658014
2788886
8642353
9928092
8180745
7130553
7472662
9995665
4821374
9179804
4376383
5764414
5937359
6668662
7569037
7536208
3151587
8672864
5087953
3835990
6160304
6745922
2852331
1962214
802235
3243789
5262512
7894100
381291
6637958
8143917
1103707
7366918
4143710
2388999
9385969
1617166
2123239
1223848
3226186
1646227
9643162
7719695
9189937
6912326
9731099
3716344
2709923
7438124
8412847
791666
6597853
1917398
4873734
8894636
2336553
5784349
6913295
2940179
7896514
9029987
1594292
1095293
8873303
4655512
1824527
9056497
7097520
3773714
9621033
3315219
3653757
5715307
2429873
7560436
3220903
4462483
9646707
4200053
4076960
4822146
8357662
3302901
1636417
2431641
2564073
2453757
9737286
2806753
2197552
2411255
696520
6829697
3936460
5303602
8051778
7347441
2687243
1272215
5731967
776416
3515126
5437824
5799912
8075379
154239
6302872
9510217
1796184
6918698
7227200
6080337
4711403
1902500
5046254
9157099
5611448
6505503
8053445
3260203
6980279
1842983
8479311
1675685
2332637
8229986
2225868
7203102
7223018
9555093
9131160
1759128
6026735
6312922
9576147
4722863
1941713
7578741
9276592
8167384
8050860
8723543
5804841
3396089
4753619
5575163
4646598
1941988
4354004
3988307
4505561
6439435
474431
2462705
4093546
2592704
3196203
1864066
72487
8195131
7529060
6332004
1244773
3621509
6558448
652315
8535298
465267
4603591
3494570
7408557
4668730
5068579
1928712
113942
7449158
8022328
3413346
5024991
7210880
4326638
1558826
322006
7369633
5537585
5259858
1079888
2575118
1392347
4764976
704342
3290793
7969909
4592298
1794569
6788416
8591674
2776914
5260616
4124420
4321405
5046130
5574729
7419463
5396311
9659293
9007548
8325109
8654339
4738795
4359411
4945856
7665263
5191759
7510666
2972958
7266740
5494843
1270848
8851259
7681880
7952318
7085760
5576223
263317
5306781
8541765
139501
7150559
5577659
5585505
6659114
6132301
6170637
3048685
2647360
1754411
6234852
2995843
9818864
3702782
6506890
4238183
1640319
8384588
7031733
4571760
6333740
3794215
6353368
6611175
6672824
3763244
1666996
1692362
1872223
4599250
2608932
7419225
284389
6325147
7087061
8009671
6316494
9433919
6663514
202293
1118581
55928
568080
8178607
8710056
7176265
6861418
2364787
4082304
2251935
5096546
1459903
6825410
7648210
8634154
8853680
8418673
3037704
5459529
1829148
4665757
2512079
7809194
4887450
5929834
1023089
7138008
4990668
4555850
7035542
5729222
6274494
2108753
6334075
9043508
1606965
8339806
871192
1006989
4378642
9192965
7242469
3930342
8132206
748531
3053723
5189320
5488197
2359833
3881407
1847908
4470770
7656154
7336188
731257
8295140
7858323
8875439
4118174
8164420
5744651
6733674
1442390
9269916
2880784
8020567
2176975
7084575
1035576
8465930
5422482
3833018
8241454
1519608
3263559
5650520
9346573
3570697
9457661
8772027
7016846
9991475
8826735
1612333
5111499
8206207
6055447
8879567
1493960
7279116
3338965
5420283
4292573
6531622
3309764
7781446
7656866
4991201
9300358
3670097
1443506
2011331
8094851
5506388
1068621
954661
5314442
2280989
5661220
7203736
1743363
2187870
5958827
1726786
4155141
9867926
3143516
1712565
8338291
4928733
8016319
2693550
855229
9669374
5991539
4993729
7489763
7284446
4997675
2829415
3342363
1436547
9738569
9117369
2334301
9987662
4011669
8574080
3901280
6844700
1666600
8145467
4509263
4694416
4336855
4090014
7549128
6215716
5046404
6172557
3025840
2615014
5997920
8677083
7881185
2484078
1197154
5341067
8206003
7899860
4000244
8035023
1492709
4779756
5664326
3643213
7676256
5121636
3752223
8655395
5248425
1868283
9224347
7822749
3939026
9506182
854050
9236495
9927564
6566202
2808449
901050
4592247
1444829
3697615
4606767
5772749
6793126
1009217
1606377
7548857
6188699
7217209
7619021
5231186
7797143
732414
198766
1339522
5030721
8791737
6305319
6049851
2784108
5994913
3685276
3345565
360540
8338918
1472198
919513
6937651
4590714
6968789
886686
1721654
5398960
6204483
473263
744478
141968
4273990
6706900
1956408
5596671
6920212
5424155
9593476
699147
146489
9133666
3560192
4537063
5432628
2308016
8206124
4746508
1295596
9215560
6813319
1791825
4751001
4010979
5148909
6246977
1959758
9581970
1040922
9048081
8112047
9803975
3186258
4385146
8378804
2776450
4256854
1886141
2029417
9529727
7635653
2372696
3166729
1692327
8970465
3572225
8707189
3304682
5367956
8748710
3146380
1745546
4734109
3461566
8469091
1041668
4046063
6095486
2756396
2641065
9037258
5298212
9750541
5919707
5565234
3922314
6552236
6558437
2941002
8414837
7796428
9191349
3974949
2935991
4771109
4570363
993674
8999638
4534323
372235
450408
3001745
6498288
9308319
5146019
4885827
7874087
2038080
1912851
5109192
6389476
2226224
9537481
1461116
1127286
4654737
1652789
4175506
7972266
1390824
7151119
5578339
3295176
6405755
9628276
9721002
700565
9681004
6737866
9379303
3875320
7534246
4872951
781072
988021
8853608
3676357
962271
8300496
2716151
7370145
3189314
6751449
6949979
836807
68221
4684003
2154980
9336492
7808958
7813720
9451537
5887220
7027586
821813
3864708
5430815
5612059
1961326
4474192
8071478
9552624
9700589
4071902
1127929
856339
5553961
3831123
5000274
9521821
7439668
4256959
1983564
2606554
1322811
9725632
1052556
7024385
6918642
2915801
8095090
2478791
3183551
7936966
461746
7526293
368476
1981482
6808472
8619444
4645007
141045
3583731
2563683
9372976
8789802
1629371
4656830
5964007
6648821
5639378
1050193
3823156
3879945
6078328
8462414
4385833
9348758
6405995
1317890
3216966
6458549
7036983
1040511
3905433
2155128
905078
2458409
9209129
4371511
7827013
5167574
3582216
8470236
1834501
5939910
5137978
3802294
1579113
7423478
4858440
2515027
9625406
2460813
6133616
3894272
6520720
2701346
7351152
126504
297349
2019268
1503075
9761095
1797924
2541593
1012043
8726970
3561576
2025588
1098820
6836673
8921966
4485681
8608640
3431927
7463556
2547498
1933423
2118743
4359318
7559328
2278966
2500823
565853
4380935
876730
4433635
497026
9830106
8960632
5998578
7047295
5181745
9858861
5097887
3663000
8071701
3350408
6483881
724679
4788815
4381612
494663
2347325
6700968
511285
9115642
5843008
1369600
8760729
9690575
5786141
849719
9675175
6521689
6025245
737085
9646723
1491359
7071756
523720
6415579
8145278
9962886
1682423
3950233
2677412
4535444
7244273
6115856
5940466
8683337
5151952
5345263
9747765
7064814
8551849
1108899
568995
9389894
8054078
5926493
2985581
4071809
9822103
9554406
9746357
357013
7515041
1686983
854867
3740666
2746859
9326043
7914918
6617633
2312863
489163
7609275
9941752
6445654
2983236
1020983
3505477
3715290
4769495
9091610
9112966
7934175
938239
9653319
6386984
6044003
6507900
244343
586679
7541114
7528606
6931883
6446678
2345126
3085926
4660336
7177638
749567
5398716
2744012
5747565
3563066
4991277
7150056
7759933
2313418
287431
9879657
4878572
1314853
5380403
9991512
24306
2216078
2869115
4389993
4309104
4392994
9871716
8200596
857073
3912969
6336320
7617837
8408963
6481214
71287
4163352
955520
484984
6690593
7547134
8787684
1177694
9687630
1537346
5772343
608947
1643848
2104349
235105
4586267
2169185
656660
9992182
4484645
1340635
3953742
2820158
3162200
557119
112842
4597725
4655520
546071
9237301
6260165
5586673
6933289
8222438
1002110
3902546
9127297
5153207
1337706
4170767
5917634
3746342
5045427
1320198
8136828
9848211
4091042
7366722
74501
2896937
8180995
6290498
9717685
8060165
6511377
8965485
353608
7717146
2368249
2591756
9653891
4921935
6394377
5436033
5233236
2300645
6674765
2201380
4143706
6069867
9761382
3188251
7158690
6780093
7392687
3128946
3795205
7413077
1767910
9473508
1443645
698995
1726107
5011442
4206859
3414782
4767673
9267780
2157967
1232817
9648389
6397675
4557582
5169840
6373583
7101141
353422
9915533
5128296
8974344
8135666
8285439
7024683
6233252
4701381
6123943
5634675
9470529
2130984
3558475
3902885
193337
1966761
9650126
2106727
7114916
5166945
6166875
5634853
3690393
2597961
2934717
495892
7653661
3223492
8616277
6007712
9411131
1146788
66695
2739359
9001936
2214481
565479
4688484
2697727
4257140
79397
7552893
9941959
2011205
3609346
1974485
6248848
1992305
9627149
9002518
8782206
2982463
4963386
8558893
1353597
6982655
6536996
9841769
9967894
6867167
8330814
3132714
1422307
9836252
598998
2349406
1848453
3952654
8091581
5208506
9388307
1884064
8319241
9926119
2250634
7590446
663293
8751895
4864930
954267
3782644
9850354
5231226
1806524
6035315
8056147
9230139
844320
9549871
6891012
1874194
317845
2351998
8618710
4986438
1989040
2185820
7229864
8596363
944037
4667650
5728857
8439919
3966943
9438066
4530521
1665238
5005057
8139220
1908495
4274603
6955407
3435333
6054832
9773314
8595270
3743454
7711806
6409011
3757314
9885330
9248107
6187407
9207854
7606525
3847359
1459625
446155
9732678
8509898
5135813
4389683
6991856
1212198
7393075
5891167
9894136
9499904
442031
8317796
2550371
8423832
7307671
4519516
6193423
1867354
3437396
8969415
4034745
5671715
6913176
418726
9416572
6122815
6158607
9515802
4822784
1583599
4768379
6042098
5127177
2152888
6835736
1075797
8172747
679529
6676387
4862314
6877452
1549042
7688466
2163362
6233347
3541898
3455692
1535798
1885837
9066614
473530
6498779
5960975
8823807
7258816
122098
3082869
7184746
6933127
1928035
66852
4840696
4479318
9828365
527235
2589946
7262728
3850882
6226713
75592
8498003
366272
8563297
1211675
838726
7074503
6306541
5215217
5342915
1827687
8319413
291078
9062049
4173817
8516406
9570443
5689827
7547605
5141906
3306343
1760002
9311854
9002618
8146227
8801567
6111675
252294
2920513
7234006
2277313
158949
9662384
5421476
3543302
4193682
5923883
4856636
2472565
8388965
6780769
5071001
1288610
4540982
6759084
6782589
878756
3460173
3673387
3567202
3309826
759615
8689757
2715854
6264189
4413116
2432894
1449386
6382862
3140380
3460751
4309370
2259339
4799271
7383297
8344933
3979971
5065329
5204301
9201659
1909690
2592673
2140576
121611
3770723
2329161
6340883
3962387
1961252
274744
1524972
487017
9512639
2754132
6905183
9131256
1650702
2970574
1830631
384401
4916974
170791
8085641
7787201
9678054
5002056
2402503
7217782
3685608
8800427
8765160
243997
1943125
6364096
6845459
4898758
5960119
3821648
8393703
4912802
6621375
1053987
3368635
4583381
5147646
3436137
8546820
9784314
8968060
1484611
46707
8304090
8627967
2801297
142489
738368
4697614
9281546
4789177
2971800
6113227
339730
6620795
6023919
448429
2121739
5925120
9308412
5266648
5516402
9404905
7514934
1598051
4730219
2314649
4380127
4729192
9944236
9375719
3119815
2087672
1024084
899687
4925031
820796
7699646
2560076
4776427
5001403
2833670
9482801
6164548
8882831
8281427
783724
4520544
6031735
383190
5288227
2338739
796243
3559105
9226551
9716860
258129
498089
109953
6447050
2479849
9280228
2986857
8401947
397962
8598077
8843717
5033034
8205294
3480978
9345235
9210209
5924754
1697520
7197980
2694976
1619588
9695704
1750086
248455
1517395
8035533
1791145
2312632
9785026
7213496
112813
7073511
9285101
7904299
8629978
2177303
3851735
4352918
7463165
9157428
73393
7915633
9219442
1725786
3560893
9244612
4663818
5999483
8384812
9500277
5074899
751567
476819
2729921
6802356
4451796
7114726
3061651
6235473
140330
8397134
4294266
4176448
6923541
7292314
410092
7198838
3635025
2366258
1522741
4422098
6438304
2693906
9210598
7720887
448109
6122180
6911450
4426078
6308515
6974330
5264294
8467764
3171517
2876461
2308566
5005907
4005071
3118941
8890997
3588673
9376089
1298917
9917420
7360641
9966109
614065
33754
4369850
9111174
6016348
5513358
1495657
6773991
831525
3195180
5179016
618616
5138058
3173064
2881389
83975
9449586
3030444
7617953
3009456
5818821
1098101
3852152
6877974
4975122
9436226
5818564
440767
7547036
3237677
1839048
4025315
9569423
5886821
7912366
9727242
1743723
7728462
8164435
6598527
9642549
59268
5931813
9215859
8152435
2921742
5267641
7745900
2268399
9387036
5730866
8935494
3980634
8371324
2985079
5529222
3927841
5110978
7633996
89843
7671084
1787268
2519787
6224923
2376870
9060744
5360099
549256
1245440
5243425
9828141
4704587
848862
6506193
8379342
8070
7438227
3764158
2466370
5262775
2669250
7190449
5993936
5030787
4791261
1748698
4639079
666463
6568442
7730731
2235949
4049009
424112
5488379
2304134
2663142
7872368
3954406
5415472
5193640
2973807
5081629
856512
6758373
2951190
8014369
1794752
2921858
3107591
1090324
1438082
40277
1837597
4202845
8608973
7446024
9450943
3032143
5993288
532290
9847184
9206661
8670443
7805109
138323
2774092
7998706
2811972
4584426
8223081
3049815
6975585
5621196
3742987
7070662
1581556
1110222
5189419
8871233
236785
2434737
5272279
5873536
8909318
4377224
3480050
6247698
2638087
4335994
4455608
2167698
9475140
4126049
6534350
3483365
1664798
707790
7351403
7663317
7632948
98659
5788210
7999607
5947867
4381877
1860325
3569063
2306750
1403752
8372903
5138046
6286951
6161767
9950148
8152451
3791341
6593049
5206861
1893423
6867170
2079747
797371
3340157
2694837
2294695
3842357
1594700
9793804
2348449
7164134
2311519
5062310
6922339
6748925
8658928
8996924
2573733
4663079
3876199
2516140
213877
1157076
5498827
7674839
6501578
5837115
4423722
2986397
2305598
5591329
9046468
1205945
389763
6027504
6411680
7548364
3958450
8769854
8167752
9852862
904893
9259659
3955940
82889
3022025
9904978
4750441
2593907
4471255
3571577
4130280
6042205
3715772
9788630
7774512
3341482
9966724
9449972
2161821
9817442
6185439
9302782
4470146
5283144
6454387
3632470
8284706
2593295
1171953
8741720
8546019
7388726
9969568
3863319
6326753
1964396
8175561
4872490
9609305
8939266
3264008
8398434
4545938
1621747
4112848
1516408
5394910
6104059
8394150
295467
5629537
9658832
7751694
1548088
7832308
6142423
5751296
6209817
4582195
1806420
6965249
1162157
6202553
6190417
9213227
6833894
9015544
9322175
7440273
360335
9622386
6033796
7465105
5672904
1991955
1172378
1105218
9491946
8057784
3995541
6041457
3267400
2798555
4282954
5940678
8407055
1274507
5888232
7968146
19349
2127828
6176098
5744208
9623770
8110553
3308587
6580649
4672041
1242976
6324159
3200012
1375752
2643793
1189681
2797454
8157262
1114696
6053598
1299237
9666748
9503531
6425624
5862791
5958767
9396940
3397612
8661219
7237802
627838
7485964
6113501
6507895
7866276
4112983
6407129
5309733
2194072
7316537
2012824
137959
2488208
3853306
9897489
2827497
4411271
8526113
2187356
4163967
8553909
174249
9113533
9235195
6228167
7468218
1203946
2000048
9155129
9190117
3202273
3806560
8809416
3252113
5611624
7831597
100533
1947885
5474138
4360953
3342482
5206058
903598
1232405
2421054
294006
739661
939496
3713242
4127835
7740923
4860840
4156228
2935575
6942728
846730
3239821
8390048
4960153
888038
3799179
6156844
2554629
297721
7766330
2432242
6201458
2744172
9245203
4845937
2754017
2441856
7647273
1836902
911597
3277241
9134272
3378050
2548814
3300129
4214642
1459074
4702425
9183129
6510574
861984
9388745
1324734
3413102
8750226
8139243
8060959
4048636
3335001
9951157
9833657
1311580
4822653
2933121
2177477
1107820
9064172
6177291
1835579
6969582
3087175
7745723
7490124
6070866
1264460
2266960
1202768
6621440
6900800
4348946
3509089
3099132
1416815
4442315
2783347
6772408
2117226
2839319
1325758
7841088
3303863
3555751
1734013
7022588
6162559
9927114
8268484
5354384
6404062
4704105
6075885
6414114
4015175
1038718
1469202
4950107
1090901
6627949
3845173
3157107
8682913
578467
5537074
9495126
9103897
8488036
3460748
4011414
6926179
5666994
9566728
7951837
987126
669307
7903468
6010473
1250320
755689
8541634
9514087
9451636
3175034
2886754
6800620
1269430
7828315
9434631
9412750
2035652
8725122
1305092
9832336
9535514
9166669
2967679
5893143
2434013
9181522
2440085
4859868
8957105
5077536
9396855
2561995
3473263
7441915
918216
6245340
3383184
3080620
7917096
6476267
9972956
5318726
1299341
6012818
2455067
1748878
7124737
7847332
9728579
7490597
8565098
6920364
9986598
6590111
575618
6144116
1999284
3826499
1469873
7282884
4807545
6510154
9946196
6788817
9859263
6917466
2937067
2517329
5924327
2233178
2591642
5290658
8184841
4100739
7619375
2921696
4430217
6082281
9920082
5096758
2527205
7380878
8302630
1813079
7198148
9970332
3066684
3667687
1543690
4022160
9471824
6848255
2746219
699984
3683918
9483000
3893295
4131988
286054
3572427
1399466
80634
7958026
7613601
9908990
1139122
288891
3525291
6554966
1435370
1057105
5349590
3611460
219166
3678673
8190812
9072326
3349602
6809264
1891004
1323107
9187932
6840820
5867262
4731431
8458941
9019653
5589836
9685611
5003749
302719
9622939
6091549
2762078
1077693
5843905
8312293
9393015
5896769
2951061
3368601
7216375
6747592
8104260
4305305
4474103
8680774
126332
4803941
3146750
1253792
2714073
6774177
6023369
2971910
2236463
7407058
5381692
4584263
3800452
3274334
1918202
574178
2277749
7320681
1860072
3068380
339115
3451717
6752986
5267319
5498491
2949918
2175558
9031242
4201749
4495658
401013
2602094
8441639
8787842
9799349
2357898
4783736
5011337
7196210
7116904
3485741
406142
1512148
8490593
1963815
4379686
5911501
9208673
3669580
9917299
6215028
2618303
8260567
2130251
4201498
193419
5943834
9363676
389443
1897860
4851521
9811129
2361930
6172106
458973
2441198
4084356
7065417
1064031
8856127
8467130
3810369
8977823
8114793
3403315
5060092
8884270
8951148
3908760
8575186
1278718
9292895
3098558
6909918
7906082
4028013
1074539
7883922
7030700
7108232
8465650
7579727
4278194
5016362
118347
2994117
3593601
3824095
4401045
1277857
3182815
2973581
1635370
7042187
1042264
6583845
8625824
7220629
8991875
264877
944472
4585911
3219718
7565183
8878438
6790424
4370408
6713547
1522600
1111374
6425074
8132168
2040221
6769606
1149143
1080958
16064
3425294
2406384
4262781
5612711
8659052
5026412
1596024
5590023
7979964
2966927
4005502
1510969
1021652
220632
1190868
5871384
7558569
9252650
3390766
5020473
7672769
854350
8479114
4978604
8886770
1708776
4491962
7006531
8042040
9274683
223519
7353189
9959917
8852295
4781114
7488259
2884523
4650316
6036479
5062820
9091882
1289378
8946930
4492662
4858360
3236431
7152549
2742482
1232150
4386501
3870730
6030736
505602
7984181
4239690
1468546
7444822
6841904
3932700
2147638
3729779
8156856
8542362
8149486
2238954
6105269
5613301
6146224
5508043
2905564
7614072
5847015
5277124
2806169
5157535
4095118
9983047
1052902
5698200
3900033
8482331
6512358
8356520
5198738
1670265
7834964
9633156
3105846
4733848
1839220
9228556
3766271
3383186
7672799
5262509
820082
1155242
4643837
5727181
9732873
1506690
9971830
4151553
2625756
8862552
5338725
1368767
8725546
3307853
5305479
933172
4873458
2187573
3537084
3357870
5782936
2166260
6247563
485890
2240582
6306351
6568912
4475092
571428
7111459
5346927
1597346
3882903
1691473
5708086
9333971
5106302
2963290
1397038
3459564
9596111
1563018
4079442
7305395
8468828
6984822
5848930
4566837
3703931
6495646
4893407
4552108
385958
5717266
5223473
1140926
5631953
9485734
606747
8598953
4903399
8593563
8713731
9904286
4105024
8964857
5362668
4871663
488384
925574
6867498
4370119
1631872
3262086
5323198
297692
8831132
4555197
7243329
6104260
6390731
3635757
3283608
9969758
4151459
3306537
1343385
2689950
7763483
9440231
4583210
7696834
947437
3705047
6926824
587467
1236527
8771179
9143317
4250997
6596140
7559891
6148626
3486834
8860047
914810
8929686
2962116
2941795
177597
7913517
4552733
5469770
5232865
3457584
1076631
1694866
2443961
9941629
5791808
5996878
8095459
6982943
8857552
1777098
296649
5086780
2924662
3203102
2150775
2003499
8516788
8739243
9257803
9718332
3755244
9137499
1336447
679655
2049911
3090047
5163120
1339362
9640029
5641206
6854206
3868661
2728234
2114910
8964842
6121360
7668653
3449762
2096673
3888248
547055
3748296
478834
9026066
919694
8190863
2851593
8874692
9962820
1298705
3061625
4478338
4010084
2269846
1915535
5329404
2721049
9323594
9682495
1697626
6066419
2732557
1995816
5686182
2838179
9233658
1510801
6206873
5376483
7761379
8037468
8309938
3509515
6360784
1289265
6885503
4413778
2119719
1555943
2514129
7972703
6470949
3411232
5935402
8148357
8793860
7115569
4285061
6947733
4294305
7906459
8780127
4276945
2601114
4013963
790749
1346153
8593588
2201388
17915
4971320
6399229
4151521
3719272
7165622
1198032
9523614
1896756
5580489
6552867
7738190
8205399
5417850
9599868
3439613
4717062
5750578
9956552
7340046
6302485
9643040
511136
7991769
945644
6326879
9134630
6761135
5538721
9020895
4324908
1411191
7917328
8210258
4849990
4775710
8590037
2757487
4666041
4545167
1836351
9661052
7199612
1550351
8429658
6379401
9708369
2692058
4486406
3712573
6923023
6109671
6982443
7021083
3363090
8670606
4883398
2018022
8096780
6003248
4739502
2987968
5327303
3213651
1481021
5753995
3425389
3140136
8508599
664406
3565806
1272572
2389746
3232487
3318597
3533903
4734094
5154520
1734997
1470896
2386577
6632853
5944886
2185888
386619
6902066
1973739
2741768
3845085
5446576
2842699
2660642
4599207
5075596
8338013
3674396
7916001
8050270
5843032
6908233
4520222
3160471
7100840
5836079
4935347
3497607
7338870
3923262
9736723
4943054
8325830
3611969
733388
1933516
2415454
9427654
7062888
9815200
2514263
9932125
116112
7382307
2731875
4379551
2897486
4024207
3457474
3961933
9992445
5165630
9084985
3927598
6744712
3041644
1319089
4320626
290623
812857
5263963
8755591
395028
7061949
3481479
3945853
2730886
891772
5942728
7723847
2957864
163553
3400918
756653
6834418
400294
1048291
6141439
762128
3290081
1043545
1882679
5093822
8394855
6000870
2963235
3745380
9829018
1993094
8086189
9362376
5094228
6175552
3371907
8067306
8922506
6401541
2507299
337340
7824510
2904388
6116144
6395160
6488460
2988819
3389148
9769783
7500901
4395007
2350297
7456992
9913944
9842100
4714727
2598205
6492831
472080
2683481
4684992
899172
3436185
7445537
6172357
2746689
101712
2814308
3784522
2811777
7424441
6216635
5856967
325766
2646646
1052602
3082947
6593949
5357182
1903518
9865481
5093110
245764
7320797
7810726
9708619
2931663
5950249
2254556
2568603
7021807
6036352
5913173
1334321
7866081
7643196
7438122
7650746
6937716
2165910
9930323
11255
737869
2048093
4044297
8775838
9280324
5303308
7211816
6814501
3037560
3391249
551578
8103738
1868865
5467221
73952
1799083
2538573
7956254
6213660
7130717
4455640
4717656
2674210
4813277
8683830
7534931
7852653
748763
9399144
4661217
2695110
2784784
3189761
5966810
8073667
1666671
6663403
6947119
4557283
5419185
9548711
8436959
5271239
6805004
8315391
4154923
9365359
7053087
6282807
9885730
7065064
2000195
9465320
4190610
773798
1889680
1369058
6033951
4848782
2973986
8328334
6413141
5765349
3175700
2979002
1521765
6930205
6808939
5701045
5196358
8281222
4453949
9059598
8048033
8141519
9490848
1416542
6520221
6965130
9455147
8834809
2896842
1428748
2828191
4445200
8252920
7153010
3587473
7351212
7010385
1189960
932813
57642
3088675
6479978
8024446
4482204
4193670
8903627
8397745
7469490
5297156
9995131
7295655
6253256
8468211
7764943
5725106
1219849
3159719
1334793
6039897
8229415
2961313
7624621
236712
445500
2081191
2583612
218805
3224291
1657558
9804
4723158
8458133
9236946
3378921
2233
7748211
4852243
5710156
2871909
5252667
730839
8752689
7805530
4448123
111166
6657205
2785671
2687032
4162744
3973009
3083084
2329168
4624714
6947947
5742047
220239
5161809
6858811
936853
2844908
7948485
4531695
1342302
906617
4717664
3149142
991058
3417695
8327017
375854
7402746
3764488
8327842
2711018
8891899
4588567
9259138
1100576
5737439
7463719
291710
7174082
6879694
5875857
4654293
2376970
9894844
7689936
5593792
6784944
9965400
8514631
3104103
7857200
2676798
9121011
3719673
5087202
8336883
181325
6626641
4313703
7121998
1490909
8610923
5265634
721470
7444653
9713702
6058022
440113
5104170
1772915
7140860
9896388
3229652
3634060
59106
5568110
362668
3340717
4833969
9383362
9784032
7325990
3061277
9385311
892514
3838687
5218917
7529390
6017649
6118939
6628026
6460766
3874186
983338
5741502
8598510
6134423
4493489
5672136
762007
7616739
4035884
3219416
8265493
4473458
4747483
9845816
3059712
6730498
510001
8288405
8931116
6766880
6101373
6445389
5845422
1445193
593350
1898841
2476334
3518653
9703277
4280803
3728860
92326
7775603
4668544
5290266
8812987
4055985
660154
2793840
2576086
2978278
5611156
331638
335789
3434514
9460210
5538392
4727271
7530050
7615810
6965338
9998962
6944939
1343401
2653605
2446489
4505586
8569935
430638
215501
8654769
7172402
7277054
9779853
8707313
6020761
3357224
3049989
4746351
3174317
6004080
3729346
6264138
5986864
9015555
442198
1240936
5332935
3728734
3228637
5212884
3197222
2907798
4751456
12681
5352984
7583898
1993096
8415372
6450251
3227230
6921805
4624833
56957
6319497
8616731
7226389
6710889
4816797
5930174
2355302
1641417
2307425
1634604
8249833
1023171
8054772
8821633
7537590
2605642
9941447
3110310
1044009
1765648
5975549
8669009
4106958
3172167
5551115
1303779
4784363
5549589
1710919
843347
1157820
8221570
2901315
6250307
4804530
71266
5034575
2638538
435849
2259895
1515124
8705628
9703969
2725731
7101157
5628596
686862
5959229
1588910
5778073
2179466
327155
8490249
8860080
9175180
211819
817943
2943289
3677008
5031950
126388
3200436
8961817
8447534
6937918
1266802
6315421
6828977
6999309
2428172
7562211
9741755
7349204
7805203
9918342
3484618
7304222
2283632
5996902
8686531
4690061
5903215
7116692
5917705
1673433
4938584
1686656
4424999
5982427
9434066
7840806
9850930
6212423
4529826
2505680
4866390
2810209
5044086
3674471
5499539
7317551
3416219
4962195
2645010
4720723
3980895
8831714
7193239
8157752
6492190
3548110
9919193
9008541
4410213
3193235
239990
6330326
4994561
7796255
4795840
296890
5559350
941227
1739896
8792956
7902994
7242799
9504543
5793893
592168
410156
5808274
9889564
2741749
7713427
6784183
2245803
6423263
3436447
8128809
8076282
9406970
4107728
1516711
6219587
6599335
2874598
199075
9183599
2471152
7487856
530055
4693035
229134
8898738
9353704
8345620
2491845
489866
6101647
2739123
1769416
7080540
4816669
239668
5569634
6793784
8380644
1401186
3982466
378398
9469644
1013836
8976800
6727013
3969417
4838684
7678442
2057884
9624795
3258775
8557661
9887734
9954001
5107305
3824354
8461221
5555658
8290554
4638726
997087
9934040
8402705
8707625
7655076
3384117
3597591
4472909
4582746
7638879
4776040
7885309
3857864
1843095
9273774
5422106
5465400
5096191
1310214
5605408
493296
5652142
6019408
2574333
6275816
3596864
6339534
8446024
8243141
2877405
7358014
8918253
9561323
6524015
6499430
7104842
768378
968753
8129797
8968356
3510621
5207173
786605
5426324
6694455
5638896
9552194
2131309
6382353
6751944
1895692
1039765
539915
2459834
6572785
3085788
1476307
3822255
9222222
8923803
1768979
1295980
961263
1758046
8683588
3370592
5787528
6176193
5617822
6095735
1176061
4362802
5113679
8848076
4329739
1714022
6168284
8467831
5180284
8319449
3255642
3834020
4876179
4612451
59975
3952353
964926
6561317
9112818
1765058
6393099
6846133
9131181
4412208
756449
7161048
9757924
6497459
8264910
7892101
6108569
8803395
6485124
6405452
6770256
1010154
8358013
8083939
8884937
3253865
2778035
8415147
8254538
6102829
2185554
5943972
101032
4419477
5501491
2270501
2633812
3284078
2877838
3627398
5802577
1296313
5300962
6311371
5094041
9793147
2599056
8465557
8293160
5356866
9259538
2764264
902641
6590720
388861
2842529
8393011
5451516
67500
3186382
8957721
8900336
5096238
7834277
7230907
8682551
6439296
6479038
1020244
3142477
1076151
6190257
8693296
7596097
4387862
1056126
6593406
6797362
2250347
9070432
2093841
2474608
3910259
3341528
8544188
9518220
4856982
7058410
5287798
2554090
2420158
4746140
465329
7967268
7987635
6250275
4840087
4767210
1834848
9717711
185177
281577
6151990
2798492
3193809
3107784
8385510
3875607
9622232
2206770
4864658
6167766
7901954
739928
4728008
7905171
2531574
8862296
5643634
4846899
7929177
1045488
1474277
7088988
4723150
9604212
441399
186224
5095864
5116753
4930658
7596803
2267498
5499126
3841950
7647434
3672628
6982236
4490188
7607292
1722159
5414173
8263067
9106962
2069274
9912709
756135
1209890
7827953
8395327
3815362
5012055
3021918
7355254
6550809
4012435
2612398
6580296
574246
7723562
9200348
6617739
6647197
2571344
8033668
1563614
7882284
8808628
2560938
5863032
2056651
3243894
621590
9252296
2599615
8257791
2812045
8044850
8440769
3437276
6491735
9737546
3320238
4697626
2575179
8798715
6655077
5306541
7703129
4053866
422201
2699110
1836609
1040071
6418252
4351771
7026849
2786270
8771297
823001
6291785
7609859
8678066
7362357
4219989
9973188
5455581
8596034
885906
6466301
7018490
6172007
5800233
7125773
6045678
7941209
4795847
1469401
2826771
8520663
9934921
9711033
8543568
9092564
4462520
1438257
9094189
5491816
5773466
192349
4466106
2015050
7886092
1073848
6118245
3518081
3716790
8693028
6295534
6761275
4735408
9963070
3348653
4412035
1818203
6383567
8655059
5168132
220767
7086626
7946793
5930692
4813985
4819317
1762226
9741234
7279216
7378251
1179219
5240195
1661541
8874283
8239639
5126317
3540911
5164110
3958404
8256730
9227975
4873824
5132568
3130234
3747050
3834087
8272183
9282664
8735661
7154886
451668
2782854
3225735
1050332
9975800
3642773
608463
964830
254471
1735220
132921
4827865
2932173
6499291
5296326
2920472
7326176
3446186
9815310
7001307
1243863
674609
3524754
4291462
1650597
987411
2777728
3389855
720945
6922130
4597629
5148311
8581000
3888729
3158922
8584293
6495635
7831897
5355227
3065225
6664132
6896433
4018730
6430634
32045
2430833
9495770
1962631
9817483
8228879
8747780
821475
4656623
5019101
4073566
9670544
9371283
4193295
171375
8273545
1600464
6636175
6254290
7000106
773333
1244616
6637663
6972568
5027790
3789537
3155260
7569736
3522668
5389524
3930802
6897341
7514881
2585037
2720950
9809188
922703
6324878
8423279
4812967
6791029
1809364
9118681
2896565
2522376
9997536
8336617
4946454
9395900
3448604
1510650
536241
4250820
5506803
7679965
2396296
7197034
3191848
8551526
1599035
1398815
9199049
3384111
9054899
6873532
6344337
718980
7758639
8404849
2380018
2730310
9354666
3201933
7451200
5583106
9186446
36022
4885756
7474107
6419019
1544138
7049293
5643661
8127703
5059552
9032934
3630346
7253127
164800
4787313
3384904
3270636
880213
3527698
6990892
9494936
7494452
1968304
4056020
6246030
7835464
911136
952853
4343771
6502637
9289222
3318168
6367141
3066380
519898
7382988
608793
4624925
4682509
4283525
4125817
7864293
2464938
7773040
3058552
504088
5293057
510768
1035653
9608503
5573035
2273515
2871447
3556859
8374106
3858366
4501013
2014344
8849592
8411668
7978489
2112040
3462976
5550259
8001413
6544153
9419828
9163900
6882417
7484386
6413456
2188101
3119798
2831430
8058516
5101099
3081148
7154930
5393944
3710173
3765720
5765200
1551773
4794063
8581926
1964378
6877978
4660099
1452013
4017537
8760335
1817331
9590945
6294881
9193419
1951442
7133767
1261670
9709580
1539945
5228322
2219239
7429065
3551287
7599526
2931502
7314580
5515473
930140
1670203
8928276
3503779
9249287
3890587
3908855
6133892
7742585
9540055
7469149
6397043
99061
3931597
8001831
5910427
4405650
6739550
23257
1932754
4299928
6867660
5297436
7414295
6842229
1608800
685201
7584127
2519896
4448888
298197
1674725
2763706
3916516
3639449
5773203
9691663
6678612
3288599
9469206
1820165
8757075
4498066
9103766
1977939
3846985
7636735
5127736
3604115
3346330
1119266
2329488
6196440
5360914
6967781
6610620
8189693
3749181
8393576
2416016
632708
6226090
8454452
5958850
6783231
7298618
9309020
9410495
8393109
117251
2395600
4714193
1908740
4807210
3226296
1133234
3367004
1245384
2569751
9095035
7216152
8162048
4763273
7379652
2860520
3492264
5779287
604719
8229480
6623433
6422687
9922474
5372727
1592492
85506
1613670
470714
2465997
8813098
2170327
4080262
9734618
2832059
514556
9304695
1106560
9012103
4035097
4291348
8490113
239774
663433
2281391
3787707
2426031
1331667
4320161
9229802
4063817
5925817
5063255
7957129
7634160
460441
5024996
842522
1673469
4578421
983976
1352336
4151926
1456357
7338723
5495613
9729732
11602
2282313
1565545
5625185
5901528
6761242
9442553
9911513
2717961
1078670
6160971
8526319
9136848
3965892
319697
282049
4348568
9065461
6107082
8792831
5713815
8045027
9544725
7364789
1988026
1330585
4070376
5357586
916211
5721741
5905607
6632735
5604897
1793178
8804081
4949352
2808229
6227462
4675043
768836
8989643
1270869
185760
2895563
2138037
4394250
5613155
6029769
7543201
9486826
648217
9636557
7938786
3009560
8161767
4896047
7249075
184258
1501260
709830
3104872
3533539
3931760
1061023
3000118
1594646
1819778
8145374
4512211
6550747
2439129
1004619
1561657
7045098
1097033
3082344
5413448
9446460
3087190
4297513
2331449
7632097
3330814
8609181
5957751
9070343
5066154
4343388
4894701
5128308
5994733
9233181
9143217
3685340
4035008
9288937
37541
7162944
7808819
7723200
7373918
9288956
7609965
9269716
2610887
7160996
341421
9869845
8253079
5127539
9302742
5364497
3133147
1219542
6636508
3379217
6592527
9903337
6490595
4060456
3109196
7417879
1030746
2593348
6020739
8597246
1552358
4099465
8258480
1070111
4472528
771978
6864297
2534524
2777351
5195109
9712694
8732936
6669792
1832291
5926915
1088237
7422016
3085502
8944951
7068913
6420907
7164931
2277499
2677912
4059836
5546602
5833256
5369301
964119
6158603
53159
7217981
5380226
636398
5828166
171212
8700114
2727413
4276127
6240690
8473459
5606613
3944554
1985935
6462788
2198514
2451235
5044120
6029400
5009915
1206121
2953445
9027032
6648863
5124092
616520
3296043
5691449
8794931
8049024
8186359
6143430
6795053
8196351
8866124
7750101
8284747
8818827
4493792
1661808
3047569
6888303
2708289
8542814
7966604
8068876
7631451
4910487
7798333
8564681
4677268
3023529
6462122
2716427
632991
6444676
1361503
9432724
2203480
6546722
9569944
1152351
23529
5464454
6386240
285432
8538749
6068199
6709921
1746800
784106
1432668
4486548
1085805
9344546
3465192
3659906
9585109
1420513
9542410
1889364
5578695
8765220
4163329
1323118
4641857
4543435
6087412
6159740
486023
5097444
7615465
1522444
1464182
7042698
6198559
4689185
6393943
2566001
2361276
1316816
6064805
110984
8228887
7057971
6932549
7038584
2778725
5230215
3364161
6796035
1164075
210868
908454
6978773
7951371
2630059
1416909
7242735
759061
4165974
6661426
8038727
2653666
2612890
4126952
9019045
4502980
8324417
936399
7131117
9692403
5856407
955133
3428588
7373445
8599910
1146272
3901654
5215679
3313812
7266474
4787190
7562349
2426601
7879760
2215396
2613190
1508174
3018434
4846558
5188911
2435075
9720716
3797551
238093
2164348
5601864
3376132
8556767
6745248
3765012
4612787
3229631
6692276
1095447
4601907
1373418
9644945
6888962
9818059
8878405
4366353
4471933
1353648
4268610
5677978
1470685
2959077
5471237
9659625
341137
8700099
3434368
1454204
6428293
1925929
8584814
5946153
2885128
856345
8470981
5860156
5647021
3918017
465352
4987189
203373
5343403
2847632
4400324
1526570
3410005
5626125
7576241
7066668
3966587
8022945
4888411
8526383
3241110
4800743
2216904
2304562
924711
2322568
2622179
4587485
6717163
9717798
9165021
7785833
2768886
7640827
9870118
848995
884290
9775170
776750
4455296
4869283
7212335
5752991
1540516
549989
5612265
8758229
3459168
3501501
6306487
2608320
9688507
3515924
5466088
4173330
604914
6926277
3994026
1690971
4473973
8371074
5235334
7630078
5436006
3426736
1646323
6483096
1325713
6126740
3308227
2537312
7311901
4331132
5256506
878679
1094684
8565659
4151172
1660881
1207935
9396177
2329939
9675452
5218094
6044474
8850623
9293204
7318533
5523665
1702689
3021454
8276761
4064237
3477689
7786661
9836216
4074913
1576157
9924614
9063047
583267
4814129
8025637
6105652
6742720
8599943
1383548
4033629
5912618
8511732
4270110
7508
1289500
2554562
5083668
7282889
4914816
3261411
5545593
2158723
6227575
1567720
1634274
786282
2339962
159383
5108179
6563925
2533298
9581703
6706012
4862885
6144727
9066349
2499191
2351090
9067423
7772366
4462171
276276
5798164
4081521
2181976
171841
2544738
8224597
3430885
787097
6376578
9899805
9533825
4050487
7763145
2098883
3821958
5955161
9539980
3906052
3987685
8274967
6562324
18583
5894267
4587262
5323470
2334130
2142555
2829106
663275
8578883
8284073
491827
7702706
6796347
8532017
5341995
3906586
6243367
8055518
750913
5773268
2026779
3156598
894222
9623136
6996761
956231
2926585
9555083
9099172
6330031
4216590
2986878
5170746
897106
6947207
3634821
4793746
4559604
6677130
4795167
605482
4279930
4193439
8435003
3717295
4902404
6640865
5859564
7849067
3170266
9092815
5584385
5016287
5974067
4793590
5941349
6558318
6752043
5612688
7586157
7986050
6606019
8905055
8769720
7061203
9681019
5287349
6389256
27216
3394212
6792902
5475012
8370741
6249512
664845
7130285
7896132
4512847
9545505
6567327
7095093
2383715
2714774
9786214
9857644
3314071
9959765
837063
3629398
1332616
1304361
6814146
1373566
7538125
3742027
6980082
5314446
3483959
6863846
3163669
9072346
7756766
4146139
9725596
6315341
396816
9416751
111966
5667537
5741198
8190706
5308884
1988741
3595048
9706615
79372
4865620
8384104
1969177
8954347
8917713
4775727
8773914
7566490
5136870
3285642
9930004
5860768
5203525
9618573
6935811
6694877
5063237
6540493
544715
58368
97974
7258133
6379535
5892720
2252473
8068304
9365216
9421682
5664190
9245800
9538660
1514027
7565337
1748167
5219475
3456638
7683082
2946592
2903021
654091
5233937
4449214
6341782
716491
6295528
5936218
9920952
3442198
256242
7122816
2633360
1985172
519785
3507330
4382258
1472297
257630
3819421
3473774
5944112
4902762
6159800
2339838
2504791
2781689
9637440
9822636
1796953
508826
9424324
8873063
3840605
7662072
4824818
7584759
5101284
525860
5545781
8123426
4909308
533700
6236815
9395297
2530232
4825972
4435293
1682301
6719440
7950060
9323119
768631
1483712
4802517
6815589
4065901
2242427
4007552
8155615
4714955
3702401
688808
8624415
9226597
1503260
8325985
8559142
4994377
6258955
7718166
9813070
5659538
5263416
4299204
4137210
5251502
2464829
1368768
4024300
7480896
6825327
8701117
769946
2488324
2297178
8571160
7645168
6579840
9390584
5082568
3292339
6483929
4169189
9649865
8666198
9746404
4176489
5910068
6259393
1207512
4517246
6210124
5467106
8386919
5437657
7735095
3273837
1344788
80343
3311870
5395928
9292867
9424180
4068948
8338344
1095055
9049113
3090658
491
6658871
4861904
3043719
3790226
6196133
5990654
8412793
5636381
5399541
974331
6376763
624465
2044838
8026665
5905128
2487592
9559727
9447495
7551932
6375808
6752537
4092356
3128472
1611715
1735351
9114941
9195563
4968896
2801510
9627176
9595270
5876294
7623483
7756849
6566714
9017327
426938
1902798
5590637
2624256
4121727
6411770
5497127
6714756
4479907
9774740
6186973
4384312
3621549
5326798
8769181
9392299
1287844
6044314
7011445
388539
6837208
5323079
4026543
2407014
165353
6440686
4356642
4899452
9590962
2513393
3675591
8393122
9176680
4174394
5692328
5132264
7236523
9770070
3758222
3275815
7212796
4902280
1025490
2900705
1101836
6354888
865457
5101134
2130940
4080524
3857
8889993
9388245
9380042
1831336
5995777
8152277
216007
7370922
9826186
9459716
3041642
8312678
5352526
1293359
782187
4010161
9444662
6546943
5191826
3929075
5567376
9758812
345995
3992385
9461519
9606009
9251252
8666719
4732438
3342088
6404337
1972272
1764404
1611751
8118037
244721
1631036
8823602
9988308
3947420
4736062
5017390
7535153
932748
8203556
6018302
5446254
2390790
1326033
7679175
3856148
7280328
787854
3422472
984323
429268
2274726
1210693
5510743
5054129
8999090
412603
4833090
7509634
3316258
9901241
7114497
7645594
7587042
485174
3701702
3297406
2673817
9891486
2141128
6580006
1727440
2964865
2663674
3992841
2489900
8880699
4292222
5614342
5744637
5397546
5754345
9332729
6023717
5503320
6849365
2265096
7931867
9100841
4043137
6471967
3695357
5279519
1637502
7241701
1821219
1434349
7081267
8260767
513268
250973
808261
3490734
163635
3597681
1857561
825302
2964325
2685840
8833243
8454082
2186869
4369723
4677507
5375913
9740168
7946304
3736531
7031673
4578953
4661487
5863061
7002226
6642373
4372861
9538204
3847799
557800
5623436
6069744
7333836
3329426
6932682
7528274
9725822
9061232
5220624
5940534
4434319
3050401
582779
1746127
104504
8322739
5022428
4770088
7782993
5661539
5728535
4298159
2568402
3476724
3739541
4688526
83886
7736309
7343061
3040495
1488913
9170374
2087224
4434298
9400563
7383496
2020419
5385617
9604164
4872804
7621933
1956735
400356
6935860
5476579
947616
9493874
7902551
8908664
5279318
994126
4372610
9151792
814936
133318
7714135
561008
9074601
9745312
3405522
8427423
4104665
2084178
3514417
8878777
5272097
8932576
8786104
5343200
4344360
3825432
2878964
5062408
2659957
2849464
7744133
1320421
6755879
2606165
6586659
359267
3095889
4794491
401589
8757887
3039115
7849678
2866925
2312883
8423934
7776262
6303235
2970685
3797845
2683838
6366012
2749516
1685669
1811692
8756035
467048
5959775
1751736
2186139
5486368
5229762
2683574
1031854
2290575
4063151
7034055
8636700
355498
3803268
4444317
1862932
1790268
2414933
6805720
9711661
7046416
2275583
9913105
1208072
6803901
2157709
3351919
9527389
8534345
5099538
3487923
4682263
2758086
4369869
8414933
6495074
9156931
3421912
7792628
9097556
6917404
6331918
4534921
9448394
6596402
5225249
8040009
4444999
2299354
9595514
6642252
7173135
7945075
6729709
7080303
2852721
2717408
5347047
4016581
1072097
7949985
2597490
8626916
6696711
3088339
5341960
9755020
8938494
1377135
403354
5578991
7832483
9607793
5944365
6620003
6852341
9574910
5276325
9180973
2778926
7982153
4217530
1043274
3369060
9882316
1466853
7972526
8058027
8433405
7610479
2064008
7122569
8947891
6135030
6416959
7831956
8634032
8185860
8161716
3972769
7315546
9160823
230202
8506152
1414048
9422612
186161
6933279
1897553
6281581
1415005
1549569
3900848
3829383
6361090
9140473
9792917
2100449
6009961
3450388
5402540
8374937
4529277
8032374
4118876
8729824
2531338
4107974
8236537
8628803
4374597
7080972
7033604
6238464
9897107
7702645
2745976
3718554
4983949
1658312
7298534
6201982
9134874
9488843
1279685
2545370
8431200
4105597
9244811
9008638
446976
9797026
4421017
3514053
2270719
5901369
8900277
8727824
1094833
4947057
5428445
3808631
1674448
1910518
8768619
9986709
295017
9921008
6496146
1433802
6766422
9450399
1727397
9993718
8488618
9828475
2684303
4042605
4208805
314023
2491126
9486523
2358778
7926517
2225485
2091561
3254096
7968561
3451696
414092
4213347
3101552
7809251
3924909
1766473
8577864
2701808
1754913
5211412
1394196
6200262
4000211
1171830
3191395
5253415
7069539
5822496
4912641
939261
2795814
3157690
7159940
5861960
9472548
6674439
4098145
9801400
8826965
4107714
7742426
9258120
6836497
9297640
4732277
1833145
4938832
9006753
1664887
6655151
9290956
7635564
9719862
2542585
5528901
7664809
8708132
7455762
2077013
4868658
6890165
8771445
3103187
5690841
9331194
783860
6604415
5923753
6754567
7827707
7354269
3173969
141597
2502736
5027014
5843772
7625822
5272385
6384574
2635342
4838770
8805888
3315867
321607
8456432
3898671
7629240
9174645
3189169
6197751
2260978
1688102
59572
3216583
4189150
3945398
9053991
3073900
6888562
6514711
5224568
7469206
5715792
2500720
2787691
339222
3241500
5892309
3559081
5988684
2355214
4196111
3757784
7933412
5913467
2869225
9913653
2313337
9116065
546319
8492705
8692315
866905
3554657
3441394
5816552
113003
8417199
6048460
8935716
3127646
1927253
2618395
3588391
9544330
3198447
8246861
913256
8507810
791766
5113592
5609411
3333072
3336355
1848615
3509188
9516032
3613916
8463112
3782656
3484642
8362025
2172289
9167
9360244
84990
8243000
9222615
5765593
1857538
1897315
5594622
6182700
583341
2217325
7612269
6535856
8641741
5199720
7076276
5610718
8205889
9190113
2564054
3829623
7657631
6442404
1589100
5907629
687348
8367993
4076039
3879052
1635525
7996779
5281769
6505990
2996590
896821
6291636
7097832
2441485
3574309
4354865
4443797
6237061
7770019
6875402
8108946
5040356
7413985
8391053
6948057
1997378
7465246
4088586
6270843
941723
8241580
9278541
5137911
2824142
1868887
9499522
5725703
2433237
7589814
7936662
6283750
6465188
9194649
3127970
9544250
5679975
3538137
6772650
8077451
8275266
8868120
5018033
8627499
3243858
5079231
5306362
456988
4865400
2370250
4607773
5273575
8484779
9869433
1785941
677960
7220216
7707333
4477371
397055
2021986
7127987
9963814
3137675
3734372
3370727
5072967
4372947
518086
6395551
9623312
1180897
7848224
3804918
6248301
9295244
4689530
3400560
4318930
4092091
6059085
6518433
2698702
7484868
6926565
1233665
2779826
753874
9845275
4570736
1684111
6242471
3531790
5066972
6055960
9820883
7118833
1482991
4196206
5251914
7199778
5876438
1250114
9396585
9394020
7566848
8318804
4473922
8268591
6151975
8527701
3961585
4868173
9183488
7325910
1774496
1939166
7228137
2655724
7913361
3559463
6475601
3826541
4120106
6773356
698581
9045404
9160281
1458986
9120951
6595464
5564077
3556827
311562
1918716
4170290
5765289
6286674
7298554
4142333
8902823
426502
1718270
6358428
7792066
581540
5646396
9876972
6874791
1374992
7208423
5329992
1857396
159349
195230
4505195
478975
5556240
2957533
8812809
5395023
3001781
7408889
6200274
6685947
3194470
5468945
1520510
9131879
2934769
7954737
1368149
7330273
179756
3781786
3477332
9528600
6279962
7349796
2347019
4405603
2322313
6781809
8371811
911043
6473951
781150
5817268
3845954
4790978
8135916
6469994
307810
3050814
9197716
283545
6191066
5802104
2191919
3862196
2046208
385423
5033546
7756014
4456079
6178372
2764629
1922381
3999096
3381981
4949442
4169866
4945390
4426131
49197
871819
4612501
2535001
916159
3057512
2755199
3730407
1717505
491883
6986041
5692609
2119579
1602651
6314900
4733370
9429229
3221705
3785122
8425601
3633070
8725932
2475424
5833805
8109814
2203054
4094725
4347752
9844993
1692092
3247374
1317097
7664632
4084335
5589452
4688298
8384078
6933165
6940970
8446559
693131
5696884
1583662
6381931
4099822
4876946
3617731
8170750
8864975
1071151
5965975
5535788
8664302
8050205
6167610
239967
142497
1109549
9885263
3498818
1585206
9223411
1645238
6085411
2355297
3848085
7604027
8043478
3252758
5238787
7571221
7591555
2559712
2522920
5091396
362333
6242195
491449
5902902
5102724
6568887
2632960
3508390
9987371
1631346
7206317
1300178
984096
3487639
1484143
3621370
9158995
6778163
8001135
206638
1247046
3185881
349164
9312247
2871011
8828242
6043060
6855059
522177
1655759
9220547
5246958
9049088
303382
1878685
1297648
8369973
7158821
7943430
1142606
1795926
6870309
8942451
7481961
4198037
83917
4309412
6275588
6137475
7522197
7642109
124117
8756602
8146505
3151328
1730588
1084901
6443468
9773923
5831788
1371700
2811276
1256261
1703894
2164250
888170
3833382
6967975
5483336
5002086
7485066
5745518
889775
2453788
9792093
86228
4072868
9477435
6692315
9757920
4657910
3957112
9759599
293769
5323083
2492642
5683218
6110700
6010236
7683191
8793744
5097486
7119989
1735672
7812586
5509899
1944164
8878328
8971679
6939463
9950524
3933110
3165727
7286211
9890767
6371850
9976617
7435970
3261723
1000684
1750659
6899834
5405564
2115263
8225182
6504382
9196428
1913247
2885787
12500
5458509
9461643
2560944
8353833
6905983
1098543
1609393
1341425
1038539
9766464
8548630
327593
6317283
9157905
7231782
1337312
4151626
7080307
6648818
7657295
663388
872966
1414498
4780835
1181449
499331
7314430
2763767
6779075
7435760
2305687
9122263
4734101
422229
7397940
4533153
36296
1646641
6175546
7917950
3603162
4986200
1876206
7882799
9175536
7395130
9984928
4454369
7493402
1354262
8788413
3555814
1576606
2257277
9617813
9614306
2942307
89365
6860487
7447620
2973340
2353272
2166244
9033870
8758241
8425178
4877606
3588337
679784
9886922
5606061
6007121
2430603
9203849
8634904
5141274
5884964
9475319
2778396
2298020
4260901
7896361
7526763
4425975
9220244
4977967
5911613
2379857
4310012
3610979
5118683
7647031
7510189
9219463
5201185
8474129
6756232
4330635
8130284
9183736
2243870
3954457
1951046
9547210
2184595
8451622
7356116
8434950
7240379
773262
2543289
1733286
7183736
1432433
5948341
5644615
3998032
3268652
3845765
4826201
2323477
2665384
9197427
3182982
56743
7337791
6457019
6213688
7137546
9944231
299231
2379880
565340
1340879
6496963
8582707
2182800
3106010
9842008
2290049
6254408
6167863
8569605
7635593
8673727
3889964
8525807
175723
3807809
5455337
2317790
1094496
6213326
8187404
3590631
2269719
4439985
9390786
799934
7106241
5087932
3369774
5693264
6515225
1654871
2125493
5803815
1137163
3489239
5607470
6864459
1933284
2903884
63931
5562538
6605419
6621596
9387259
1417799
6703703
382892
7159908
2844413
953655
1272847
7466995
6818353
6646710
105145
4129127
9781063
7795588
6713776
7647838
8213448
8912880
947736
9688547
6481952
894462
9281606
5377164
2069855
4491907
7350238
2772402
9702788
4660127
6504562
4001850
2862107
9370934
3827636
8746687
4650316
7016653
9376979
7727024
4542663
1910481
6277928
6577878
1942669
6194474
246921
5651541
7830123
2318509
7493073
370602
7880972
8236322
1838668
448140
2062626
4263598
4775079
9065366
9984464
2003480
9475355
6234048
6745537
6165601
7387025
9331292
8817583
3510913
1537679
6810080
3171657
8697196
8695556
3551734
7332268
3212822
6335173
1049697
8806996
5557316
9438962
9654120
244909
4691310
2902969
7530343
2330298
1935220
376954
9393164
374186
3028076
7603792
2835901
4226439
3905004
3846171
4205672
1300175
1814828
8644087
7006742
6860271
6686754
1951053
9123996
253585
9736783
9435170
1751620
7647855
4020891
7987534
2969373
3602989
9443004
4952879
849881
9316708
1189591
5595692
8535722
4276614
8092509
2033936
8016494
9176455
9461591
6845724
1304528
2781401
3717889
9349500
7558568
745138
4036184
8127415
5234640
9793340
8947379
2365257
7783503
8575318
3357452
8936258
5857051
8298183
8176682
2945392
1501716
4020749
2321922
3273390
2157817
4760628
9161576
8490240
953547
8435870
9348952
2220107
1545656
9949993
8801690
8677616
6746008
1822346
4611684
6213418
4137808
2989549
1555249
872914
3658091
8704805
2087719
8591026
7469440
9332709
1042859
9289607
3309659
920643
9587414
2691504
1378177
974506
1522081
3388905
9626345
7490923
2002124
1806575
2861414
268076
2699741
3660135
2149725
4589100
1411750
3151844
8657606
7264507
4078323
5839912
5787491
3688260
3514616
8255639
4758577
2818571
7445980
2851212
3694908
4664498
4247043
5760407
4247954
4529123
2195454
5453348
9136303
6639518
2922357
5200698
7228319
8373479
4982100
3496417
1991974
8783051
2251022
9160092
1694049
9165574
4452232
2029172
4790436
4341692
3107853
4743387
6311628
1483227
2467607
616569
2213308
6884470
3955868
3865207
100089
4097365
9688397
2269306
5916731
8595870
1338650
1263888
9525860
4341505
8116729
887275
223042
1053054
1486260
4537502
1893245
8905686
4468613
5596606
5016955
4731992
4973568
994445
9627002
4877828
6692934
2176707
3209444
6337396
4692233
809824
2451551
385097
2665881
7883463
6591523
4247592
8245889
6746444
2254027
2507521
1831764
86550
2728750
8780046
7870037
3805688
8339441
67824
430944
2928402
2057497
5888314
5341667
3764336
6654886
8501558
9262179
3152207
2133869
8474836
4886709
5377645
6348676
5030647
4433078
5582057
1510821
4705643
7755013
8331032
3212862
7996883
8837484
811620
5687557
8001348
4500053
6445799
5846448
9656993
686490
1527224
5715272
8901089
1919320
2795197
4838119
2015852
9263091
9484251
6371056
5538739
5205838
1457063
6665287
9112857
8421814
2762929
1462629
4282875
5977411
8938273
7442679
7971560
7677077
5821265
4383047
5408687
4728259
1499315
7812255
5156531
4910750
718018
3046138
4732121
5327372
6494216
5397489
6606751
293591
9931725
6967600
5184532
5822377
5542672
1986358
6564964
1925884
1876806
5979378
8239399
6046477
8940331
6020905
8389030
1521426
864847
7904720
3743040
5763777
2901625
441018
4876399
4017513
1966746
4772109
5611071
1577300
974174
6119167
1193191
9816092
3146677
4019841
3900399
5368060
7483262
5387235
8519955
4488196
3985886
6601457
4848915
7119521
8173938
2498479
8761750
182304
458495
4786381
6281503
163509
9158883
5862873
5880554
5500478
8893474
6255616
1441881
720032
3482940
994319
5473208
6405163
3056536
6731129
8263233
7528435
6399305
7604411
1335880
1229441
6680099
167738
483432
3539788
7530297
3902814
8455169
4059245
6675533
1851386
490019
3630588
6775117
2204663
6025613
6176277
4995819
1818993
6316593
7129612
5063895
3958182
7536605
9609593
8788470
2692798
3139323
8901066
8967445
818461
9978953
2207682
860457
7800531
4032582
1375071
4821488
8752677
61002
1126776
2301285
4916133
1593610
968270
1036907
3983440
6216420
3633538
3683457
9333129
5592606
7600095
3983842
7411608
2562437
2844298
850497
9832150
977436
9128658
6470707
5627434
8439751
7720568
281093
715
3149896
3314236
1918304
9897200
6558193
9796260
7792642
3539916
9158964
1371353
7516809
7795029
9721996
8942847
5421000
5236316
7830401
1289591
7331243
7470623
2986610
2727376
7359058
6136825
2068398
3214435
7095157
3004114
8795789
1024622
791122
9043400
7576086
2817215
7067749
4928268
5319536
9937289
8756397
6186795
2341720
368905
3601139
9881193
5944517
9454121
2718249
5830096
610192
7536031
9270616
8426061
9344801
3244430
5043493
212747
9950689
7923450
1083457
7651393
7451559
4936528
8481788
8964124
7054262
830429
7709143
8400078
4191409
542486
9756284
343380
1172805
6428732
8426076
9471222
2770310
7973176
8970747
8717570
7478089
2598700
7152388
3314891
6369305
586634
5455102
2831841
3799886
2204188
2101102
8173829
5508441
6027950
8417063
4938466
8534707
3710020
1831073
5781908
4881573
388126
8106507
1738345
9184411
7736612
9975204
1173380
3783563
9706942
839373
8064594
9226971
1112625
3673193
7472221
1847747
1814809
4870278
2985970
7123532
2239330
6136162
9475472
4266388
931486
6637860
5670642
4185706
6670692
3182414
1834589
1624133
8837615
3636322
1430535
5710478
460978
7167844
2091044
5805039
9539455
1128226
8707330
7672248
1584560
6902652
527825
941014
2933567
5116436
7376875
1286675
6198861
7454117
5882665
8125647
5304114
621933
9071654
1180943
8885547
4598047
4922018
572642
7863631
2284285
9061976
9166726
3975245
6563353
4388243
2499783
7703571
2596644
2080111
5150671
1281482
8461659
6020294
887212
4296681
6296588
4172083
9309931
254199
1932657
5701419
4967591
4873018
5567139
6530904
3342562
6181634
8523138
9109544
6423507
8233251
5130282
580045
5506886
3237194
5125924
7846758
3107798
5369471
4071366
7348668
3612457
7196900
780362
3504057
7164035
2982555
930589
6588374
2500595
8322506
4062807
3479788
9945448
5904867
2926017
3878925
9911315
9904570
5031456
2953629
3402155
6500211
7528988
7455866
6490086
964069
798554
919855
3199212
467568
3693249
4666711
29948
3151207
227667
7462217
5448465
4937461
5240175
9494517
2177595
1113384
2149650
6047251
2836696
7445235
2256092
4066411
6896588
1345436
4239803
1124439
9215399
5976997
9946335
2862438
9997969
8144199
9839186
6698249
6058118
5015624
3803106
9828699
244212
4313712
5721116
7305868
9497537
9580637
3274580
2592355
1483100
6721308
4549970
8920174
6271524
5691603
1869358
5010145
8081260
9160145
4656757
8007956
8041391
4465121
8345995
9372792
1713575
7573267
491805
2446922
7915576
8646589
995778
6228365
4470796
3477163
9356357
438304
1608010
873397
7026314
8672394
7532186
2565999
8415272
2978132
6361982
9886562
5317065
7352871
1131686
5140382
5143723
5314378
9189685
9632180
4863659
8276316
6833557
6703562
3169567
8784589
1447514
1422027
1850800
28778
129225
6392272
936952
572204
5045684
7444194
2460020
5494906
4559923
6665823
2813960
8772590
9471519
7442142
3186106
8709435
455227
8967923
4870085
1107298
5339332
9359817
8819059
1606061
3633657
7300012
4008560
4561287
4565246
7703006
4821170
4413428
9084167
2950277
8531906
3804552
5579835
6600707
8575067
3045370
748312
9301103
4281199
3828809
1655873
5438208
4544108
1510219
6506492
2758224
8707025
3226747
4147111
5772148
7816458
1732584
1680371
5731671
5740972
3786118
6583616
7073740
5689396
1130778
4368101
7437042
7092108
2656664
2986313
2660310
4682548
2776177
4663588
652625
8164384
2333751
2355360
6838746
9363241
755546
1328352
9232358
1389514
282880
6096100
2805166
8655665
5076722
7268630
7165857
5073425
9550155
2887614
8172178
1380075
365089
2505621
4025233
8206800
1530910
8651461
7566878
7930466
8730854
6600237
1259714
7160619
4353011
3592500
1238925
7774950
1354096
1398389
6368059
5170200
3153934
1120475
2528295
6987660
1692678
102077
943216
5514707
1338779
8295067
320452
6196894
9151164
733480
4978753
8181805
2035244
8008753
9691372
3770036
5506790
3401380
5410857
4555758
3611278
4219941
6266564
1101107
7123234
6209878
3862185
3854823
9977855
5156061
5331032
6043988
2711286
5193864
5596837
412375
8442908
622613
4444070
8839006
2696581
4372777
8714152
4397720
6735194
8562376
1049581
9229713
4912046
8415711
9234305
1277571
490497
2371937
5982161
9427135
5610920
8373033
5070249
6235407
6437134
6779335
3860158
6507994
3567735
9709712
1841819
5958268
2948615
7688795
7520072
2778096
9705689
1746756
3219490
2692114
1107289
3995
5427050
3381485
3232247
5638115
8667215
8300470
6813281
2289146
1321751
8060695
3562745
1069310
4565658
1587174
300407
4943613
8629998
60829
2035029
5443130
2745313
4636851
5055365
9057209
7175501
3667590
9198115
313955
2666083
8521035
9728669
375239
3765599
5320500
4750498
9760390
7794669
8275229
4553302
7776996
2184299
7894235
6613371
3050674
4891319
9265608
7282724
1058774
2059075
2528424
8169144
2455807
5027399
4701022
3172753
7374909
2214337
3392087
7516180
6777282
1387390
4606741
9141309
9273109
2952118
5187683
9267347
1877239
6034079
6891786
3679571
9631986
2343476
8120433
6667216
7963725
8541512
8748689
37420
6831814
658587
9009717
4221917
6651627
4417691
4385117
5890900
5192129
5696625
2710840
3258685
695574
1136789
595630
8059605
3593737
1095250
1250088
4346086
714855
4970093
2802950
4205338
1077209
2364876
8770891
3399335
221270
4364238
8921642
910785
6249166
9353302
7231372
857197
3304937
6279016
7491472
7313254
1372084
4624802
1753597
736716
415416
161554
863059
7199817
2977189
6195699
5454947
5299815
2821549
7755141
9120115
2606643
7615635
418954
7377201
9647171
447553
2468889
1073661
1647729
1308404
2813388
8457517
1173463
8689933
2560493
3749884
8064191
8056460
1499669
9747751
7254965
8554079
4742366
3756788
9690823
9219729
6688800
7807765
3174380
9185491
3109122
3869118
4890714
4565471
8062222
7047159
3169947
5748195
4518110
7406037
5207541
5842457
2399289
4448471
1237123
2339298
519238
3670715
6638627
482837
4152098
8055935
4307783
7069659
2152146
9379749
7716079
3984615
7205928
5597464
2578528
1016472
2616919
232618
8890704
827858
998019
4978843
6461849
8049565
7626815
1682830
4443378
4665821
9559966
2724062
1966353
661957
6182842
8838641
5941736
1584908
8165736
2052053
5930552
6386033
3328788
9725683
1604184
1815544
6430476
3655660
8054486
28946
4906815
141509
7682126
1179859
9733599
8923249
5995358
540753
1603031
9395936
528955
2095431
2423951
266921
8556895
1305558
8999671
7322704
9478529
9233744
6816770
317498
5625786
292762
1692408
731752
3755635
8034032
2712845
8701214
45917
8956087
2348819
6351653
6847444
4916494
7462663
4672380
1377507
7881240
5086931
1003445
657919
4213160
2417461
9586961
504248
5438578
9649073
5407264
5507799
1339693
1546875
2989572
2603826
6447351
2218094
4044889
365381
9942266
7034635
432661
8411899
3735360
1769772
4395019
1551389
9344179
3327466
2516617
6234376
1040760
9117999
8766167
2833885
8918359
7953185
1246099
4507263
1538610
3502160
7748164
6194219
1811387
4749843
9463759
737349
7003941
4286786
2544755
8059194
1617782
9652838
7689992
3531650
1707123
497054
9407420
4032387
5268970
3947236
577294
4974428
8529225
2713285
4661121
2075137
5862489
54780
5951028
4086439
6993073
9585564
8044603
9258870
6257201
5916118
6403730
3967521
6968185
2949898
4359895
4223884
6108636
2701306
8576656
2953821
2865602
5313648
6512856
9640068
5641453
4789859
4652163
9538737
8800800
1913242
3213638
6287906
1287172
5595506
3569770
2238674
5912668
1006108
4901953
4663913
6704312
6005314
4737397
2905030
9787601
5110073
2601168
7198311
1450451
1304810
6801095
6575683
977074
1765372
9470675
6676545
8408468
4553979
6693711
5536772
4042964
4400646
1906790
8643059
3299978
4270634
2670674
4230933
708822
8823737
8503280
5358774
5727718
2857022
3172585
2901450
1282077
109047
732430
8884663
2242090
6376731
5689851
5996413
476225
7299120
1193920
4474824
5478693
7571474
1234026
3348883
545347
9820235
2799939
2809546
6606830
8045164
1668499
9201832
2868316
928743
599349
6009828
5309213
9053654
1037947
6335884
1895244
7435502
922444
3959500
4273126
1359465
3866060
3608384
1245007
2421525
9386455
7561311
7901994
9357068
3929204
5774628
7255808
9721178
8267198
8831120
6968962
824592
2797352
9904738
665189
9585828
3941104
1558633
912797
3002408
7586702
5964741
2993150
846357
897263
1348638
3593889
7367986
8455295
1148186
3279918
5841753
6240681
873423
7533340
782722
5494641
4778360
6446580
4659204
5705817
2969782
9964450
3347961
2332133
2129167
6748005
8706450
6300419
4392494
5886996
7869075
1137324
7126796
9532636
9860370
1019583
6896216
6371909
9970196
6507030
6867091
6615007
3842922
4670754
6787508
3104580
4967287
6555669
83564
5333557
8151082
7917918
2002926
3674118
1567701
7996329
8363965
2267719
7563340
6481304
4550562
903587
5526050
7473190
7113745
5608033
3270660
7112467
1774861
5334178
2711154
3811895
1173998
8940868
1050176
1531917
1998697
3571656
7959649
7921783
674862
3126707
9711916
3196921
1688099
4336395
5282278
2365568
7511568
5646417
6151883
6006408
4649238
3222498
4296426
4097548
7625673
4484592
5648654
964737
27602
9485855
3409265
3470978
1917153
3989761
4215441
7991160
3367296
314271
2740753
3030464
4777661
8189782
3104134
4134471
2533129
4442990
5945566
2762651
4188953
623768
427498
7798129
8907907
8121656
8849569
5940032
7163938
4187936
5865775
1543717
2988734
3452070
6650786
5429119
5245704
526849
652723
404957
8768999
183335
9665334
7738180
4328402
3220423
8365510
4128097
7299094
1970766
7523353
4947602
1264671
1948793
874860
1583827
9903263
4689773
245183
7117190
7466493
1788039
1803440
4730329
8097359
8044382
6968659
3965875
1084124
8535213
8751410
7856993
9339935
5545570
7538999
8334947
663982
6586619
5744116
6329076
5523534
8434553
3635481
6748760
7599690
9864876
3123927
4043632
6158012
9212395
5435682
5083931
9871421
2263670
4410779
1200238
8645587
6508689
1476840
9911392
4668009
61546
4761973
8949948
9865643
4492755
6005920
2824634
5498459
4301352
3934308
1504199
1049732
3185471
6380634
8386043
8263039
1455788
7453709
2349695
4460686
7276982
3332059
1632946
4682385
4227130
6394545
4014134
499655
7672794
3564
8825320
2619217
8651904
3297740
3751135
6833228
9807911
8301861
6796033
3394261
2321517
2731209
7221139
9333253
636182
4471848
2817510
8847669
2903249
7764892
9129480
2577700
905108
2096042
5515535
2812770
9555750
5880741
4512507
8626424
1190234
4304856
748799
2024926
7432470
9500462
5924366
921488
1794448
2534757
1312746
3856656
7736818
1836176
3595096
4026330
4638720
790051
2744054
7327962
2544641
2585493
4619372
6186845
2601964
485522
4197227
6184753
1144806
7959692
8261531
1100325
9165671
333759
7337147
5174397
3274713
2796018
3013133
8498815
4566597
3494587
8373502
1509762
5751503
1610985
3852520
9728543
8715998
4610002
8508461
6542949
3963379
1169465
1488304
5064088
2822234
6167665
2398925
635567
950714
1998962
3718743
8971338
1293626
2418638
628451
1956756
1667609
4883172
2549627
7007547
2279719
8600124
6808571
4249381
1568646
3852150
7711454
8603721
1995120
6504460
3462897
9141378
9788490
907515
1234589
2399314
3958216
9546290
5780247
6200341
6708806
7946952
4420050
8521689
4111239
3841630
8162245
4571429
7532154
691769
8987271
1503044
2031246
1903060
5614813
1455003
2406949
7633598
341862
645312
2169669
6821157
2701436
5786168
3808070
1673313
3502024
7096270
1923809
524238
1703620
5881065
7488802
4713555
2818755
275275
1250745
954232
2570419
1257525
2881037
1587936
6873218
2607820
1052768
453339
2743279
3913679
7377769
6677072
3910874
9867422
6030224
4224097
3238186
5911908
7096982
9080154
409056
7302399
7155420
4001873
1212458
5087421
5079382
9851378
1523747
2455240
1758183
4672673
4190805
7526616
3998220
7970058
285121
3814149
1699248
3882414
4216709
6026282
7629640
9844311
2236205
8484649
5647189
3615554
4639209
8586633
4919708
6838896
8524084
3954290
4302791
2556793
4921026
7817751
2534589
2274160
8876005
6784672
8175025
7736363
5311520
2272041
3828830
1956909
1904003
7005171
9360379
9863029
7912263
4763771
822880
1354464
814399
6965097
2320324
9763798
8648464
6369647
9594393
4519288
2610823
4263186
5476272
6142067
3404223
272860
3992963
4538662
7603192
7453207
2961531
933897
8481885
4187421
8412590
1875488
7966049
9290041
9933267
2738846
3041087
319449
2923317
4138766
7840183
8389940
6275430
6347824
7536828
3889370
8680703
4218798
2012235
8347643
6323369
8574517
5391711
5365137
6092593
1003567
3725383
9801908
5549696
8609119
4955423
7822944
4976327
3067209
7303299
7642233
1783062
7920688
2391566
1175143
5151717
3554799
3808861
9889162
6082974
7403251
7253121
3940057
538009
7229551
8673555
1942765
3143154
4468586
9323570
9794991
5608691
4886537
385429
2288930
1148959
4747920
7490741
5330250
2102338
4579571
1877191
1594608
7579613
5955296
1382005
2214304
9840041
2699902
6175476
7107078
4516364
8393764
9977934
2869834
5241653
4697346
3918646
8935813
36903
9388120
9638426
545208
9826407
6137186
4069388
7664556
6820612
2893619
2086594
8774583
5532377
4680964
6579503
8567327
9728854
7564271
2363393
1783015
4581941
9671407
3946612
9951240
2552262
7601553
6257177
244663
8623421
1221214
4861343
7684608
9409105
8439686
6244077
6783187
9419787
4868533
6116011
7308554
8021467
6664791
6806002
3243952
4417434
6332687
6021814
2094949
7026994
1556449
4286877
5797139
2311431
7978974
3376168
4683666
5810723
4895526
8869023
496544
4313602
6679605
325648
9201165
5161726
5890802
2991924
4375793
1050446
2728364
7940514
5700397
8171788
9564905
8243423
9342080
6792537
4037683
8840829
9591211
1707260
5904949
4281092
8269584
3475593
8044846
6766737
8222094
4364697
8747970
8060962
6445249
330791
8020323
5009244
6629415
483622
5019808
2818483
8914621
8214836
7801684
6928948
8828039
711035
403152
6491003
3006627
1328264
985852
4043621
5156246
7095188
4523664
8214384
8734629
8367256
5195376
7823393
6525954
6308335
6262430
6902153
1247488
1130072
6108349
3265687
2494600
4002473
2720528
4835917
6691116
7319475
4944013
5405652
8925951
5096145
4774923
4509415
6430855
2643797
3404358
8047648
7177292
8218499
1054642
7608596
2514463
6034869
8726244
2299923
4526291
4525722
5922912
1200865
1884955
8912659
8131291
9099147
2539398
7623081
2818753
4494984
8072420
8990187
6062511
6520311
5071237
7698817
6793220
9115741
1204554
9138823
2626880
9781141
5474550
8582185
5659395
7708989
5527326
1227875
9523021
6174833
3393221
9279639
2689631
7600186
6180359
2003132
3351161
6680965
3205074
2963615
8252118
1632789
3409459
6298035
3428604
4122295
735802
1059236
9999762
7647097
2308392
542887
4551925
4480626
1876669
8752523
6638297
8416868
5426119
412991
9700406
1142500
306561
5389037
1619301
4477206
5463721
6803643
7880631
814350
1824841
5376118
6271126
1370992
8326168
9464421
5670829
84759
3183655
76324
3383425
7715509
7907799
8467798
2042987
9699546
9421767
1319486
8400427
2975462
5992450
2774412
5381385
993321
8075203
5159391
5931005
6742068
7789916
5983199
3218025
2892560
1765758
9551805
7085627
2648229
7341916
6151807
8260402
2491231
9078481
2780605
2446014
5646923
8700139
6176347
6054893
3205133
6539597
9414695
1096588
5317004
6950858
3931590
3007271
843390
4106224
6310277
5886558
7070104
9444569
8392846
4115769
1253060
2780745
1171428
8646325
9680037
7026345
4448540
6887301
2775172
4096539
7745931
2750518
6076427
1936952
9134981
3839479
8504018
5853506
4845986
5748617
5821954
4259978
8831110
4560722
5406453
2521955
9230435
6754709
8065058
7867504
3934513
8037444
5154187
2816399
4100581
7531718
3090542
7538951
2752251
9534637
8835844
9555215
7069247
3150494
2311931
2553190
919963
9294407
2219997
9490838
440199
3018984
8073938
4160729
7609403
6242181
4259961
4909351
8380876
1835832
4341407
646184
8498615
1374354
8325001
9010345
3170321
450135
4722117
1510268
6704915
3924005
4732503
69213
7610769
2588645
9941138
8932828
5741360
7142621
2748478
1817593
2257077
3393059
1318177
5417372
3211077
323219
6353879
7710080
9516642
5256285
8371115
8439894
805202
8937172
2359404
1767669
6412280
3956354
4394172
8022392
2837641
7072544
5113550
4699371
4108592
8777820
5538453
6360617
7995147
3742214
460356
2935852
9082143
6853751
9669636
2141225
3265663
1850476
3590728
1296156
5081305
2280126
2439965
8158513
4295251
5415880
3120718
9919046
9079700
8900819
1133334
2352672
3662535
2427197
6884107
7550861
1829675
7057327
459834
1014722
315300
471612
5692289
9047592
9402267
6050229
695636
9587436
8139015
7277065
6168484
656606
7446618
5393325
2454188
9530879
7698667
598179
9375814
8738050
9529565
1641184
9723718
451957
7463390
8594915
970697
175068
1550258
6479325
4708455
3971627
1824848
9207873
7392677
1700599
5610950
5757884
620888
4529252
643010
7874440
7004418
4164978
9475955
427449
9355985
7358461
5389347
3876717
5367274
9431002
2651313
4414263
2086180
9888789
7814956
8752699
6243249
8862954
8859182
9781990
2281206
2195790
8666263
5206392
1678939
5940546
9666054
1218274
7189376
4948055
7604755
6626123
8858338
3990682
6452934
1120083
9831733
3169193
6422756
8747399
7932178
2232867
3052055
4648501
701434
2624420
6282492
568208
4739712
4858382
5064782
6781566
377914
8919047
4222555
5241349
6400987
8899238
982624
5354305
842815
8237998
8727019
1859109
6180858
9756709
6349119
149435
6423419
5979495
510548
4297077
1017553
703775
3312065
7096315
4524255
3973248
1338114
6649170
5371612
5910749
5949891
185690
8619420
4197817
9640604
2561271
8351325
5698913
2229213
2426943
9735791
2299925
8583631
200352
34519
5417765
3094398
4402186
7554945
5666588
5641183
3194089
5055967
6535834
993591
7481951
4134834
4210425
9726189
6854545
7920198
4106165
8070709
6819563
8520998
6053071
375512
9504133
6339445
1829458
1519043
6430336
8526047
4399570
6193475
1337447
8225242
5732680
7724298
7776826
2287282
3059058
2802534
8400782
5434416
1299392
1172798
3756137
4809730
5790866
8755863
2131222
5137801
7691017
6761133
7118353
3719048
9400925
4385263
1627345
7501193
9796464
813855
8683338
6099665
2398115
4002896
2857350
1838471
8137318
7631601
5982126
5822314
5914538
2634307
2665203
6539298
7695960
9782472
4661951
445547
2031704
760683
8774333
9901956
6095445
7214526
3996620
8906916
6938149
9624069
6670630
5988277
9798229
6072403
5867352
1776412
6514425
2894778
7410753
5369933
9924503
2971202
4719169
1361603
6775772
4650214
7248624
3807383
5491568
8370789
992204
7896352
1090345
7998687
6154118
1446025
7586723
5534725
8349185
2791946
2172773
879508
7238738
6406270
4667232
633145
2986752
9547579
3129741
3366728
4646852
406337
4604983
1425849
4551181
5613592
9884937
3068373
6327566
3615766
8642269
1487945
1142839
6744696
5839489
6318807
6447335
3424504
7202978
7902565
2922399
7828233
4212082
9061133
1629320
1105086
3553740
9047082
7857963
9482237
7554356
1550887
9449780
602861
5716281
6064503
9605906
8482195
5633970
1975226
9871454
4691993
1428914
6851880
8528376
3025632
2391324
959880
3685222
7361087
1459707
4710196
444920
1480839
1045221
7775177
7952785
1138993
2744691
2848764
4032978
820589
5846593
3696759
5068538
4781671
6297467
3148797
9078437
8916081
4814636
2265773
4419627
4614352
3421319
8264234
9454240
6395283
5568539
1567659
1705810
493157
8050443
6884223
8623862
9949082
410766
6489693
9719617
5457270
5056393
7338557
4965890
611816
3385602
8806661
7097156
167597
737313
6852447
1273873
7938040
1123289
4142124
5271774
9575639
4829242
5572313
9148511
9490289
851548
6991873
7760252
8254911
5546585
2992703
597392
1196445
3308472
7500654
6509590
5057379
9214152
6231063
8503094
2035873
9728121
808147
7221658
202712
7526326
936531
3214144
6569176
2168543
4198653
3899772
4961850
982540
4997570
2593257
8939427
7008535
1469838
1759052
783205
8581957
3602113
7178517
6017523
8774196
8295770
8562011
9647365
166258
3724684
9461293
1120114
128675
9057165
5216246
1963305
3118944
6338906
1329594
5214097
6341428
7514966
1541372
6514175
987407
1836299
9105713
2356727
7274711
6794746
5949795
583878
2542651
2134328
4075309
7989853
2042696
4469812
6230862
3928469
5711157
2190621
2004448
3361403
3140418
3397232
7595139
694291
9796240
4513993
9949051
8588091
9468484
6605863
8137244
6093305
2871989
3232067
2115382
839334
1959987
5341810
7429485
8407716
2833497
8490154
654087
9436954
6385019
6660115
5477389
8601768
447753
1448108
5655722
8671935
9864471
9040662
2763377
3731084
4217247
2535868
2357136
8917345
250949
399760
8985277
250439
9268313
930373
3399211
600965
6643547
8293044
9314008
4775023
8388262
5544228
2666425
7976798
2114801
6698294
2486732
3298769
9713850
3154244
8269884
7789585
5288265
2648524
7222489
9383635
4776858
2689228
5254317
8466252
5002656
3037881
381504
3539095
1365644
330630
1189992
9905438
8394600
2067836
33955
8194424
759294
8584478
1385368
1626240
3327051
4967575
6897551
3540129
2756579
9864348
7001245
5773616
7228273
8348636
3913573
7227439
1064524
8357293
5127035
2502124
9003090
8727905
3859056
9879565
8758404
3970614
4834922
997275
8693778
7919646
4904113
9879687
8685321
7437900
2765446
9064245
1175880
4341864
854163
8686606
6320241
5675339
9733503
4361779
842288
5201810
4190011
769726
1076404
9839869
8533424
3795907
4553148
6032492
3573972
3736725
8567299
8922442
4046623
4303600
8845925
1140209
6545348
9209572
3595817
2622868
5784726
983997
4161225
7255556
6095866
5514470
5950828
6827632
4254290
3498017
8909054
836642
1314142
9308574
7581849
8396390
4062661
5908340
739900
8914167
9454146
6497729
4205636
5586285
9626082
2925403
7335288
4683984
8929043
2694033
9548946
8720204
3022661
4357558
5802399
8190539
903774
3732558
9681829
8020446
7819532
6832230
9575028
2597903
339948
9061399
5302765
1376621
9394858
7667699
4349142
3160686
5208491
5561879
7647136
7769003
7979826
2868095
4142471
5829901
632590
5889902
5972922
153386
5614915
6213142
3469790
344078
5384146
9806638
5494088
7087143
7290722
232026
8756688
8116582
1182683
2851534
718786
7105085
6612322
7443082
3035665
1998861
7134290
4115252
7358862
3364984
2977505
9634344
9383104
4306992
7574405
9927080
3582780
763334
3319096
8901690
9683020
8988397
7484475
6660444
7674552
1981514
4135821
948148
5257506
4731516
2173016
7734762
8646897
1963252
2302798
8201669
4704435
1939336
1841316
5341473
4159667
9202932
296772
6877662
8190724
8210055
743261
3361506
1626780
5742576
2745970
5757491
6050492
323939
5159599
5530772
4951944
7784542
5554260
1138556
3547756
1743189
7788404
9406964
2846290
8673293
9777273
5050246
2948606
2489066
2954967
1677755
8769252
9222347
9770466
8714593
7405517
1193299
5839271
1090339
5443833
6920685
5833342
7649029
9221279
3365963
6431743
8299421
8511550
2441018
4811133
2031885
8672583
6045775
6451872
5474123
758976
2718425
3503176
1360038
318583
7836462
1147281
7259110
4649808
7580469
2770002
6004116
4173384
8491949
492148
4045318
9570015
4184179
6165272
3088594
3003762
5655922
313635
4203347
5275936
4504786
6888087
7617468
6810334
8663076
9529901
6000441
4331845
3062239
5891023
1280018
4357956
222718
5718193
9566850
6725436
2511591
4216318
4576277
826488
4667126
6622936
8313613
1046590
55666
4200242
4134891
5632628
126701
7298450
4637215
4150368
9347151
8771749
2352678
3283793
1952787
8114075
6456561
8442258
2768793
815538
1495322
6148617
1491923
2092498
7748267
5670925
7387847
6235932
6977227
5710405
9447490
2937379
4694184
2322503
8754502
511880
5202267
1317734
9546635
3844162
2261132
5465595
9002650
4228938
9392584
7221511
2726696
4091411
8429518
3854828
2342121
7673654
3260724
7416454
8626677
6703834
9742730
8297489
1492676
8587920
7503361
9861239
4470471
4902023
8095559
1593366
2950992
7298482
824063
1298546
8703557
4521256
1382070
4334425
2482549
1168712
1227665
7923332
6951239
1569217
449469
9975900
3523942
356437
9912052
4709008
6041831
5115397
7321662
2986442
1861195
7452386
4638507
5503502
2581119
9278244
6405336
9433208
8120113
3208793
4944419
97374
1129405
7075931
978578
8494268
3562928
9336027
6149424
2741662
1457396
4999334
1212028
5861949
4544797
468071
939391
8930687
726565
6844030
7067309
9266949
2637979
3554032
3062953
527885
2199981
8367726
1055957
6638498
7525294
2240388
2332824
7756801
1244238
3531651
5210844
1059597
6289772
1592972
1576895
7935646
8663554
1864175
4918665
3927830
8550036
8849840
1701028
3332036
6394464
6238735
5474153
6994399
2687467
3158297
1369526
2389440
939943
888614
7753055
3477074
9095197
1076327
1655110
5479004
3247310
8625454
3632587
2417416
1484154
3113783
4676076
1837412
4717481
7749389
9502961
5676898
7391675
5612459
1809738
3851896
450141
8637369
9841973
1518270
133813
4585020
9628042
1753107
3953366
4278467
5428645
998681
6953151
9439192
9977771
1981642
2724793
7362269
8709003
8510969
5463478
9570461
5546144
3413366
7956209
3077918
5514904
4456252
4126382
4575487
4104878
1987634
4659674
7246914
5838276
9355529
1942989
255711
5413767
1003932
1333224
6568357
5283852
7209482
5415757
2570266
7277277
4964492
5251276
3156306
6896570
6402781
3076038
3168323
2434056
3484199
6216257
4351530
75349
2836415
9988912
4945457
9918716
8937405
1752056
4991089
8808031
845259
5740250
4133954
5135092
2263553
3620834
8836588
360734
5708159
8976842
939419
8340041
8105703
1269466
7647239
227450
3146294
2589004
3526104
4585826
8342417
7963506
6152028
4862051
3075563
2170712
3240056
1973422
2542888
6145352
8921735
8035812
7253117
7565834
1176189
5905382
4520857
6196285
7060968
7434805
1781622
1571168
9653963
8362846
3345374
4693014
4529327
2839159
1785301
3979659
5624127
1596293
3264043
7419423
8645282
6739891
2700430
1646427
7303529
7320710
1575709
2314700
5951607
6700055
4872166
1219799
9968060
8499280
5218249
9589300
865680
2140810
117753
800521
2053717
7151954
8142643
4018671
3818184
787102
7436582
8459602
2069852
9614910
7464299
4513165
7184720
8954904
3831685
3350242
374816
1624021
6182459
864757
534916
715702
6363586
3108540
447323
3491265
4785903
2972358
8943700
3505352
3234201
435048
6403535
8592357
2769416
1695112
7750507
7346231
8907795
7909976
9980468
3311020
2571836
1680404
7542173
4314639
2440386
3962384
7571641
9818353
9049485
5188731
5590461
9205855
5205316
384685
1289580
4941362
5142725
1475298
2592739
3645456
7347673
722429
4723510
7524503
770635
3932490
3974126
5837003
2543991
3911913
254634
9542643
9014983
7790885
4437382
3469463
9955020
6490823
5476209
1534412
7324478
8197353
1184257
7804304
1042627
6464719
4693706
8765830
9242411
8160628
3173670
4385769
4880224
3062058
4015926
786809
1547630
8864318
590037
9935774
8851324
5866175
9461738
6550271
2720708
8422984
5448317
5305288
4348021
3937269
2574517
8420385
1010266
1048003
3931646
1026553
4245247
468854
5184008
2494898
3943693
825998
1960437
4645237
7012177
8256238
7379756
789722
8923220
2468669
8938585
1797557
8590799
6796564
238736
6225414
7479416
7222878
7399923
3745443
5850039
7301460
8966036
268265
7834784
8335537
2870505
4752791
8969464
7975266
7407894
3439198
5222576
6346475
806730
9847187
3744572
1296905
4621700
9991985
6273766
1808109
6653950
1989924
35676
7939474
7206454
8325309
4326660
6259913
5476904
4987824
2400380
8053935
5303030
7644398
9854750
3404995
2683098
872698
9026084
6292936
7470261
5749282
3492201
1313556
9704095
2213211
3129843
8586078
5452727
3273682
6374218
7725749
8175845
4449694
6146745
5593740
6807225
3513336
8794920
9997433
1564487
3237421
356539
3629803
5537332
4210796
1392635
9539459
5788766
9836516
9269780
5209482
7908233
3991383
3776289
3587188
3420564
3126592
8850413
6007433
100595
9504633
2429831
7331255
1257665
375013
7124717
9532751
9299987
6494287
4970845
1726738
7873445
3562493
2843549
8122493
5688427
7807799
5444085
6211900
6813062
8524391
6173924
6375437
33630
2974922
2693890
8566717
928310
4228098
833463
2325821
3756999
4454662
5540348
632586
7728428
5154271
2262677
8533051
8489735
5556998
9039333
9209744
393653
5105749
6845170
5303221
126021
408327
9007076
3752595
2053213
9332224
3253425
8772801
8281056
2514208
5581547
7733668
2470684
9139440
7816295
5628389
80609
6740545
8932533
6489037
9312443
6000442
4490199
7489206
9997766
9369047
9558780
3882616
5211105
222306
4675125
5730938
5827860
3232740
8502614
2126833
8401322
1048827
4790917
6275616
5578802
7846954
9986572
4212302
9877784
4587995
3731188
4973688
4579364
7750658
5961694
8975146
4995557
5234378
5075784
8734530
7187476
9525238
5401269
3364667
5610938
6667548
839544
9125524
946230
2532378
516841
1966521
7670642
9768043
6742663
2664836
2607801
2510868
131440
9420737
742043
5637385
7458993
6482305
1024954
7171049
3209410
8006893
5724099
5562458
6239872
4399607
8006534
9426096
4256268
3025307
6377366
4376082
9040281
1126212
1127235
503978
4861873
5904725
4069466
4892809
5564022
6214710
5259005
712365
9987036
9737471
736277
2489357
8644138
1991284
7664324
4477717
7077838
7436097
2349244
4422311
5919814
7203103
9557010
8343675
6902880
7833978
1636206
7693149
3610891
2054657
4074340
3237402
4150030
8437965
1125337
1036076
1325823
1982615
1490039
9559384
2012941
8647927
8686133
660305
4896464
9362112
1443164
1940341
2598408
1283685
9486101
6857538
6404851
4599343
3651531
5423583
443323
3339852
756912
3156023
4703449
5901390
285610
2675863
4322311
4812296
5032635
4735575
2859189
7746216
5468202
6881562
1684052
4701999
7902444
9540584
2756593
6044063
1062834
71028
6756124
4635917
5630524
5563406
6558532
464095
9880022
691818
2911259
832783
8136648
938148
7162061
7654547
4937756
2655787
3829654
1750956
6317777
9664977
6547792
3345521
1910623
7944965
3057101
2322263
1030038
4817204
203434
1999713
8919721
3229475
7293544
2082476
9585671
3610210
1878824
3053343
6499256
9250859
364968
2589142
7934512
467846
8650881
2915936
5917888
7058902
3622221
5888468
2636510
7551133
4139906
3210436
2637065
1912992
7246243
1838802
4456708
7968072
4737834
9070000
3628022
3080270
4547391
5578229
122937
2848440
6076314
5569690
6062218
8391160
6258933
5147783
3634115
7785007
510279
8059274
1136467
3561970
1245225
9100005
4711530
622221
3500749
7334253
9661347
9308186
1418873
5720709
2689541
288425
3378290
795293
3305177
1062181
3579630
6331648
5549584
8126456
4397362
1479843
5428908
3368782
4551055
7142589
2412651
383012
3091437
5456832
5204891
4943629
5580053
6626511
6529522
1963521
7936650
9840961
2064473
3102905
9678021
6372431
2956631
3109887
3881148
9709032
272004
7943483
5874398
8599571
4258513
3079753
6269851
1174477
8842802
5487202
9455724
5562090
8162955
3742860
2644290
6530444
4354328
3624224
7182420
144833
1305308
2678488
1027909
2281655
3968546
7054752
9190166
3012835
2032197
6965485
7067762
6643349
8635963
4274718
1665396
2964205
9111445
1288373
514335
4129718
2624933
134144
4834313
734088
5763517
2425088
9502407
7058298
5747260
3584670
5896414
3432540
7782967
7832700
9443432
3204020
1483775
690648
9543590
6319706
9974853
2177864
2609721
3275990
3345071
2245737
4941049
2134594
7901505
5410019
2222504
6066463
3995477
2371881
4388104
2917336
1424401
2868403
887881
2550682
587259
1347422
1782343
643053
699904
4238248
9030628
9515754
7719528
3509996
8557466
9508551
2147997
7464365
9326558
5093558
7577430
9936467
4704985
4359883
9066850
7383976
7539077
6042717
4565272
6499841
7705277
9899577
1561064
6931020
5466064
3906193
6788364
6943633
4236293
5143469
6527106
6879150
5921086
2972644
5310146
5711756
2821006
3389706
8101837
3512426
1512844
7119628
8923819
3981932
896912
6642934
3178849
3937944
7646245
4196874
9000951
8098741
3388367
6085936
8736338
2304123
7005652
3346720
2466131
4509176
9625033
7938627
4059282
307767
6700203
8625541
8817404
6878646
6091720
1262589
2310421
1913102
3535404
7702847
6991163
7022487
6692717
6267067
2948320
4132246
52632
5685283
1506739
5570914
5387029
1748750
9044284
3075723
7267727
5831666
5280328
2046000
8428245
3013770
6815033
6273095
8698744
6974236
9918377
761666
5476795
1905661
3598260
2461860
524970
7861196
7801324
8844621
7314646
8850831
2800405
3269089
8936627
9804109
2504801
3635348
4154688
5876920
916930
2997804
3154179
3114179
5005053
9896163
7785739
2904954
888088
1360700
5134911
4498397
7994251
8712579
986933
3367249
9245676
1065065
12320
5483114
8631961
647629
5908864
2000372
2531748
7471930
7463428
6834558
241226
1844365
5359710
7804913
4571232
6347368
5958158
2324205
9921085
5073047
310081
6907573
2397755
9343428
9834887
613379
5390378
5491509
9365695
9839211
7788755
7481577
6035263
2399733
6863028
6458217
1058117
5406159
4158973
8703165
6641568
7271761
6678361
5023628
1173699
4876894
5917282
7140484
1751297
52549
2499060
4082913
424533
2203310
1176314
7751004
5002634
3862625
192189
3989157
7022382
7291703
7742816
6108503
8707682
3548117
5430947
9427819
6491913
6914253
6512338
5920364
7862283
1075609
5817599
3511727
9935759
8318647
1336047
8456125
7673945
1432511
9973300
1393082
3162582
8889692
779752
5180172
1055203
28203
9627808
1496680
5466114
9512570
1049019
892036
2707992
1192041
8584156
8186123
4612084
8963310
2140801
4250520
4487011
8295635
4252648
3565745
1193701
8663598
7421064
437340
6794071
4827105
6271774
3223169
2220248
7321718
8974591
5984964
6404943
3119885
2491646
7880369
9079782
8017655
7939027
6265080
3455028
6383048
3638713
8175995
1807492
3015870
3274651
1368214
9661349
9786322
4175151
4939029
7580711
3699892
2693841
5355546
9750606
6257981
9710628
3620177
1947404
4893162
8191622
98119
5938585
1814913
7566497
7840873
7723605
3325500
4770003
6712028
3787704
7822452
3978450
2927243
2779851
4985358
8189388
954810
4050089
5621075
8555015
4460014
3744850
4566783
1142542
7773752
3076384
2931406
5878749
2410301
2192234
8840721
9776509
9495196
5442272
623249
2079682
127636
2051867
4042375
6729324
4568440
2284616
3976725
5842665
6143600
6636379
6640526
8056826
6246937
6636380
6677370
3842721
3194689
4513403
5592893
8337438
9357278
7443502
3457935
4747757
7619342
7224370
8746764
7921103
3151575
9114793
24877
2740260
6891838
7804760
3758170
7587614
7241143
5274449
5904388
1072967
2534433
2356260
2444228
2257209
2248765
7787311
4833018
7495734
1043082
5516553
9733678
1825170
7152045
2143545
6102706
5060223
2551904
2526238
5891983
7551263
659733
1934972
6950926
4645938
5353860
8431118
8154348
7203113
4148710
1435596
5683469
8074364
5956106
2702818
2753932
8580500
5235429
8097853
7146623
2590909
1610282
4678868
9679146
8519618
3262981
6778315
4167703
5935179
2221467
60912
1709280
5194373
9472029
9970563
4797057
1013416
1478750
7455370
2452441
1802810
8252857
2400157
2939489
461463
5181101
8271624
2647577
4900116
4515906
9769437
9331904
5880778
5841780
2054676
7459257
3872160
6023245
8753166
2720943
4115327
3109653
1445945
594697
8687180
2397981
298954
7440533
6465242
2196475
3846758
2078774
2998900
8289075
2013329
1448787
9776496
6905530
8558813
7967011
2756096
1286264
3328897
6680584
8818783
6848622
7832039
4644938
332423
280223
96506
5229856
3719611
9669482
727318
4235091
5629986
34144
9594186
9398642
3354317
780173
4368234
4628710
5092150
1844821
1418579
4021081
3457268
3937148
9935900
2042453
3145331
5905115
4957285
2786063
8179016
2795651
2294570
1035503
4864963
2439768
3037939
4464565
732120
862214
27371
6714652
906862
3206702
3991910
6653754
3592287
9271295
5562002
2031209
5722434
1193252
4778769
3845577
7497126
6691204
5508752
3924299
9378187
3720836
748465
6909537
9667435
1726272
4485758
526590
5356372
8287103
4212300
7392704
8424543
4465584
8944285
2834516
8629978
9312145
601449
6525422
1885322
1048307
2463244
9919049
2229441
3996896
8700673
4604346
9364642
6523757
3819194
4113101
3794530
1526807
9622093
6254032
3226635
5522695
7514630
5557094
2865340
1855259
903453
4928271
2820247
2149607
5336611
1824225
1625247
1433576
3120845
623595
2154623
8976265
3750103
7140741
9318278
1008032
2489767
5834714
5661730
5196912
1573209
104147
8012232
2263205
4860481
8913783
6336374
860644
8763819
6655010
9480429
4855511
3054364
4161961
7996735
1333120
2082381
1344180
8791273
6560194
389551
7498364
8729412
4169326
6426337
7992061
471258
6472081
519588
296366
9374746
853119
6182336
5444822
7081827
220764
240476
7162683
1867909
6807772
3756077
8465034
3009417
2907379
2535755
3639514
4933394
8369173
1011944
2696495
5023078
1833143
6629459
6565600
7455569
9628097
997602
5932161
7484609
1950691
8605843
3087032
1708043
9434917
6074571
6416660
3131420
3839343
8874838
1056358
2147127
6640207
2576258
6483840
5819416
4845450
2837313
4627301
6581265
5537438
6962388
7701299
8137874
8378881
2984637
4364342
7742333
6700926
4363609
3062880
4621619
9518826
3130798
7765416
2124528
7286548
1950963
7480004
2771301
1767775
9870739
1494364
8171793
3529563
7425808
1281970
5972610
9010941
1258156
9190763
7437307
3328280
9727101
805050
3568327
8036097
9968706
3530476
1960057
8296127
5893515
4590751
2435174
7591126
486404
3533084
5837993
8300699
1451251
2565853
9452202
2455518
9586635
2237021
3939311
4707155
7973065
383209
9305691
9355842
4967294
3522602
8521837
6402379
6582082
7887494
4490514
7284801
2583723
7495299
8355773
9274161
9761667
8161319
9839009
9587736
1522530
4999866
5233111
9867084
7123660
3318930
2406537
7038463
6531868
4268665
8269444
8341063
8581316
8886285
4105403
2878455
8427957
4839099
6860700
7361800
6928694
3970771
8610378
9824297
5724432
4688373
1471602
3774439
9538058
6852752
9860664
6220152
3539163
1825720
7795541
5605674
4464606
8286594
9509776
8459790
8191418
9973257
8405234
1836102
1541478
4954957
6489704
7672854
1902716
7088355
7509863
2169485
5933835
3194404
1385067
8887819
5639969
7733333
3527069
6643886
9696872
6991601
7178970
4991009
6113511
2582628
3184891
8509437
7370192
3173007
3398006
852467
5070610
4615319
8427787
9134863
354219
4684073
2800762
4926828
6020112
6061560
504944
8596919
3953115
8105886
8084564
6771544
8121251
6213547
1285913
4235940
4489303
2369828
4927986
5904106
6379735
3576103
8081078
7849460
8323933
3233509
2144738
6091412
6325515
40525
2874858
4115392
8637907
4736120
1630545
7419534
8941623
9091654
4955385
6138302
6490384
6165844
1490951
7271065
6457357
3821296
1202163
2551890
6880502
9590564
2885297
4801286
7447140
9325256
6264876
510896
7000061
6771246
3749485
9246831
3501266
7966994
9692937
2650375
1540476
1307729
9070114
9207797
3961724
2596813
7391064
6478386
6812670
8793418
3743076
5200682
796013
1800573
698279
6216472
4039570
6498680
7405471
8118443
6126904
3564915
2592217
5365032
7319591
7645956
2499925
7159096
6153101
5530030
141029
9884488
6066700
4004834
4039669
3061848
1430686
6093643
5133390
3192608
2723839
8610564
5504055
4516464
6548176
3794518
6806478
9894426
9330467
5107696
3465913
7548403
5232640
6634645
2918484
2851488
9768722
8425555
1887612
6081831
1981415
846642
688039
7859263
7050705
5775523
9076193
5108306
2035015
8757535
7253763
9112259
7286620
1208374
663125
2823890
5677159
6580654
8356000
3303358
2958324
196875
2235986
1432768
2499644
484872
9784642
4628232
2543005
9355404
5902482
1351995
4750826
6341942
334553
426261
3253437
6328733
8424759
2496023
8493865
4047589
8498880
9799643
5335391
797725
1255602
6351110
6173399
5570418
3873713
4162481
9967151
8512736
9565451
7264920
7014651
6962264
6783279
3984689
3873971
6801622
8265210
394482
844781
8716091
4854465
582964
427622
5672215
9404078
7046926
765711
1715
3118479
4479053
1089221
6184622
1752720
3415631
3222883
6044574
9941458
2727773
6284339
5435291
2851041
1799881
2266014
9756202
7525409
4532315
8373017
3936146
1075071
8476663
4463188
8738058
262358
948319
1780640
3316050
9926639
1102506
4813533
593487
4529620
4026299
9639872
4603796
5098378
2884621
7045752
9359231
415007
8804531
3086153
8198597
1746867
8671997
7218887
1830888
966992
9251016
74192
4740959
7849328
165916
8125279
4309366
5361073
9275346
4068923
6466454
6229372
3940079
2588239
7157172
2943649
1255472
3575983
1763211
7477407
8548005
6665804
2598089
9172184
9018898
4476739
8379129
4016898
661059
1228650
222562
1278825
9759321
3897232
1353635
8562748
4378927
9435578
505222
3915847
2159619
6539506
7732674
9336150
2388869
1427005
9547797
2428884
8498626
6548221
8001116
1945911
3447223
9990462
2750790
7553292
4496717
8546706
7462360
3405078
4325048
5131513
492280
1278244
2307075
7421752
9611870
482222
7609937
7902713
5015181
247850
1689452
6470747
2515529
1093772
791725
2383862
8675501
7625149
9219703
9286278
4585520
2216681
2053595
9542762
9268221
6640761
2579581
6545688
6456782
4658602
6967964
4664271
4610401
3288589
2590800
5724967
7683728
9115894
3625089
4141523
3679134
1902034
784873
7888865
7823907
6542846
8478092
1089268
6142168
8310521
7835179
7108253
6020252
4198955
9750048
387345
9249754
6546342
3749679
7437328
4996890
4493503
23290
9428457
5105608
9492404
7170320
122216
2063189
9560740
8457892
5994402
6919427
9179310
8195691
5030387
7983987
674621
4871398
1328029
1922495
2350618
8443790
8270306
2556809
7164290
8208729
7886994
9353140
4182082
1639203
2739846
6785127
9312294
7219391
8192318
9432477
9001080
4405311
9350926
5172122
1753886
5276655
7625209
6120868
1255356
8367411
8862655
4687731
8690131
1969117
2859676
7075484
3259185
5544803
8201478
8996028
44507
2410049
3725604
8937534
9141131
6889205
4112559
1189233
8439403
2095524
2532648
1301091
9810229
9181896
5096617
7208837
9072513
2173974
2215131
7965974
7580402
210200
6599130
2409315
5457959
4414516
6292182
4937394
2387816
6165025
7250875
9032853
635842
137298
4426218
2175656
7467989
6560306
1730080
1321732
7465533
3246720
3049300
411548
1605136
6278175
749097
5968678
1448614
3410494
6224890
4716747
90519
2440255
4952591
6371753
2037471
9108020
4029257
523697
9689297
1524619
5973301
4998686
6441781
9211725
2570936
6953501
3258654
2375487
9859953
1263430
545885
1315571
5876918
626479
7868697
6144476
6164165
7555336
1478149
4692201
2695450
3689197
9886981
9650111
1904730
576618
5181058
5645640
2576005
5215703
7307195
312358
1414879
2653719
5057944
5543122
7474357
3449170
1849495
3967507
3170326
8264787
484603
9003603
5366817
1023285
6949661
3724464
5360390
620598
8893023
2024644
5844775
8374937
4697919
5158393
9564874
4955270
1270167
165378
2444452
488941
730820
7403807
6653707
4168483
4477933
8443394
5389834
5687124
8463730
6110612
9160198
3613844
6061421
6776486
2267687
828283
1543623
5075219
4744102
3386823
9784470
1031905
1592561
1832002
7595254
5965893
3150936
4436690
3123639
1331453
8943015
7256393
6898340
588262
5275180
2573285
5300344
3880569
7964862
1610791
9701566
5398830
9745242
4051325
5919212
8555107
1760050
7152629
9652084
5624388
4089138
5309054
8010786
7961056
7572541
8750533
9276210
1672045
2831044
113446
718803
2813984
1315170
490470
7647219
9075323
2515952
8157209
4736373
3124566
2977554
6146573
2818326
8883952
6919165
9595278
1914839
8536931
9248256
2047023
594981
861578
7970623
2128848
8225739
8638461
3213926
3465606
9394806
1140322
6208268
4807336
8867450
6620064
7709664
714357
2989222
1590801
3358127
5370968
1489359
7808946
550889
1441206
2368067
8476172
5220841
3874833
2957945
6045253
2771704
7545172
1344530
3567564
6378533
1687124
5291366
8108904
8712395
6400327
5449049
5948354
8712306
9282552
1383301
600372
2275514
4866604
7768829
5164881
5692117
6735062
8299288
9326444
9175547
7759883
5168413
5502787
2285620
1961125
493144
1748171
459004
4672593
7209741
8621971
7418416
1140049
7977871
2560236
9244312
6476738
7384162
9520503
2255523
1674185
1618402
7976762
5834031
1003132
5841377
266422
8971692
9289747
465225
9084178
2406231
6114080
4124016
4895131
7109687
6152190
9157561
2228170
7357510
6270565
7290071
3318920
4677991
3345299
7802895
6070604
2465882
4387804
2517260
1350001
5540452
631560
8644420
6220751
8688164
2405762
8437026
6881724
5958246
4982142
6393063
4714400
9050089
6107483
9526829
6129820
1209258
2250578
6194003
7875958
5849895
237469
1185269
8407826
4592195
3071130
9633398
1984444
7829374
2902190
3015103
5595481
4694093
4144910
7148777
4776121
9890219
7677216
2612158
8665204
8614764
1829258
1218280
1271078
25324
8727264
3002045
287960
1568205
6594270
4604653
5700046
2242173
1598489
2464057
8892018
8136353
7418219
3599585
6954617
9616293
3948120
1477340
4633081
3870579
598466
128408
7533626
1199759
5324258
1034594
2267260
4909159
6201900
7028052
3518867
2279795
8130087
5306802
4500003
8375819
4441461
2878303
7918728
5917056
5254670
2187657
8563457
4072738
2409647
2533859
730956
408325
180936
1689499
4523952
4536211
4727555
5105412
1932713
512042
2129702
851244
9465674
6835301
4211871
7812569
2331841
164421
875623
8574396
4925365
635793
6788955
1207499
4092079
235631
4966307
7748916
2693762
9236807
396818
1633735
9472949
5394993
5693413
9752717
6349096
5797343
7417449
1661142
5036045
1475987
374629
9972943
3695227
9886091
7252087
8233012
5538280
6624758
5572689
3692057
8886724
5518137
8151611
5349104
6789493
8202141
11480
339959
2419809
233793
9307224
9449821
8472039
2720770
3651146
6099235
9728692
2143059
8130962
8307882
8438967
2785373
8522038
8265508
897682
9672513
7134633
842637
2348632
7380669
4105939
474721
2302682
939903
3921827
3880902
155722
4257778
7619246
3865310
7036450
7203833
6864386
7356913
2463051
4493979
9522935
8703454
525572
2468521
80741
6759980
4568624
7801688
2364238
1392669
3710957
5217849
4967689
1737387
9743402
224474
1407195
8657581
7440229
2943638
2585711
3125049
3726476
2317265
6153994
9559611
8899592
5970967
8514100
7038194
6160540
8196619
6932192
9574954
9808106
5693818
5770340
3082600
2925771
1855475
2518845
473306
6043160
5621404
9252644
2554336
6026308
1819240
2925602
1595293
6588870
8092489
2970629
9743965
9018064
359302
7574469
4082241
2032370
7202597
5982675
1386944
9724107
8714806
4796648
784985
6615796
2719596
3875003
3726717
420333
2334782
9618743
1959258
6353647
4115210
725415
1646823
5608377
5246511
439227
8942475
3908228
4655089
300050
7805629
6765014
6129957
4334750
1698620
4576875
1698080
3132715
6014080
5261892
3247216
9181386
5634507
2467747
3776086
7275391
2350436
824702
1074868
3545734
707320
9509010
8608687
4696
2323928
653265
3880951
3485969
5374004
36654
8704895
8242427
2706012
5905774
7371248
1035218
2086922
8578889
8593760
7287294
5237851
2136842
2952302
3486783
3318529
2578837
7322539
4662999
6407108
4048772
1487268
8760670
3628795
2827744
8912676
4973090
744796
7565391
3589369
6342849
8856877
6019542
159931
4967328
4082182
555483
6378324
9740558
691473
2894556
2902984
9490712
4157261
5723201
6737892
1065100
6560243
45207
3512910
3272910
1571755
1755100
8161022
5127213
8130072
7612637
9698302
9596210
4701782
834010
1144915
2898241
5050043
2346361
9300936
3690238
8268578
252167
4255205
613909
771437
8745799
6226080
4826379
716411
2856624
2152266
4001203
4703824
21486
4588
7735578
9443450
4853438
5380254
9735856
9698166
4001877
6083947
7500396
8789328
1475928
8174297
9183064
2222606
8855745
1849969
5172151
949737
2433875
5180576
7844612
4204913
4139033
608167
8720504
3107795
4197386
3826114
6717341
745802
2730173
7772187
2327834
9597820
3895150
9913690
4834372
7621018
7021508
6056840
4545025
3245031
228543
7749624
8524742
154621
8581991
413113
1418240
3074499
7354380
4897838
4247071
2924051
9922324
1444555
2013105
8722913
5536779
5445304
2221749
4333924
2750737
4498024
6140516
3237585
3930177
2497585
2710341
9372085
8893507
6405120
6747112
4360251
6583561
7208141
9127936
3842283
9017510
7229666
8642739
3414477
5602471
8487122
129115
7835371
1248059
4950583
384859
2573568
8598856
2090859
9081393
5498424
1226910
3005989
9605663
5645901
7684276
1031603
8346495
5653095
4417290
1820307
2806950
1292408
6095146
1144789
3342139
3158181
5811747
1008088
5428494
7894026
5115460
419760
569954
5078696
5040133
4489418
4410254
6175650
2315152
7902165
3353265
5197479
3903140
7260096
3892797
5013382
854898
5537501
258847
9347254
1043730
221390
9676973
4610832
3810650
8473141
6865179
4727286
1427959
694746
9690521
291548
9868144
3215879
6584986
341186
5695166
218634
8262010
5440948
2441311
7331585
7054698
9053972
8268036
4447705
3915751
5884524
5687672
8534662
4119183
7615701
5245638
3222665
6314168
8815476
1863954
742255
8374775
6209337
1506516
5508644
9086773
7759180
4299687
7417268
2510568
7517172
7258646
6347142
1038561
7771664
2462624
1787666
7689303
5585073
6444598
7294798
8399296
9625510
5575503
8432193
7061342
2156077
1230374
3473017
6481747
3663929
9593869
9120357
2816830
7017259
2641543
1466450
9526287
4859785
5860788
1435900
701994
6244402
9326754
4635746
5155014
1110547
5997634
5272408
9919936
9371648
4865021
6582156
103554
3042111
3846683
5356511
8681139
5885180
665968
6795141
3736156
2524883
8506804
4941380
5276073
5675112
8615435
2513508
4844273
9761871
7133197
8605815
9396250
4407339
8489468
192185
243307
7050942
3323291
5257387
2924117
5472953
1601871
7619728
9080557
6798510
7074043
2746523
2880869
2501656
3324479
2307371
1777982
1885098
8509531
522389
3578117
6929825
1881648
488664
1698094
5417121
9943437
4906143
7161668
3305102
5504079
1958235
9327967
1125352
4950836
5485688
4049808
3403481
5522443
5505825
5022240
2577552
5533180
5170867
4734177
1775875
6353671
6456157
3018353
5196584
829109
1653348
1719916
8721684
2856236
527465
4040055
8993001
5658919
1455891
7392829
9253423
7429899
2705718
6449597
6672755
1177984
8094027
4627187
3549402
8490367
9865694
9576657
2559437
8868135
1510255
8191530
1268163
3702361
7082484
3031879
8115979
4021937
7678099
4104944
6363284
7546292
9516021
7028599
3690126
9139896
8081838
4147645
966592
7204297
401216
212375
6077384
5338651
9109138
5807867
5272534
7185991
4742244
4172237
6283362
4986334
3115869
492553
2694916
1590859
295245
6247872
8789322
6132721
9676086
632806
186299
397545
1510177
9280221
419401
26004
2783107
1591099
9909202
3863136
7932407
889989
7263413
6624583
6890285
3460503
8287899
2948822
8226192
1264681
1827359
7691139
8528104
1509021
4486598
8658011
1930557
4092308
4906336
2917229
3300217
1407827
8247636
4221286
403412
6964111
392317
8869967
4321176
1162300
7847566
4415774
1329119
5562417
3636766
9130951
1918150
815805
8302978
7020793
9827420
4120086
7165351
5541096
2947475
2049314
7381352
8466561
4666946
2597782
738248
1180144
3894248
1352386
6823840
5349693
4713041
7637144
1349060
4659389
7709235
3228092
6566322
4134429
7577924
1841078
2078817
9837301
1560444
7831050
3953157
6435196
9239796
8374539
6180277
1722951
769380
1657577
3986886
5058053
1623394
8259774
2039373
5038948
6944196
9571520
4202147
975552
8765855
1297875
3925646
9088812
1518641
7317075
5165675
5013270
8943350
1397085
8205131
907448
2711877
21530
1297097
8748754
4953702
7028063
7237707
1487646
5618781
5079030
3269262
2282316
2023806
1478029
8022653
5188647
8656216
1037354
9547096
7034556
7944494
5522914
6620173
6170141
3771307
3339017
6180883
1712632
6553376
4327963
5872980
7260441
8967576
3419744
8150995
5284703
586054
9997465
9671699
2505313
9687336
5748900
6344203
4720222
3661152
8724451
5015378
8885611
280330
3761809
8996578
703915
243169
7488860
251039
4653166
2985103
6725660
5327314
353697
8047710
7878723
9080787
3365545
5233272
4740760
6415045
8580376
3580437
8556468
5089500
9600676
329864
1714193
3704801
1006080
7251611
6994008
6782226
2820546
7443537
568341
8813466
5731721
2880958
9482143
4076012
2419687
7027928
6967176
4625505
5350287
2233584
4675626
2002354
6978470
986301
3862853
7577344
8798043
747109
9715956
8405721
8200378
8580718
4951677
5859145
7570878
8610527
8876208
7091936
5295386
9032190
8463606
5250041
1150758
7011613
5247122
6519305
3190451
4214374
4232948
3322936
5110138
1463472
2277748
1481571
7819289
9912009
820922
4137440
6412713
361304
4275193
9140719
7266391
6877688
5838595
2835498
1802479
5337769
3773771
3217186
8398921
5196360
4404292
634554
4725736
7103534
6207828
7202868
1960866
3072686
5478501
8758555
2635770
4944752
5713460
5229434
4111063
8337820
9552432
4141229
8600277
1129567
8685385
5460936
6588957
3639127
8985041
5209744
9268911
6592194
9569832
8144530
5663495
1149050
4074088
9472290
9524564
7772418
1956583
6911103
2755503
2726685
7312886
3681985
8615525
7494710
882947
9888773
2761715
3205950
8894639
1047466
6216813
4815310
5199748
9640036
5885190
2773117
3233221
4938185
9934573
5030491
2080083
1596287
562537
5272712
88415
1620756
5531857
1367954
3376308
68599
9489635
9118655
9889678
5100533
7864425
3093463
1877051
8558693
9197687
1277327
7797230
2927752
4558199
6771808
6371179
8941235
3285797
7539518
3816198
7919488
5500047
5489031
9243774
6075230
810172
1370830
7596149
5321700
1253231
1816093
2038686
3298808
4622252
5894734
4652065
3090444
5593692
5879872
2169000
2863863
6373583
1134358
4408511
1931479
876720
9184482
702046
7021832
3095022
2079465
6333273
867438
4930062
7392406
518396
3715464
7814780
8559372
3887459
2300675
8775381
2707054
8760831
6909519
5863359
68078
4017796
7117110
7893971
2900892
5905170
1935630
4565823
9015691
7428910
3928959
9420424
2568727
9827173
5306015
7440300
3420710
4384791
4343602
3689937
2380925
7398845
6806457
4653650
5480275
2256232
826627
5337048
1162641
3736674
943269
2644719
9644938
1700188
4221181
5219093
2694208
2639034
2495121
5182004
494651
1273189
1255952
5439848
726722
252112
1668154
1592883
1844070
7915389
2332311
7391797
3676649
1063592
312611
7046630
9808110
4751671
3366715
6242228
287928
1849435
2616029
3913993
8641961
4692862
895115
906746
6261827
6401054
7135108
2914411
9973944
6380794
6220098
6949492
3444654
5104968
2777353
3074209
3492565
9723468
4287450
9352624
5656480
8090222
4037620
4000242
9681261
3047896
6266741
5022762
4117103
1225016
3285191
4371227
3591441
4779087
256168
9569790
6366218
3619400
5613598
7475285
1065873
9846492
1220034
4883119
8291950
8709212
7777501
1965249
4019384
1955794
7851306
8786811
2444843
9394854
4596484
7103385
9819251
239319
2854702
7972048
8228315
6937865
9819733
1436461
9547566
3755870
6899896
7835386
2841632
2975883
1647811
2408363
5413883
4867253
3819895
239087
8317138
105315
6984780
2409834
3642586
3851842
3892132
7569471
5204500
5774283
6322709
4664677
675595
7247205
6778803
369007
3983154
799172
5134080
4457824
9916241
2600308
1182713
4295970
8983081
4384525
1583346
5363367
6381662
9209675
9113880
8056976
7001296
3390145
5736564
6914991
3512209
2940880
3179301
4346933
2132111
1867675
4382927
1162988
1175433
5980011
2549848
7410152
3210452
6575010
9546513
5774518
7588741
5558144
4370128
9750268
6863805
9009565
4716336
2471456
6286700
1217749
5269650
9720760
3725194
8636133
4668855
4444481
1453683
3973312
4183615
5391525
2707622
3442027
9241895
1864381
286270
2800984
3398341
7550280
8804643
7985400
6548145
842180
2895231
7338923
3901679
9774380
9690819
5778155
8313764
6062996
505832
3069722
3450294
5143446
9674882
6708814
7928856
9894990
5629066
3600769
681601
9212568
6500302
6557718
6681116
2989517
2710647
2192385
1073483
7673202
9738826
7558365
3652458
1958191
8971578
6195719
91655
1783780
49885
1488462
3170147
163038
5647429
7179427
6794675
7781395
4573771
2967768
2088297
1083704
7255131
3001155
7909137
7591313
6851346
9495477
3370482
5241703
1403775
7739438
2074296
2799804
6021048
7765729
563415
1457019
1772835
3382100
659603
1671975
2424173
3052723
8383681
3293739
6546809
8468536
5608166
328061
1954767
9405447
7805245
2060113
5475424
1942567
2530072
3517039
9119584
2367558
9903634
6581208
4362599
6103145
4255126
9687262
2943388
1550623
5986823
4278814
7542369
3150450
7491089
6215630
335069
4965813
8879012
8821451
9069113
5320098
3776490
4794041
3489624
3798150
6082315
4575408
3092611
4147947
6674265
5657786
6977889
7480168
2602532
3378050
4607814
5998372
6044264
4263980
525903
2011880
3787351
6286598
760284
6907333
794327
7007716
8559033
5610604
8034605
2484625
3618751
313965
7535556
2622855
2278467
4930580
9511665
9131765
1217631
6758108
6528240
3174699
3999093
5861070
8380467
3867298
6277457
1759669
5896755
1177700
5414413
8081508
212923
8712174
9382150
7046171
4374590
178389
5766828
2295386
6944240
206991
2892172
4033934
2004864
5407856
959011
1600543
3252163
4368199
3721166
274519
7457386
5297729
2918879
1492408
8904999
4208516
1336649
1220167
3032343
4319126
4301632
8530797
2461012
6613313
8818681
9661455
8859195
5750426
6540098
4054274
9341817
651420
4218193
8491753
1392012
7136058
5972332
3007788
4755360
2749166
2487934
360253
9864742
6282564
6114015
3042418
7994429
3076183
5239223
2299536
3011089
7137216
3722457
1110561
6306368
3556752
9911724
6547858
7920295
6166766
9570222
2191090
1947173
754720
1481703
2104194
1864488
5859291
9847290
6888386
5514728
4155519
6229126
1924177
6530177
9138010
2252920
5319090
3121180
2352294
6907726
3637627
3033075
287487
9035241
8032946
8460862
7797499
6570606
6033945
5276759
2784095
802854
6995392
5360563
4190403
698705
5454410
8603378
6077861
7219434
2586332
747042
2604979
1840614
6284135
9183132
1608218
8415821
9540725
5454010
9121926
7891598
8825994
7981991
5822917
4087283
8999289
2762932
4583662
5846333
3551635
6672182
8406775
9180961
5539972
4328262
2068981
5509722
7246356
8836362
913464
3776128
6514381
7910506
5844966
5625796
6601014
8124260
4962455
6692474
3119738
862511
7497212
7833138
9581001
8732627
8131801
752975
2528552
7080217
4742161
7578706
7174358
8864996
7901248
4672904
3397088
1445209
2432280
4854263
5361958
8035754
1648531
4228251
9932069
7026525
6534269
4171225
582934
4268645
5475590
6739904
1591528
499450
6826324
9482492
4144189
3120531
8594318
3030118
9608258
6415212
1838001
940388
382513
3653742
5637009
7254878
1385853
8238523
9286612
6730615
9349088
7701001
5515635
48434
9427032
3652000
4200918
2381814
4885400
3482119
861963
6278906
4496385
800762
84094
2037379
1850857
8985367
2918180
7411313
4971783
5459259
6330172
752394
3659028
9853027
2246395
4974139
2374498
3043052
3024687
5260482
4091805
6458643
937902
4273584
8541360
7151343
9296587
1407908
698932
4009581
9573026
2620475
1452528
2471901
7073555
1719765
8176799
7133531
1364874
2193509
9556712
1997806
8361081
4855925
3246553
2450829
2592013
8413347
7560053
2840016
110420
2328943
8712058
2739792
707323
1577974
3148536
4611163
4396768
4225840
9359371
8067377
8992267
546966
8481577
2352384
3231236
9262680
6647928
1799161
7705413
2477370
3963368
1847269
1749912
8158880
4211680
8180892
438574
489421
7766903
9756118
7737221
2964116
2004830
8606771
3309653
2406539
5060778
9954257
2226045
180218
5288668
1964359
3836099
9887044
6372753
6466999
8998602
8199544
6538633
9348949
8044965
2631152
4796972
1571363
5707591
6252650
8902981
851415
925816
7595313
9954072
3875491
2564090
364894
8462185
9676448
7864226
1038024
7452048
6934039
3700423
3241564
3266659
7320810
557787
4340286
4908163
6410580
4828819
9096675
2747968
3454117
6439201
5541615
3018041
1433814
3837443
9462225
9866578
8130943
6895685
7588353
7195490
1899069
4633210
6886684
1792207
5039997
495269
582727
7058692
4513426
9500844
9523835
7766010
6271580
918966
8310814
128467
4301476
4672001
6517638
3802966
9470398
4488732
617853
3241540
8051883
6609709
4479064
8920550
6727002
8653661
6923150
8055366
6212004
4699286
488645
8837855
1237278
3426063
2970843
9662613
4220644
2470421
7474598
5333186
2763208
5789065
4773991
8767999
9730218
6629388
2431525
8253606
547907
5246242
4544407
9967192
2687931
2641086
6457868
1284412
9372550
2592803
6591324
6712141
8725783
4347363
4075070
4055561
8234408
371868
278123
2431730
9418853
112144
5348339
6184470
9619586
201165
5210395
808842
4448381
5925154
3523206
2485341
9122636
2389075
3902509
3031127
2148395
8040183
1712351
2365932
8293665
3595477
257518
2606200
2009646
642351
1688213
1692392
8091405
8660975
1704749
1446002
7351436
8161677
7751894
4611341
2187494
7278136
5345545
3155734
8504586
2920690
3817517
6869441
7465046
3900515
9183207
6225914
6212549
1578503
5475574
422018
6776878
2839694
7860644
198015
5452168
529454
3125331
1740836
3656834
8833383
4167679
7467114
8513693
1448483
5011903
7497603
4979589
2689094
965124
5359439
9202389
9262930
1885483
4400697
1736231
6229881
8245823
8694936
3530369
5418932
3297489
4644269
1205316
2788356
8249676
3588220
4522606
4850639
9549872
2190719
1575144
8506416
7406171
7135962
2532545
3603988
1840594
4842840
4724687
1326795
9745634
2807314
2826663
9093643
9006107
4503571
6303819
6545839
9728738
6405205
408944
3131946
2193352
4025987
696795
9559863
2559569
36401
8987911
9522668
1458179
4218679
6273177
5779599
4549644
4557092
3606969
2170077
8927049
5908500
3847660
2734326
374367
2565190
8830977
9025038
5825683
821547
3428289
787317
9166834
2779515
9914798
9715937
3610750
4527757
6018807
4508205
3008416
9804206
7654539
8605814
2375428
6332166
342764
3199228
5136626
168707
7110726
9051772
8487238
7758100
803302
2770923
7738392
2394712
1623225
8981496
2415816
3465203
4245708
6070153
6650213
4117996
585820
3530130
3048368
8018706
1723212
355196
921123
7546876
7645239
1507366
6124706
167139
7653162
1785405
4207293
9067113
9445000
9749083
8726603
6602164
2404088
7232747
6591364
604430
3381038
2925968
7194254
1092770
4332134
8509648
6085775
3500755
7060676
3554465
2356704
339643
1019029
7496156
8807779
9180674
1732610
5690627
5579361
1288701
1497514
8252629
5368476
3936721
2305427
853358
6589703
9582618
2443129
3858099
5196288
7933939
9981285
4943762
11741
357845
3137972
9907248
5981853
2704394
4564599
4280667
9747706
8570018
1431420
157759
4669026
3842551
2626079
2050816
6721851
5385880
768413
39
2490486
4390569
1434862
6362575
2315587
501866
7760261
3917766
2567752
7391482
6060650
9243207
2785781
9699899
5433555
4457623
5937016
3706382
7384923
9880922
8526930
9454946
4731835
3965944
41247
229538
6284567
4451843
4742594
7457374
3560230
8048565
2144957
3849066
2316932
9121004
4484269
3624891
7263001
3266211
9263335
1569150
2027163
2931988
5165767
3703824
9354096
362129
982855
9958899
3952894
5674225
3192873
6655968
7015285
8180058
9334997
416545
4480420
3485318
5849762
4037007
3524092
4344458
2342872
7325141
5950620
9359351
1051930
3974168
6344512
5720915
8734794
9177237
4509747
6447732
2167864
9710481
2386175
8967355
7462152
3576615
4660695
1021638
5611046
1164634
5427729
7235513
3495174
1297034
8439972
8525297
4367293
9368588
376439
3737216
786094
2772200
8150279
3548817
203594
4666825
1876546
7020621
8358807
4319301
6677377
4856668
4586646
9127485
2557092
4842993
1038058
9847838
7026767
1576873
5561612
6257757
3648073
1408879
8224345
9118957
2122495
1273199
2171747
4101523
3719257
733629
1210321
3401380
1200532
8211388
2558170
371992
3930290
3851860
3434985
8378074
2491313
1501928
9840146
7878752
6962330
8567337
8373645
1808313
714170
7481802
9499601
6243378
3197766
2217741
6185082
9149480
9884639
8426083
3451762
3399663
1765332
5786387
1497914
3972520
1943476
3265636
1835738
9734516
8146399
7017369
8022734
2281831
7137007
8359252
7103327
9689416
964108
6340257
3247634
330649
8082127
6898800
8448818
5220140
4242050
3722093
7314849
2854416
5215287
7205308
4695434
1993262
517444
9477678
6695527
2696995
9993501
451846
5664545
3299298
4014757
1226803
6778655
1317994
3379919
3658707
2893733
6489083
3272807
5953494
4147197
3834615
9944464
5928711
9480268
4689859
7139883
7027315
1574903
737370
8449460
1004444
7515988
6865294
8219008
3614210
8840244
2356517
7489325
1384717
6964686
8745015
3329092
510605
3469684
611756
5866453
5251583
4917440
3669777
5241919
4770011
4070449
1549878
5049945
4723201
9930165
2429767
1162935
3569276
8135698
4602103
2792192
7723214
8552626
2588612
9802441
1912922
464611
931986
4877649
6441017
2921014
3841708
1603428
2926318
6358600
3935383
1904812
7698486
2256154
1460421
102452
2359860
2568946
5233356
3528079
5692485
4193648
9435486
5554851
1599190
2805937
3934488
9128880
3308164
7596173
5149659
8587561
7349484
6411977
6253306
5178290
8518602
7949327
5801403
1138717
4188039
4742928
3552531
101864
1320793
9366405
1575936
13343
3628594
6906166
8072323
6414390
5945080
988941
8928278
953018
8388916
2778776
5496439
2726737
7482201
3210485
7702706
9591808
5987158
5690870
6230461
7919915
2206275
8146226
9654782
7586479
7704616
2009746
490855
315618
759376
32820
92327
5308641
2723464
3374956
9267587
8709994
1072888
629107
3188814
5258650
1460670
4761508
7857615
3811864
7440584
3575714
6600200
6622327
1437156
5457162
4094880
4287009
7190698
6903107
2600629
2282932
1214809
3957183
3225800
762562
4316830
360365
1060564
9651917
9887289
5995174
5228806
6845775
3959551
9084764
6346913
1713330
1144424
2982259
3656589
1640587
9476104
9098895
4444412
9865634
627891
5592413
8865821
4981774
9855256
6327110
1632948
3850421
485708
8505844
7436736
401122
6231552
6335935
7555468
6287346
312557
4263360
5112155
9037934
8641862
2389102
9581498
6982273
2491168
9898915
109520
2413689
7317846
4980666
36403
2468583
107982
7854270
4771435
8326436
1563110
859923
1254520
3960142
9946348
2127701
3992558
613729
4272657
7260716
4075117
2323960
820314
2067507
6395553
9607726
8190746
7127
6401167
1107474
6628148
5514178
5832325
3019885
5290081
2336100
6342690
2876844
4946815
1726213
7895756
9896760
7969356
1362837
7459515
8241492
1307616
3813053
7793858
2769098
6676933
3727258
3071949
18418
3932088
6195150
5723095
6893481
1201949
9337950
323424
1379995
451095
2439632
5330296
4667864
8210490
3019695
9065
4061350
3626054
1315144
209156
1075389
9310895
7610956
6421200
3193364
4843847
1616394
2599884
3727431
4057744
4893325
7977942
3859015
1259205
3521674
1036618
3927601
7943600
2933246
7039382
3615130
4318426
308348
931003
5616188
6928832
8744459
5236571
704899
5074786
806661
5751799
7128193
3556398
1512707
4539066
5425001
3857626
3356534
2096902
8544255
232969
6608158
5794966
12113
9379579
4238152
4344992
3157164
7787842
1099792
8016673
8570558
8532908
2286446
9812764
5004350
247662
9375331
4193621
6946114
555566
222602
6626666
3145661
4306558
7545069
7212132
5766660
5491072
6823689
6785104
6527734
3404570
3298208
7290715
6769927
5373131
1587041
518486
9265858
4658724
3403005
7927
5806562
547191
9498298
4803316
7530714
3697153
3388047
1696969
5355157
107035
5763635
4954658
4963900
5721214
414209
9193215
7815811
6064605
9540865
736730
4988784
6994815
8979651
2852578
7620349
7556347
7347827
2880591
8283731
8844780
9228072
239112
3374945
29964
599017
2794281
2263784
4714487
8778868
7905523
9789885
3775690
1533209
1880381
7454173
9383657
6944175
2414168
7134547
6361977
6551583
8811245
8448131
6647101
1580710
6764930
2277110
5669662
2302524
3406332
7600969
5588817
5268574
3509146
6685913
7677736
4307375
5964383
3904375
3120301
6005981
1341933
4136388
6508836
7820781
3283207
3937859
7173176
5448772
5336640
1778231
3511976
4804871
4368292
860037
5444596
4486762
4139544
2696824
7252851
2672915
6361645
8522602
4252038
1152079
5990003
471479
5744476
237401
1419268
7424198
4324534
8448981
706303
1178924
4367460
7971961
6248901
8162035
5725343
5171132
3980875
5718241
3224572
1052129
7720329
8632252
6400107
4180605
6824514
3049501
1839526
4751393
9782220
5659358
7392939
4320359
9208170
8005289
8086072
6289048
6907490
2885677
2943483
5564247
2992308
6357644
8169651
9570149
8078252
75585
5517856
1548954
35097
1073818
9349495
6849966
5464909
3229235
2706842
9865951
5198341
8799209
1007855
793130
2740593
4808225
3956774
6833694
2939432
9619665
177762
1632739
152447
9900429
6573426
7504536
1957160
4219233
8906507
332481
8358872
7796388
4543422
4026317
3575173
3903032
7978161
6499314
7233231
5845006
590142
3917154
6776848
3156190
2683029
9926458
6202964
8713134
6742547
6716434
8371314
1143939
3566369
453171
2624337
6376906
5292006
4533899
7965751
194293
5600742
8125450
1268069
8325258
9827934
5666092
4836695
7299438
6835218
8641811
5030465
3871351
5197255
4345422
8191721
9842958
7986864
9223934
5353538
4483624
7017676
5452926
139309
9187945
8545860
2770545
6079232
6287432
1234063
2699647
6218857
1124816
9778848
2525327
408849
7506589
9735512
1055454
510855
4552518
5671692
6574396
1705492
8950684
5017229
7713677
5071388
8712271
3049680
3099665
6161523
8059773
2802935
2332688
2948043
452767
2128123
6572103
1735360
3139122
7790821
1842613
4211998
9314640
559400
625137
9769240
9772615
7533217
275237
7317911
8694403
9151553
4708593
2229920
9473511
431458
6277535
614838
6391707
560377
9008855
658884
8535079
8200198
608720
4090174
8869904
9283461
4443551
1448150
5878574
4952483
1024705
9838848
1163799
4712568
2595489
6396498
9188129
3525155
1977323
536978
5723056
4509157
7791765
1600962
7524098
4216415
4688628
2764121
2313803
2241640
98366
8637261
2700846
1593169
7123793
7048591
6693825
5980870
9439166
5020938
1573655
4171207
1341759
7963630
3447715
584985
2816414
4932574
7555668
8028369
922721
7172380
9166786
157581
5299348
8286157
3797411
7172009
3292763
786807
8687337
2852605
9939409
8630149
1650141
5790934
9922487
1505873
1694335
7695201
1303797
2959507
814016
1821544
8305061
58515
4766257
4887931
4807991
9030492
9600802
5618756
5176405
2278634
9385653
1157337
5334031
3882481
414830
781068
6316010
1829072
6157737
6368115
4482013
705971
6123481
7479539
9097986
604191
9906808
1170832
6995797
8542001
8190116
1157687
2624458
7761532
8393983
9975194
4790016
7250370
1980266
4186307
3202523
3106117
7499867
4958276
3458930
5111701
9858630
449413
3173441
2705520
182873
626400
9973839
9581251
4225541
6634461
1519605
1379268
3204638
6924363
3002764
3527505
403829
629661
8816458
133604
5482849
3634857
3125181
1839714
2730765
3695236
4434613
5119374
454580
165069
1691073
3815294
1984739
2451276
3365932
8449010
8111067
3993777
5413803
7023312
4575493
1335846
2033314
9148822
4674769
1769936
6014204
9128472
966138
2106948
7797602
5701567
7253752
4066089
610195
7985440
4994998
5856205
1650385
7771724
5955353
4848388
2033419
9521799
4994715
2499442
8346495
7735974
146486
185704
535094
7319849
2831051
3424631
1134294
6070644
4911560
5511936
4635353
6981187
1704822
1248134
7470917
6380022
8892181
1038569
6900169
4094570
1926326
4691245
6247063
1765121
8748635
8304933
6635428
872434
3415711
1707187
8049681
2006067
5006548
6103831
1939838
4620100
2764564
9255095
7200674
8799465
834813
8829466
71361
9471860
2345497
6939298
5002965
5254878
9934751
2420440
3649429
5946544
507696
5917628
3823809
9577656
1613807
6442833
1989843
6169230
1678413
2307610
3888044
2564242
8967175
8307257
494130
107094
7870631
2453399
672114
3331484
5727727
5886445
5654873
5938344
9611391
8835640
9414725
2525829
5834512
6217035
5578851
7137279
2932177
7977768
4597345
5354312
4868040
6270954
1998910
7935775
6002578
7808433
4459458
7262417
9643225
4712026
9809274
8143654
3202417
547567
7815822
2440934
5053741
4220976
1711904
8531844
541065
7015055
9779902
569324
9925894
2284198
6427388
7627419
2857028
2988716
8308327
1460583
4806232
96400
6127395
4860207
8761407
2420076
7733458
7144798
9460798
4506545
271863
1663670
7236158
4613799
3768642
4272348
7127063
8224708
4452867
8672403
3040647
941855
1612672
1499537
9976385
6133217
4659166
4022002
7010367
9750073
2616081
7740820
2117509
6568098
5268078
5674968
2152420
4263986
8969950
171578
1481961
8958433
5618857
9237317
1537341
3936303
7229919
3473101
678293
4271938
3853346
7411786
7187423
3360823
1790588
6130731
3683300
2442831
5709816
3237129
7962595
899069
4686272
9016434
207325
9733682
853051
1156798
9863755
8383099
4673197
4348441
8970887
2081576
8942780
2542067
7667989
8040534
559073
3880165
1005884
6099852
6626017
1562265
4306562
6347709
6534555
2535064
8855332
9443060
7310420
4676272
9218406
3572338
2358706
3636064
2257778
6370366
8727333
9975734
134214
4464547
4253184
305100
4823086
4909743
8319414
9578717
1501493
5868484
1655620
3765303
9910931
1265785
2609930
263926
1883494
733923
2097475
3536695
1680150
1299850
6061664
2077847
3002405
9762288
4871371
3089103
3819816
5238015
8472349
6725867
7806282
3853138
8840235
2299145
6055135
5549926
7570496
6588444
9012401
7456475
6522530
2016385
7354674
4581116
9865864
950037
6466691
3538467
6977726
4041791
2829073
916930
8534402
1939743
812816
2513729
7093770
6223839
9426650
3039763
1889138
9153721
6501784
5554361
7878083
5819958
6192217
3703124
6614794
3584313
3572431
2591537
7967165
4642125
5724476
3746426
1500699
6828343
103831
1514629
9206996
4014720
8401887
7632903
1939814
573327
1638432
274019
6397229
8766321
508019
6604380
9213191
5266847
6719057
7336917
9152527
8503830
1723089
5536005
96332
3641397
569451
1367229
3396804
1134882
7479281
2438278
5369511
8346870
8279932
9996457
6838894
138501
6219963
5465928
8903808
6141209
8985499
4751340
5372826
9508733
720489
7130547
7031409
2821688
4380059
2099057
9498095
3536266
7696615
3465929
7843427
511230
3718533
1484338
6845855
2175661
1087237
4029656
611416
9182002
527037
7887419
6008162
3402791
580413
991535
1523466
383016
6615554
4302040
8168084
3118300
9265769
4962826
2029140
7142396
8343291
8458457
6759559
6632128
3896470
3286816
8146625
1973525
5299027
7062529
3852483
2938139
664117
9539053
5039007
4492752
4027524
5811076
2648951
9680884
1579126
6305402
3182380
5997717
7009081
3777519
6235781
1843974
1581951
816711
1314624
8295146
7737287
9963154
7566674
7708114
5329586
7363601
3088952
9864940
77505
2747455
7063716
5936277
1769925
424565
8397842
7135987
4468146
5490760
7614624
2336305
6354735
9996267
6231694
7974939
7714506
1465091
1151143
1898234
6125735
2915199
3571240
8654338
8305527
1045823
1119491
1915606
6700670
4760515
7925283
7199199
282250
6262904
5503640
458580
4889170
6842412
1437302
584744
8803881
7616370
9093213
5386303
8260263
6405778
8358008
8760737
23197
130080
4317015
579947
1926246
4025498
7586417
5685384
5944912
3820285
9459632
4503769
8357065
5042588
7349814
6583130
1311509
5306980
3501248
7632263
805212
7825391
8778016
635394
767631
7853148
5997852
7553322
5975614
3260037
1552787
7652165
6972171
4174416
9435196
1364349
9123038
7615309
1153780
4816800
3020439
5724780
9932768
1826005
5344052
8115827
1064546
3172524
8573444
3444788
2636659
5187783
642820
1982127
2278585
1232964
1421324
1758086
326559
6779304
7398686
6824570
943092
8482218
2938888
4182345
2907449
59746
6119855
9822469
9652645
9102108
6944300
7198655
1369228
4858375
3171296
6269980
8051354
6166908
7416432
3886287
5140277
2567714
4228314
9121374
1631826
6165727
1333998
7745482
1633212
3797077
5049440
4153428
5699748
6661908
4738546
5933717
2938047
3044321
9023294
833530
3992420
1392609
9853624
7367339
5253542
8160623
9017807
1336621
8471904
8582525
6208445
9826459
9849461
1819921
2522007
6599476
2168833
184690
498597
4561909
1166034
5695259
5776778
4251759
4826800
4002215
3729456
6047134
2156269
8143929
3826468
7773370
785963
9867090
4723003
4152899
5335651
4341053
6166578
6490216
7955959
6681043
4842985
1654840
8367331
5719017
3505575
2608788
5563699
4552838
2232761
5604515
1336161
7531607
1965543
6253057
8621838
9563434
3823734
9838257
8632671
5272890
9173300
6252255
2850365
8765312
8964725
6411201
5401510
4607116
1308549
9366258
9449428
2745700
4289344
3167486
2757228
6181970
8291078
5369843
9517666
2867975
820045
2463341
5378969
1022639
9457262
5850057
2651523
5311121
9244258
7171783
4104071
4528941
4183673
676829
4035401
6828253
1807447
7215198
5067671
3636981
5362851
7616217
8436413
8282680
7901594
4803555
6615417
1618168
467278
2940393
4759236
3280973
6500206
8497518
7328229
404987
7430558
1313642
7695320
4169073
6071829
1753748
841887
1707281
3194830
2517356
7071100
8897286
1520793
7398118
7773546
6512340
9719589
4686315
183837
9787126
3471779
5296982
3577813
5677261
2950718
3788593
1869446
4091101
488993
8715687
3795494
6100489
7544904
9509560
8122727
1206640
7995259
3832085
2870698
7988094
2629142
9566181
3152731
6827399
9130392
2894501
9591973
3659474
9042573
8219757
7481396
6368430
93367
9061039
2204293
7580590
7344114
5294397
2501408
7618021
8251565
16994
5023385
9691541
8867309
1638325
4638729
3828256
6158021
2555917
2051697
2532795
6218489
6460189
5463941
6226861
1926415
1297417
2086442
3765283
7155994
4103181
4616665
5835010
5567641
3797092
379758
2355917
5076630
5911089
5152703
793549
3271818
8986976
4695771
7972123
2803286
3168254
3010599
9917902
6026267
7635170
4700940
1847582
162098
3617419
5572970
7361132
7138666
2289973
1151362
5003690
1599596
2188940
4266495
8939530
5591000
8902127
9410934
9469622
6760234
4481306
5891237
8909635
3409150
8560860
1347359
1815843
9127503
4554316
3331586
4036206
1984472
8044628
1010146
6256432
5564684
8501116
1235106
9841291
4514729
2262843
4363349
8598468
1705840
9424354
192505
5146110
6564774
4701485
2602940
6861406
1624130
9710629
9047434
3372079
7478909
693811
6947131
8616001
3557076
5718194
7631354
9094771
7488374
9704507
9020968
5105728
315380
5149179
9800879
3159737
1635636
1668622
6367212
9687633
4352751
886316
6382893
127902
3858388
9943224
5973182
9749434
3218550
7745092
6477007
9105032
5210246
3031149
4677626
4019178
891042
5566752
4964528
5726017
7594403
349924
8943309
3064246
6672425
7016172
1378567
2970381
2582079
7352502
8213076
2443352
5333570
8341507
7985928
1422208
871899
3779908
2742303
6987281
2927335
4583032
3691062
8806421
6653574
3655234
1634549
6542518
3412607
6756233
519222
433586
9533893
5098680
5992112
9692313
4565000
2261444
9851969
9312574
4933803
8859649
928852
233094
5272406
250451
67557
265187
9455145
1899633
3567017
4280208
4992913
9610984
3498265
1680949
2366545
2663139
2297717
5088909
3529068
4358875
3775272
2087640
4038453
6563529
4814200
7948842
900410
6695535
5849567
9378179
109530
4699339
19596
3519550
9879971
391598
7020490
2126531
8510803
5903759
9827495
2839504
9306739
2850982
4636921
9789225
540499
4885805
6523229
310280
6067126
1314323
2851455
3896649
5127392
3766638
6882173
1732589
5609466
110387
2937822
7889722
3655048
6140651
9328519
2033649
5673486
3623813
9237452
1754
1398977
273643
4113127
3899588
6087645
147585
1672721
6192677
8638204
6833141
5657182
238298
9057196
4645148
4930628
7762303
1816339
6691566
5604276
456839
3388117
5697031
4118451
7559612
6183558
5744090
1972535
8083952
4383624
2303560
5043727
2331527
3303256
6592666
6575269
8186280
699672
6042158
2081323
2489197
8309007
2987523
6724946
3677556
7597994
6644846
5901219
2666936
3032329
885502
1622628
6063033
3923904
2959990
4827458
8714442
3176908
7568994
2679359
3823613
3179036
8422297
2662390
3728060
8124245
5218440
1201864
4066214
2803621
5395189
4951357
7439669
2671016
8562743
4671352
2084248
4062678
5186581
3458085
8201268
8119025
1158304
676446
9016072
10347
3810116
4180365
839042
3689512
233538
7561712
1142520
5393717
7279541
6678494
6988483
7704734
5089169
6669930
7296211
5135649
7226593
6427716
8651332
7590966
144878
4737658
848424
7050116
7588231
1103278
8633412
2027478
9068630
4023291
1473460
4477071
7668916
2190108
9604671
6383557
1541798
6387224
2477884
1874257
8541141
9721587
5490927
6888088
7087388
3408864
6510526
4642069
23034
1363789
4432990
9413399
210610
804071
701639
9542353
9481356
7990163
3349027
1336811
9500188
5815982
8400369
2917581
2915529
3021118
6780117
8654365
6794161
9641610
6091132
6016913
9650954
3767328
199002
4915047
4547696
2891020
2185354
319788
5300776
3176285
6765156
453507
550967
2913494
2168335
3453013
9939823
9049968
7827366
6151993
8730598
9960096
9341575
7957257
7718786
3292785
632700
6568038
6684658
9319026
1867871
1152790
310399
8700696
3628176
4191845
9480543
5243481
3368664
3795755
8337240
8244814
235947
7558802
6505153
3911214
2091645
4057934
5255510
3433843
9321402
1095429
5286387
5598423
622915
4759081
1149922
1552871
2322609
3610550
9565074
3235454
2459290
2420734
6381228
5597738
4222861
5308474
7467690
2144921
7794165
4194032
5651371
9383742
3497512
6706061
2512917
9014686
4978250
2994278
5217481
9518264
9039897
7408941
1564061
4928831
6564498
9909155
9272554
1256605
9927565
6460611
5143114
1217008
8850822
7074093
2715823
892580
568571
406635
9962692
2853209
9670581
7598205
654376
1027582
9707155
3478448
1500415
6542825
2440311
5006511
5231981
9052805
6219811
3573558
3933846
3425201
8352090
3493736
9381174
6988464
1706762
3426364
8290500
2849471
1869752
4399069
7404802
9187161
6150679
6503843
4076504
4727205
7623757
6156113
6376798
7067287
9170009
8653363
6896707
2624678
4135326
8639732
4111027
7529737
6286702
2504286
389723
4679183
6521579
8171470
9429750
553648
5101956
4880728
4659686
7017161
7269361
1348817
8533250
4875435
3459904
1057089
1002352
3744307
4607960
451579
5719765
7242866
1091038
5284431
6646145
7032313
3280234
5052345
8817342
381683
4634985
5539949
4808910
3166200
5514591
8623632
1998145
207367
6532568
4533893
3476008
3588823
9192220
3299739
7637351
9997924
2915288
5256654
2214679
4330148
9558828
942447
1383216
8174796
4433830
2004331
9403676
9175048
1334634
2154257
1147724
2282434
1854753
8177052
8595915
1470686
811426
6331482
2630046
7101085
3678750
4310636
5330919
9739636
1968305
7413498
1457742
3822268
6199206
288170
4074952
4263507
633756
9471605
5516123
9995957
2622929
187933
468502
7242406
515378
3917545
6891314
3980401
4742236
2765276
7636105
6508017
4907174
6831686
208226
4803714
3715262
9225519
7806140
7555227
9594752
2001188
7005496
393821
1056830
1983555
7990387
277378
8395195
1839924
3796733
7916081
3145940
6249682
7331602
9094812
7834062
9771818
8048043
7926557
4805179
5624097
9404731
8174436
1726939
9844909
9382608
2573252
4711005
9166502
4639583
7502652
2391799
2915550
4261486
5251443
892062
5434318
592592
7109842
5526012
8048366
7236120
5847998
1524806
5357162
1260478
8306737
4109776
4711985
6916813
3201653
6830008
5605925
8717452
8401253
9265484
6085581
1465445
3007566
5982661
2367900
366121
9031895
5502584
9954584
3741630
2069089
2300459
5015776
8696809
2570445
9667696
4079323
2715262
3091474
4030846
5944428
6167911
3853634
8853565
2454835
674558
4277676
9726948
5138180
8659480
8479558
5592631
8753592
6905474
2156936
247953
4563651
3588337
9711190
3401732
2759075
5297524
8322131
7962407
3851312
2662248
1671626
8261056
4405359
8674416
1964137
9823725
4362449
1087203
2837944
8588480
6221221
9647022
4495791
7082588
3686676
3891827
4835788
7060408
5371415
223981
11904
7785490
8001249
1429656
1961757
2201462
5146384
4835199
3508746
4302078
8466303
3956944
1362546
9522457
6568450
2244299
2262141
5778385
417774
6303463
7567631
7854541
3471997
860924
8044440
8771181
1879847
8559457
4448081
3174329
9361914
4320975
348440
6432349
9120310
5548392
8215100
3807393
8403512
9812488
2893975
135543
6059404
8935268
145465
9910626
3742941
6450082
3355436
5498799
8428727
9107836
1183281
9584673
8518982
8184704
1446954
1719086
471674
2924401
380189
5907400
8860445
6273902
9595337
909418
6202961
8846013
1004855
9165830
6182467
8592261
7007114
1563689
351774
339589
3369675
8200945
1055493
7116873
5454306
3002428
3878954
5506192
9293941
7597564
4479021
342538
4014023
7716277
3244285
4665369
4733675
6862447
1411291
1843830
5084638
7650656
6840695
891912
8104046
422688
5918307
731758
8164146
9030486
9940769
1433136
9857701
4232188
6285377
8566654
774571
6963398
3472730
2755743
3375009
8260497
431425
3742450
5632040
5065883
1254693
3578887
4770883
4582946
3922891
9730524
2025302
329596
9241570
8392971
317829
2448225
1641336
2389420
6937601
2059263
7465333
6311995
8940493
9488931
5774556
7871142
1495926
4061168
1603453
8917627
6895718
8535774
7140192
8229357
9541028
2728821
7684268
7695077
378913
4999430
7136520
2592674
6095533
7392129
4532589
2147007
3765240
2565979
806900
330106
7803283
4382338
7371099
1508606
488081
150867
4731996
7544249
1803163
471326
6987591
4103767
4759010
5978015
2132853
8321133
2768410
6359944
346348
4787154
3065910
8427444
2037367
4423628
6065845
6844462
2952094
5858764
4513911
472430
9627086
1731872
4053374
9497314
8786274
8620943
2762613
1442861
3140098
4255299
2961615
5063384
2654321
2411473
8790390
8050988
4667751
4878410
3591228
3080847
3089142
3558874
3422054
6962119
7507556
2314384
2379085
4415437
5495856
1697243
1471087
1479927
7467121
7804749
9334255
9266135
438511
8618825
7818937
275841
8167922
1920823
8247215
2999939
5221473
8229115
5084972
538146
2835585
4079146
7250737
1017520
934311
8973716
8949589
3699020
2412696
5784332
6314767
7985892
1086344
7743498
9654238
4004766
4667451
4978228
6403907
8695805
43828
3072348
4822429
365524
1649627
266965
9758022
7468479
8258117
8347369
4392580
1176241
1782374
1252466
9879915
1357746
9045437
2634437
712072
9179896
663971
3783579
4124167
9947665
5774437
8964678
4125711
8633010
7330094
6446964
4816713
265673
3166877
9768549
9663639
4707068
165176
5438028
4431784
8496539
5728326
7126318
2823784
2185365
7931218
7258514
2729545
2419715
1038570
3774341
3648005
8161160
7636331
4986760
8708692
4878039
3084600
562537
8545238
156492
7112772
8051447
8495981
5670232
8261786
8662157
234836
488497
1659070
9972726
9616199
7171307
151855
8458945
2366079
3709267
2571444
1577768
7970086
4167747
3595641
9233454
1801989
3701824
4813068
5088715
6540256
1595753
2206671
3461464
4603235
2422336
1184131
7221745
8042356
6505444
9245045
2059034
8591220
3806871
5226150
8605590
7115703
8654465
885472
560969
1334108
8451211
9238285
357284
3096173
5549900
5674093
6300223
7640925
7117974
9093927
8786901
8210548
2446900
4929201
7685886
3448765
7233322
3167519
1626387
1974573
3080674
3361790
8462029
4527270
2581354
6599927
6296044
2829120
1333314
5038157
1567356
4483979
9951802
8805401
5933722
7070451
1709169
5458223
9081066
3895644
9481374
1273480
4416984
1888150
9997421
9211936
3249648
9014259
1757009
5441563
1197402
6665630
5458216
3000103
435567
5818372
8164119
4476760
9330748
5274202
837717
2781402
8712101
2152261
5638418
7257828
8507514
8964493
9088284
123619
1262032
1302822
5865059
3908676
3292951
1098185
9266317
7565492
8039635
6651332
6975982
9169782
626727
7309324
4952
4729148
1230275
1524526
6212599
484056
8646304
7787816
7691972
1216837
4868998
9699957
276788
4067312
5476052
9892133
4656790
2897603
2386097
4127681
3499420
316363
8443419
4165647
9469400
8772921
2409307
7166029
2225656
9526972
1417411
2496072
2448730
952553
3512646
5567766
3872807
9733604
6120333
7147223
4003571
6505219
892164
7147943
7959557
4969557
2519034
1421410
481983
2138060
193041
1012678
7097775
8183616
4942355
4281642
5876008
7499192
2881431
1878626
931101
9040246
2386490
4432573
4529314
6415597
1367736
7334630
3017597
7511284
6135671
2842976
7120597
7749524
9990930
4595594
9051806
7959686
7830092
4042865
6099518
3539707
6099721
670414
428103
9377108
5717440
5093893
3425861
563747
7068638
6114665
1021513
2840496
957602
88319
6713636
5513917
6585807
9824501
883426
2286252
9078330
1969241
1398753
5175469
1871417
6129472
6948284
520994
8668941
2266962
2991635
4521605
9113513
3430308
4974707
501850
4713632
339622
2340902
6135392
7928770
5861031
6293115
9729325
4888668
7903268
3596656
1075431
4606456
1950426
7956964
8653916
6811091
5471070
2516957
8328781
6895326
6809699
5753568
928533
6223291
6146560
5951033
8939122
7707571
3621701
7683013
9039607
8769154
8797383
2710956
5558772
4747355
3695665
6094835
794319
1622982
4499741
2508963
3287726
20420
5986006
7043604
2404807
2102826
1905358
9384963
1891975
8940274
1656939
6185908
8403306
4357762
3975484
2961350
4925572
2020556
9769112
7196599
3330986
4200149
303066
246800
9968556
3851718
2533750
8893536
7911214
5578353
6743744
3936089
8536557
1572608
6281048
4735556
7555552
2904219
2236471
8560325
5407809
3610966
1407354
4781935
2341066
468007
6362847
5420627
152726
2240005
6216312
9058450
5031252
7730569
9510612
962139
9459541
9696053
8175840
4980527
4511466
6856813
2084739
9666583
9890680
8266182
5918956
5663701
7825318
620563
2224912
8489700
6504424
9268923
348087
9383898
7549093
39478
2301748
7143667
4449118
9297369
8353162
1969347
5741791
6869479
8547286
3779127
55777
1804066
2499882
6861595
3284842
8967014
1332570
6171361
9912552
4588554
2510264
6407176
191844
2773344
9353331
274889
4428025
826754
359028
3964585
6138685
6607681
7585318
9397973
7056067
5855442
7695403
6753047
2040954
128339
6969595
1263512
9404897
1765006
4266019
5732664
6512689
5538240
5200558
9718092
4318892
9489926
7102729
6832192
8664162
8195806
663091
933635
6941953
3765299
7274702
71413
7390473
714853
7328500
6948701
5821913
5572263
869189
5271674
3104850
6009845
4565310
3839683
4392887
9688155
4771260
1044790
9904734
6111381
3877871
7112160
346366
3759749
7881736
7201689
7467842
6442394
2798827
8294340
3552997
3845606
7414361
3071943
7553474
4585756
2192161
6859728
8190888
2254749
6023292
7268154
5612514
6615696
8051073
7994827
8536049
6623748
1776413
5724226
4389839
3820361
5451454
4653597
1983997
5627406
1446456
4529467
9574232
198127
3218653
7981683
5010858
4310213
7319743
9192254
7754523
1126401
8333107
5179008
6297734
563201
6641281
3273737
523531
3647253
4312394
3951504
2167764
137390
1386433
6333786
3458667
2715579
8306536
7561831
6833117
2399743
6763972
3077967
1926913
2904042
6448255
4700700
4384125
192952
8878101
9467966
8177162
522999
5378166
7526600
7823503
8910173
7612949
3648777
7328970
7347841
1616356
6606860
8905746
9588145
555823
9236593
9944153
1141914
7972797
1514366
3108257
5485056
2910603
3892401
9766376
4975984
7264106
8729805
8597601
9147438
402687
5039846
45526
396918
2144182
3572454
7889495
6055100
9322366
1131325
7591344
3244533
7458997
8524207
8083399
7224546
8145384
8074722
7025677
3907260
4825542
7731697
637698
6656887
7500842
3971287
2655214
1450248
8081474
1346857
4107241
5284537
2213410
123037
9327400
9710873
9820597
9292583
9266599
9901059
8720420
5067124
2904340
2965543
3327130
7926748
2395934
5468972
3841038
473785
3521401
2982880
1410591
2941763
6592774
8167885
1767742
49231
3378278
2406570
7120920
4511397
6194053
4002353
398953
3899333
7786748
6490299
5096038
1482143
5866449
6897297
5045309
6487363
8351680
8786895
6335735
8583074
312133
4830313
6447065
1800967
1600342
1976627
5477496
383613
2755581
7867586
8266085
2727499
2619655
2455835
1758406
8477054
8638012
1802070
4193265
9272106
5584140
8950524
6657900
3627155
1270195
6862987
8965758
9967300
3015636
1082760
3044147
9561915
9378888
5150844
3791459
4722405
1072207
142107
8940852
9827301
9461186
7740415
4179368
833708
1142793
8852475
561361
625412
6297150
9000412
8974770
6459406
8918273
9035189
9323437
2006511
4856888
1688195
3815334
8222597
1680666
9596388
814612
8093460
6614798
9190544
6967751
1232357
5405621
6681842
3459833
6166724
824436
2684042
3190975
6749770
8853266
1718256
4331547
7011616
9963831
3605358
4666752
9048829
1976367
1528250
5312716
353088
8857652
9178736
8196952
591021
8992895
8328228
39542
3374677
5194543
6651596
9930875
1186050
8743242
6204148
4883446
5484091
2203756
8470099
2401885
2810831
5502601
3901727
5664749
5815016
6433701
7402199
9500698
9217284
3828247
8466450
7036543
9632639
5479550
3723007
5714650
4685847
2525707
6871406
462248
8641863
5191191
4989665
5531851
9578730
5748272
9441155
4279591
6681502
764119
223290
1265072
9895664
2792283
919996
524156
3007666
146081
4315466
837677
1941369
7776343
9359673
2336769
3189998
2993039
4188346
4544325
432800
6277647
7891473
489783
6880875
6330640
3696356
7785849
9845006
6856062
2954010
4800414
9326397
2310081
2489784
8844030
4361030
6437237
5242322
9426635
6071619
5299079
8952590
169221
9767571
6133342
842140
2987369
1660743
3526101
2184988
7723336
4137643
4324651
8263288
3503246
8290854
3061220
8698284
831476
6720031
3371859
2794713
6826229
979811
500136
3571858
5299564
3511629
2398897
6584160
2278140
7693329
191272
4205600
303529
4391980
1283373
4016563
6858031
1409353
9229227
4031751
1275703
9582334
2374839
4928217
1353187
937729
5292762
4477736
7922318
1108006
5582685
6883482
9796173
129414
8253943
1372378
7297172
5464919
6251650
5339793
5384378
8494603
1308857
3627666
6170213
8783464
3277839
536412
765266
8682252
9767780
2704084
7061204
8344568
1511828
5289449
4843404
9353809
1457198
7878584
2242261
2383990
9978536
905748
2809021
5982434
8338054
554421
3393548
1692526
8483509
3352416
541729
8024797
7452398
29412
5955540
9829668
8541991
468606
1713076
3624951
5168910
3094708
7265893
5991909
5960019
8468570
9881979
9659780
6395048
3587633
3978842
443973
5052068
6141364
9143211
784408
8631913
7210681
4123309
6725406
8299192
8448746
4103984
3662146
8404529
4099027
6952690
9625060
4729890
128092
452921
6117492
8447495
7178693
1587591
6614760
6513358
6962919
6041347
7474537
2530854
2809640
957696
8229496
3391557
9721665
3091707
2060069
3694890
6741171
2612784
6430230
1640304
5626932
2525967
3299948
8643038
6336096
9087851
4222789
7146014
9343627
3513970
4875184
2606897
9843090
5112698
3168631
9095901
6570294
7915975
1221324
9894883
4690394
4848808
8874967
3636276
2358629
3511788
8176407
3647903
2138301
5567858
1073640
5779800
2608651
2496848
270862
2177247
9172840
4636111
237707
8831210
6700080
2256745
910164
568710
9200908
44526
4833565
8694136
8266672
6976591
24924
4312558
1982581
8176043
2989860
20651
8134750
5209400
701891
6982333
9451823
4385756
3871266
2056556
2324534
2599854
4048016
4613015
2798695
4870204
9243017
5524668
828240
9309142
3065440
1650454
2038697
3328442
7803233
4513062
5153816
6637519
7110518
439205
6701112
5595445
2151289
999395
9211802
7652578
1096553
1604446
1918542
1667176
3687374
6110536
6051221
4364083
8960549
7462035
3333994
1435616
2948449
2235748
1186148
2192916
1172763
8981275
1029631
7524969
1895618
1011660
7656030
5103822
4486016
7875772
9759584
964296
6355805
8047183
1224307
5790572
8868819
5693305
9485633
265483
3971017
8400473
5448502
808687
6351740
6320342
2355558
6231072
4549188
1213504
9344272
4709445
3029897
9925508
6270826
3691967
9262426
7371334
6951977
8300104
7347019
4259069
7417468
8445389
2197676
7547718
5053678
697999
1838179
6827487
8076132
1413136
8938240
3689222
899054
4410875
2019214
2621324
4818534
4406424
362972
8831775
3517960
7873528
8151703
3878496
3967950
7942741
8737720
2407960
4896817
9744799
1797810
5852941
36327
7510562
5837120
1263597
6588437
9166687
8555543
6574355
3691132
1428264
4717042
3552398
5486465
4017665
6042922
5416337
9362493
7561086
1784370
4224914
6611325
7073
1850559
4171557
8103387
8284775
7378766
1427751
6573694
6000614
5427712
714578
9676868
158835
7867966
8462091
927676
7928965
7870010
9727519
7980861
7669383
9387969
5547422
7300038
569510
2924242
1196693
6551301
1104634
9994334
6458431
7912129
6129972
572737
6267318
9961994
6816806
877441
6625121
8638618
2985145
7577399
9645964
6956815
1714435
5206691
5131835
3641373
5090505
823671
4543943
6597379
4899677
2401385
9622344
7531892
3181717
3298143
5183649
6038738
8378286
8292364
6843601
9715038
898424
2037670
731624
6883715
4290153
2717898
9758003
4568144
1647878
3285901
3914985
4582135
2018492
5617187
9690190
4136655
3547564
4877972
5604169
8336508
65719
5031158
3232048
4862003
9829968
6478908
9469915
9567142
5453617
5234797
679629
1328224
2317110
1297115
2047777
4785181
4276851
3644588
6428894
4074872
4667215
1271268
8762340
245574
705562
8813293
4615963
6649287
322220
5705601
6904427
157514
1766916
1783172
3352230
2494309
3113039
3171773
7884643
8873200
1799992
3732217
1820828
8647357
7469269
2657878
4180615
6255374
3096499
3920710
9594678
6258476
3937017
40668
2642754
6684647
1183623
927004
6486494
3666917
7012701
1515066
5841457
9233011
7684547
2215966
5407670
6345412
3349385
1014329
482362
1659994
6665801
8073184
2644240
4461022
8400750
3972871
8148921
7763518
7747580
5504060
7115243
1547116
2905641
2640781
3993885
3406603
162061
3846120
6606779
5200070
1449235
2216904
3764858
9791850
8398584
9076441
2280655
1410531
6706867
7507877
9515495
9139860
9598566
6834461
5293069
2477115
6282932
7075619
1472698
2641938
2035869
7234769
8940183
5995461
2423486
6038182
8423032
3693296
3382279
973866
6780806
6119815
9328851
5880834
539609
9381599
7230944
9930942
3913862
1194950
7613479
6955945
1625915
2277803
387312
8593795
5384746
1376579
6804494
8387485
5568350
7046832
4188220
3152814
387020
8646312
2462013
9671788
532746
3230138
3107637
2724333
3702519
7806156
7624123
7096661
8381745
6286046
8235836
1836476
8125087
1811551
3494364
2450056
7147408
4482553
2055065
2023549
8371660
13092
9368311
3407875
9275816
2886939
2428801
8858703
1833285
6943753
1607456
341198
3577861
4437857
6310452
5723968
3985861
7841730
1693940
4474306
1965039
1741862
769504
1005330
9814354
7827165
3697301
1779603
3043097
2021157
7580879
9622523
3068985
9527171
1163660
577681
636568
9202112
9154395
1511416
227711
2532907
4780208
1187158
9402422
1369477
8180934
1211899
4253065
3973859
5391679
7670592
2962528
5563082
8648677
6960300
3027720
5316211
5541371
4836613
9689451
357819
161989
1741139
6683872
1952469
470322
5504123
8530022
8435703
9612563
382281
3532010
8753212
2223202
9812988
3546318
4512067
2959583
1473177
283325
471073
9298261
2723808
9928020
8196548
7444117
7399447
399766
5622943
3737794
4857202
5778968
9577838
3080186
8180423
4109754
5241745
1967129
9173817
3023827
5424399
1934084
8355814
4998842
4376932
1463817
3448294
9466430
9333657
7281207
4077542
9574852
5385156
887767
132386
8383628
8245077
9785798
8122728
9246853
1632902
5477746
6862621
4995084
6862743
1461583
3045209
2416595
4194866
4358359
246785
9874063
1211122
9286467
3232357
6166599
6516129
6038206
1897930
4204629
6416327
9035119
3538518
6516026
6727890
9665563
6640450
8832561
5893365
2162599
7942007
6594933
1063211
9757173
2949337
7196985
8828071
7363599
8760126
4054376
6665211
4526929
3626902
5638817
1445414
1745606
8075615
7504712
6214809
4796989
8493598
1183525
9735834
2047828
8429414
950687
4010599
5712615
5070365
3591545
4138264
6892259
8016291
7085394
3004081
8138063
6079363
755563
5707507
7336044
9937330
7202518
9715566
4882256
2773484
1541329
7650549
835495
2986878
8221565
1251558
3773057
5691050
9101528
8724549
8874785
4047326
2259504
1220405
7370174
8752238
9425144
489037
2166679
3626487
9297806
7133230
5781301
9512877
7008118
2715183
9756910
5332026
9129768
6282067
6542889
3620886
1130201
2302595
6403932
8699809
6791177
7555094
1647407
7447596
7414531
6539676
4385292
2217239
3322285
96491
9420639
6310021
7975252
6673133
3056288
2846659
2683210
2644457
4227469
8252451
895513
6728718
8272467
1518956
2915752
7179847
2912843
6409412
8872766
5332590
5651951
5144876
2837779
1059760
3447880
9506293
7371847
6243414
229175
5150674
5388178
6499144
3591525
5170887
2960849
9112906
2795191
7579993
8481771
3521746
6795724
4630529
4626784
6864190
9448135
8537430
245834
1891837
82415
242688
1250396
4928462
1943695
2403090
789046
6450819
9381829
3100655
9666831
7560052
9892901
1225743
3661224
2400638
5434209
5417910
8645146
3028786
7352379
7900825
6121054
4216285
7841730
1361434
8591193
6166749
5463471
2980059
2647876
7048481
3992778
4878682
9178806
5832390
9835733
6135095
7892952
4968885
3115905
6266182
7392996
678093
9055529
3495837
4597752
5586001
9171753
4692785
7582281
5996918
9313028
7084583
2715599
1530337
4661146
9484311
9988456
4027165
9166229
7410020
382236
5942337
5431893
5476083
3890043
6843982
3920519
9253148
2051164
3597688
3045250
9856618
2284532
2220318
356287
9327793
1231785
4710909
3023225
1378611
9755004
5463088
3113364
536882
8994094
8236993
8882250
3609028
4988176
2639281
6809345
2338650
535848
8774656
7283386
5996153
497801
3219292
5605829
4902921
5919047
31840
3506171
810902
4115257
1140197
7204770
3220181
6729256
2727348
8913434
6634005
6226611
8193122
405812
3469369
9751373
7164671
5874376
1749158
6674314
5217987
3108309
6375525
8815320
1251737
9233354
6092507
2236996
6619465
5765425
4161670
6294524
9392559
1432628
5495001
7101243
7527115
3440378
90141
9155885
8409002
9191556
3600936
3303472
1841061
1153689
2896572
268700
2599933
2125562
3952507
6987760
1595835
286566
1406537
7516368
7258059
2255710
2597156
7839692
3253306
1762734
4913413
4039756
2999935
1271093
1445834
575644
6030549
545695
1908829
7098183
9845218
8442611
4396695
588891
5871158
2402283
5927737
7813169
6360835
8340756
5070474
4052400
5057046
5689418
9538882
7302686
5107382
2361343
1961751
6540795
3131987
737791
8291920
975391
7428519
7775673
2254459
2447748
8704427
2974087
8697898
3640016
5941478
4600638
4643693
1956725
7901021
9040464
5869673
1371804
9325967
9305287
5427452
6088836
4608353
2372192
2793849
5164022
7454241
3410954
5532450
3619884
6720776
7196311
6726454
7076300
1676996
8099093
6622926
2095237
6480041
1419894
3652884
7541820
9028218
2343658
400100
8654099
5876250
9491313
7724143
2168214
4331820
7259088
8358911
2241690
3905080
5155374
8541896
4060366
4144065
4794400
3960775
7617434
2101244
6149308
1336209
1501565
3316770
4196139
9042972
6180954
3155720
9416972
9512445
8389619
5942965
4017077
2497924
1964613
1524604
2180034
205201
7806443
7897660
9886914
1444486
7148861
2120755
1074707
8255680
6236973
1023140
2403897
2885813
7534244
7564439
5294819
799302
7918920
5756697
8465920
1157138
9521852
7716018
9817899
3743769
5853592
6461318
5477002
9001324
497591
6300444
532120
8915163
437314
733480
9385912
2478651
3399050
502672
1179336
6639047
1611757
1610931
2157403
9994508
2383733
7849644
4375164
2659420
2917821
5934423
5665688
5580650
3625440
3135162
4986731
1234614
3643854
1425189
4175593
1716326
9225796
6083047
7691002
6013055
4709005
2109989
5493699
8025632
4234970
1954557
76958
1021095
6547220
9388707
6250593
936104
5644917
2801612
502302
6291422
9910968
5157551
5695200
4930150
440516
9482373
5998226
8632433
9440803
7464871
4865193
8192211
2146514
5340329
6370583
7330227
7941068
4874391
5924391
2731921
4373101
9137403
8079160
6825218
7515919
4728727
9036493
5021535
8554258
6342472
2388232
6636508
1778174
7846551
9595099
535582
293997
4897610
1151700
106029
5727101
9799572
6595710
3385923
3875819
1596433
7901884
1737442
4833580
5194853
2431086
9298050
25587
8330355
7125493
8844669
5648070
4510847
9398828
9968961
5298502
2369584
7342782
6697942
8097487
2356761
9855824
2369978
5258268
7317086
3279642
1101829
6564971
6261889
6881413
4982539
449297
7866726
4003587
2276435
1000196
538404
3092062
3177212
2637628
3632049
6164650
6887222
2066568
6872709
308055
6763550
3965115
1869310
8480879
9849875
881242
2057630
2941024
3952855
4334997
1568483
6101163
4628583
2263015
6318265
9878044
1395550
1095262
890192
7939589
761124
6536292
1058723
1266730
1639732
9918879
5253147
8877273
2662945
4295961
6761423
1436775
9622869
2527076
5722821
3894277
3693978
6690727
6718055
8029238
4537551
2393796
3009143
3746764
5292051
25579
8401019
3734939
9428608
2085197
53184
4074300
6989400
3527037
2798702
4800113
3411709
2694459
9429413
4839891
2414250
6592961
8595625
560578
7728193
6336691
9882537
7721629
7848967
8095826
9304520
8147956
3583325
9309401
2113205
5837368
3097309
207874
5373667
8328980
7093802
5861226
5958539
8685640
2366979
3771139
8695364
6282320
8915976
3621208
9562563
1724963
2092481
6361826
752825
3064584
110040
7894451
2744852
2588077
9189366
2925228
1611027
599683
8364588
2882955
3405910
6070988
8457619
4938661
3790677
8218335
4154652
5853408
4145744
3448624
1764525
7582045
6313339
3766420
2406059
806476
4156550
5739224
3582761
4628424
3253346
6624438
7572858
5868936
3093617
6901137
9830425
6963533
3460865
735932
3523979
1044005
4546753
3047490
8507683
6955146
1347204
3474758
4191273
2226051
7267862
4591746
4436513
2673925
1850311
2892686
2673712
9471877
2608100
7811345
2200159
1132691
5705210
4671120
4999648
8870504
9581623
7680280
8490849
6698091
6082676
572662
8414936
860587
981721
4830217
6395317
8623661
1417229
4307352
494128
2332020
679549
2440760
1493927
5770822
840988
6923997
7243730
6614484
8361538
7856025
1866343
9283164
1686689
1958330
7969865
2516055
2869879
6975323
7573584
3951203
5773286
7360600
9503145
9101754
6830701
2111818
5749169
7721818
3616244
6148469
65089
5532633
7784712
3054869
6313400
3046358
5726811
9391448
402600
2933150
9509479
1668968
2289331
5077276
6380842
3934587
7709067
1528272
1965094
125323
9622537
3868431
4575558
1898986
3082434
8401054
8560210
4155153
1298636
6878726
5540466
6521594
4302026
4573348
6823517
9120869
7252340
4044801
8699859
792413
9675241
6962375
9626581
3477079
3664989
8281957
5576763
3127840
2418736
313712
5004066
2881179
835623
9047742
7664916
9594920
2217760
5295801
8265367
5359067
9694398
7175885
119839
8123015
5121506
8496943
4235049
3366637
6836591
7920620
5790336
5765844
6562843
2057845
1063200
921997
9282545
3286708
7848992
3641166
1949533
494707
2779857
2514772
953558
8519575
5224038
1968422
808607
3708142
2851274
1498870
9722719
9277520
8932660
9518589
2240715
3670691
3397297
2133806
8481753
4591665
9732660
4020614
4054921
1470410
4711438
8887831
2240669
9293493
1200526
4422409
8077286
8126425
4958560
26917
8373239
1095045
1569849
8750673
8166155
257222
4981428
5898843
113452
5709796
2358963
9416177
7761807
1022682
4655122
6976465
2474627
8069518
8991021
3380173
3419699
4565185
5397982
2475574
6189298
4273585
4112660
9740974
6955524
2068227
1859129
5572282
3722845
4950957
4820838
9322916
3434587
5456544
9047894
4962510
4134157
3068169
2542499
2978195
3369082
2558062
5681718
8628520
287789
7133949
405524
861372
6420146
9384033
6788117
2745796
1784058
5302532
6888720
3974526
7164754
1833406
5884062
6806272
2304874
3824187
8624125
5518986
2250935
1578160
491578
3613026
4756169
5836422
3580881
7148146
4086421
9764557
3599562
3471549
8059791
9637865
6709163
3206638
6247826
5258515
8015015
7140520
1324611
8456866
7410996
6451710
2678369
5979448
9575306
8652194
7968996
3759180
753898
9406965
6527106
7667157
1021803
9603408
6182446
7404203
6908114
4433026
1568348
7032676
6931732
6838868
9296492
563399
4090282
1756936
9858875
8933737
3416362
1247946
5161680
9951271
7855931
9307023
4956112
2105692
4998663
548497
5319181
853802
8802575
6020896
7796230
5430757
2821069
7813025
1223259
3948176
6956492
5195368
5161528
2547585
7681548
2597360
958933
9903240
3622408
3129545
6918680
2501454
5232477
6393649
4821643
4414539
6538483
5453409
4137645
7575028
1684211
2728339
6196184
1313578
8626503
114534
2775785
6243507
6049426
8519008
2853282
4360331
6632926
1630419
2109365
2789511
1154372
2376512
7119714
1765553
7442618
2262347
3091165
3811326
7478437
8087334
4360017
2110530
6429803
6802833
7887576
2943546
2134880
8432058
5490132
4953533
4214272
6977004
6887875
442074
365777
1863049
5357632
510127
2561086
6991769
9640511
1768119
8084990
2190586
3874054
7397000
691359
4833491
8025927
7759086
3724526
1898744
2109014
5191364
3758344
9489194
9359715
3120033
6579155
6271001
8509191
2596997
7650642
4182428
4781452
520866
886433
661280
536698
8447053
8342766
1022615
4754482
9581948
9269248
5438975
3806482
1095694
2449082
9716720
4119834
5161903
7617514
6347504
6627671
8939437
4506817
3978698
4710334
8219937
1690071
7407421
1146838
3481224
54573
732253
4420647
8850680
6913386
6238295
9900387
3949629
3342505
3636086
7178621
4504650
7220441
4663681
5845170
3566958
250055
874796
7574811
9480900
819702
4253413
9148014
2099800
7922709
2965614
7630130
1361200
9514916
4506659
9313172
5402427
5579399
7844564
4662771
3687954
1639237
426853
7407051
3389819
574278
1514810
9179818
310269
1334405
6828953
6269404
2679109
29786
1175786
6716669
7798256
9067007
671188
3499668
6992672
2544896
7607749
522392
5653969
5162084
6088922
1224213
1653901
9611684
7469468
1546391
3923361
4420969
8203312
4927845
2730391
5974738
5273685
8469926
1893591
5255521
3408390
8050177
48337
5260085
5666113
9157485
4415680
6601992
1013302
4877736
8384603
8767079
6554891
2913020
4311380
180276
150939
631948
1329733
4746991
9219040
8249842
6485259
5680643
4615011
4990852
8343914
2837364
5581199
7684375
2122288
9607941
8800427
3252002
2630335
3759831
5185808
7265453
6139766
1201296
6073482
9989282
3507574
694937
3118130
3399449
9878519
7214521
1020446
8654516
7571228
6091841
4341080
7386635
577999
6835694
1199353
3659625
5219970
8022473
7549250
7358780
608997
9829746
4144047
8843582
6365781
4703363
6883388
8208648
8613183
5182260
326192
9072858
6498778
8242517
631973
5115010
7878457
6889402
3461713
7623626
4010776
736917
385072
6677851
7672100
6106722
4399129
1933969
3929641
1023114
9195402
6138380
9718403
4193798
8934807
5380192
9507962
2465449
4110725
1645718
7395145
8429945
6422507
4202549
3952632
5922848
7466023
8800062
8306268
1662820
1268028
4445922
7479127
2946213
8125997
1618264
5355782
7297139
4729744
963203
4167561
9798799
7289274
7274415
7164814
812141
8222486
8027806
6369907
2233317
1399480
3109149
8503939
2511063
7621097
5019180
1140110
8091903
4949373
6779340
7103049
3523884
4085989
7309148
1599671
5663712
7300453
2554987
8042340
8316655
3653049
9903310
8687530
6680574
9329778
43480
105647
2278762
4329074
4289987
4062095
3580463
2803890
9608729
2852064
8129809
7263110
3042789
2657059
2935412
6607104
3725642
5577160
5772355
6197010
5569688
578118
4364368
7352618
1184973
8990956
946009
3727648
6661579
3656252
6681948
1071134
4329161
731225
8685767
3402222
3164999
997900
2950515
8156294
9001842
5808413
4192332
1048673
2363179
8551736
1018408
6476809
3698722
179550
2641981
4374021
9079696
9935917
3665656
862000
7974104
4967465
3870996
1461379
797752
3231047
7033628
1669490
8002822
1341527
6212959
5358620
1180736
744668
8158305
2691956
3676249
8979919
3060766
4955171
2400863
4148361
1063142
217854
7960577
2151420
5324391
3223639
1194023
8609958
4998765
6865881
7146761
3486181
7515132
4553745
9577918
3449674
7144476
3200185
9137494
4157221
3028442
1092853
2699528
231105
4873404
9863269
3996673
8873602
4650197
3057858
7949937
8930651
5756760
2707204
5521264
6915522
2865010
2472316
3160820
652334
6225302
1025253
9873912
8192839
9210618
4330227
3129480
9678409
7111518
2912233
2120878
3323286
5943711
6153890
6275496
3642223
3512503
7442166
5940563
7566
2000948
6644651
7654634
598148
5210418
2308029
2513383
6703618
6759154
5537464
4866442
1390235
3160402
3511051
227922
739323
7660547
3875547
2746889
5778855
1381058
375729
6111323
4841206
611336
8430445
8118705
177032
8816634
4011571
1942754
1315536
7148134
9002074
5120768
2523437
95163
3776047
3935666
7065443
3960129
3289671
5343496
527632
1056266
2262224
2736648
6904167
2148951
3674746
4755019
6095126
2599111
2324895
7881754
1910141
5809733
3564660
6926629
3445834
3527231
5320710
6178432
2408809
3088549
6042187
7666015
1274001
2166116
9888688
3610819
2982477
6138802
3573319
3174597
7887593
3879816
2193067
1817211
5377353
7255404
469100
5131309
3124016
8289894
6483215
645666
6371853
732745
9808362
837639
7834448
2208225
7411238
8642225
914549
1744263
6359776
7764001
6349637
7647708
7471434
7204387
8723955
2348590
2837612
7293382
9129575
3884627
7297251
2276467
738720
8735807
4770593
1762036
8759477
743377
6026559
6730674
5433120
3180366
623458
2546264
6688074
6922547
2741474
454324
1880944
8027776
8767586
8895793
9294243
9091061
5385188
6631964
3557573
849834
6288985
4253394
3554822
9863799
4618246
1846393
3349830
4634787
5727475
4001955
5355038
1612151
8896354
7261536
2022825
273539
1596602
122409
8746956
9535767
8081469
1760880
127672
2147623
3758305
3910817
4133366
9071729
1706026
905724
2050989
2683811
6374785
391315
24072
6207130
2724379
5939496
8042964
9104971
9111484
4145704
12096
7153
5716788
5751532
6075620
9831868
5191242
2721234
4476129
3034539
1748102
3482910
7133745
1418037
1153938
7039178
586066
950761
6763999
3765061
5860434
7672831
5224808
6425494
886940
1944372
8374089
8200116
3507942
4535878
3165886
6585532
2842805
2930490
6107603
426452
7090359
9507251
8079074
8396066
3431550
1834810
9326344
2901439
6427164
4502475
8583396
4158035
5016044
7087640
2101493
7188146
1880846
8691744
4026663
8860872
5410858
2007342
415133
8501984
7386147
1631883
1490324
4568481
8224325
3582215
7708553
4146270
539071
7211462
736362
8272053
8271910
6554247
587168
8033373
8394312
1411954
1330240
5839126
5415851
6383953
7881319
1584576
8689094
6135002
6429815
442733
6501899
7960483
1512499
847558
8746080
3792982
2060522
6951037
2843463
8110984
6022560
2127813
250339
6776913
3473006
1236933
5033048
5561174
4734866
47267
913804
4330371
3180180
4295501
1376812
7477412
9773162
5397444
8937847
8460746
241354
2739654
4970518
572052
1607193
6771894
6206873
7787217
7855903
6580958
7591943
749718
6777264
6452791
7113090
2612681
4258498
5250589
3850990
4946974
2175911
8079358
4065102
145756
3133347
2937512
6591734
3953840
8883415
8840243
1075256
4559058
8335293
98939
6018747
2011241
44376
5377231
666981
9472834
8084716
8923211
685878
8433227
5569899
2491501
9426441
7705427
6642194
6693478
9862105
1193811
2484862
4122559
7278014
3701178
8251254
1055374
8763462
4759047
4828648
1638053
6361749
239310
1083782
4706424
21220
595423
9655930
888525
5649683
6370638
3580403
1961577
8922818
4496236
7867888
1395692
298889
5188547
4332413
5147009
7087152
1493280
4373748
6590893
3455879
7545423
5223375
6542409
1600962
539049
6333797
3144618
3665660
1452190
3727869
2173898
5691202
4401408
4367866
7686918
7352955
9247691
8429851
2764264
5012351
7595906
2044297
7050870
9352068
1502417
9827980
9045487
3483912
9288938
5139704
2173086
7272929
7975230
3973590
3395909
1762700
1308388
2008667
4558072
8672129
4439821
9003696
8476615
4563845
7470909
5930125
5754452
2817666
804701
8562806
624124
8847827
9807668
1134472
5593061
8572308
2917185
4528079
7114738
8979864
2962103
7441559
9021951
2003236
7946797
614113
1907156
2633706
9450378
5785352
7960078
3600746
12600
5938468
6290314
2591857
7559248
8426652
4336361
1781154
3861158
7533889
4662389
1657018
1817585
8300622
7697725
3449971
5145933
9056695
4002727
3620181
9160913
994080
3257416
1059316
8482928
9686230
6667639
3238853
5659621
3360469
2647226
8502192
8350330
6455838
4873449
3778938
2756504
2090740
2679506
8755016
823633
2689067
7319494
3931957
4515051
6283576
3368178
4731683
7837767
4522270
8156126
6730585
7038748
5323650
2277468
1611000
2351559
7087821
7841821
1113955
532130
2536703
2936884
4324215
8603170
8246212
9544058
1572945
507690
8627254
439253
7353595
3269756
9784726
9660251
4834796
7154166
2068941
2840512
127030
3180510
7610496
533649
8704789
5551408
77823
294862
8752499
6745185
6282732
2907463
6314036
7076993
18186
7645590
9754578
1373143
3062972
1435821
4695650
2815513
4788545
6790269
7868210
5366289
873666
7859999
3107641
6386670
9556685
3016976
9047823
186897
1672711
824594
6117612
8467518
644971
2164726
4901689
4471404
1646987
4272966
4667967
3035603
3908230
9128986
5080705
1479094
239616
8437974
1770716
6734335
2821227
6681781
4514301
5933174
691295
6453492
7148612
9054406
3291472
3572625
9186884
2728237
1647595
7948981
9422235
39944
4426219
6342176
3594390
2313860
1782326
3395782
6154013
4114949
7333893
4801209
1438601
3346827
3891391
6360385
8691221
12342
9897528
9320477
189079
1491240
5690456
9723457
970725
3955238
2705984
207295
6887581
6542809
7107552
3794098
7691707
2471254
2298818
8039492
6037076
2786422
5077785
3233519
8124758
9848393
4998774
5208619
360892
3117859
9645151
2929509
8066766
4644863
7182171
6600824
9122354
2124227
8329387
2086865
5866241
8529000
4234277
1908535
153064
664521
3768760
9300362
4470069
7098631
4822231
9579641
1253195
3848746
747778
6528912
1677407
2044985
3935901
362028
4184145
6434766
3521405
4837370
2056030
117038
2422552
7808647
6133295
655760
5672789
3476084
7332446
4857926
9450560
1145198
3345259
1790446
9932391
1614602
9577836
8429921
6911053
3923212
2152183
4796515
603200
5759218
4816018
6627184
396399
8402566
8424827
6642263
8972805
9770467
7717695
5448185
5519797
8328247
7960954
2333548
6122887
9283385
9609859
5165
6527383
6702331
7586118
7144902
5346027
5825262
4977615
5371367
2443069
9727366
3935639
6011959
5699399
2789181
1813417
3936285
4198167
7986973
4189888
8232114
378644
7157646
5469477
2552372
2016883
1922886
1616757
3786732
4575052
7709046
9959638
6063393
645826
7035750
6654468
6643196
5712574
369481
2223372
2746894
9521221
3679302
2806536
2469655
3201745
2078462
554125
8697886
8124115
8761556
5379396
8323277
6585505
9098587
3272302
5176869
7979914
8927221
7705446
4244256
4111502
8856722
8488965
1707018
5562925
3318200
7508195
6756537
7450625
7876238
9251215
4307882
383396
6172187
2303075
8155051
9156402
4240844
8082069
3985590
7907136
464553
5691697
4877203
4135040
1056513
3882842
5251035
4151714
9185396
4085640
4679990
588828
3590679
9419593
1066988
4555638
3337838
9824050
4978490
3854907
9029860
5480382
688285
1837375
53848
4404790
3289040
3770361
3434265
8027669
4871088
8633541
8425116
818857
3235394
4540191
4965326
4500716
1479835
6704588
3299541
3203922
6187353
9431793
3274126
5188539
3075732
57816
4748874
1152322
8819591
1105224
2215464
8116130
9329636
2924016
3298951
5426742
8034924
6668885
3947118
658277
4262748
1783759
459173
828801
2715389
1015347
826555
8088453
9393145
7295093
7205242
2491918
1306340
8668223
4501313
6539823
242048
3173782
7899706
9094833
7816417
2509862
4033087
7204875
1899432
4866213
386109
8682547
9170441
990855
7499076
2882854
3608648
296647
4280279
2120553
7135426
363819
1011105
738928
8517412
3515041
4691919
7145139
4031581
273711
8612266
9084687
8218298
8854668
2638720
2837879
9212240
2201095
9401905
9355186
3049312
4302540
5292565
1273897
1394549
2694392
3812139
3004852
6796463
6064096
7036763
407880
9160965
2820088
2868074
4745531
9921562
7844833
8346087
2718578
9304494
9042233
6524250
1816061
2224910
9115983
8501579
3474762
2138920
3342389
6843377
7524346
4262074
4800159
9961132
6016375
1645602
3400514
2115490
6920302
4355549
209584
2212109
4052670
1721967
2565672
6415817
3300465
7099645
2926126
1911564
2588724
8731231
4805654
5746976
4089586
958817
2692050
1050841
635908
4952293
9115261
6909118
8643061
7933715
7875259
499107
6936942
2796103
9789125
3082063
8427943
4234051
7063878
3732847
6652723
7976545
4677832
1892607
870520
6912857
6565659
6064081
1384069
4501620
6671792
1288329
1885087
4650930
9600771
3883490
1070193
2895803
496219
1687283
1655693
1928454
9087520
8197716
681761
8569343
8514105
9116816
9828422
1231587
8046460
3897389
6652172
4013351
9488488
5865416
1582758
4576501
3252600
6765162
8373483
2584808
3987323
1522166
4580821
143599
2139186
8271154
9461116
6213634
5092984
8968943
6704660
3488663
3517839
5241994
4567946
1687368
1269789
2215996
743420
1833089
2262829
797100
3903691
724565
8193792
6502898
6040595
9466361
2746215
3262608
1156339
2513999
224014
6582859
6190846
4313939
8468607
3232217
6518768
2186929
8249252
207524
8428262
2901832
1800250
3710972
8378136
2710525
4147737
2728888
8680550
1406681
9766219
6177800
9818035
2818294
8417422
8520281
2660562
8893606
5686833
1507355
3609304
3736245
2450287
9621107
6079554
4635622
3534412
1313543
9517297
6746993
4717741
1494835
3475497
1687256
9258296
70927
7629437
4312611
8424559
6632045
9880691
9994007
4349931
9883934
8488232
9054163
7372271
5562248
6606143
7013512
9121302
7947596
8093859
5828227
8993043
7732391
7204059
9674069
2153058
4294160
3704712
5870481
7958006
7619279
7004686
3011348
3708240
6568259
1587693
7167681
558901
7303023
8073338
1512722
7126212
1311091
5118402
1096397
6301688
4248455
3069481
6882164
5485812
6976779
5654794
5549229
4262916
7736076
1339922
2802000
3596633
2200967
8064344
6823826
2794265
4326803
9876689
1093934
123104
375881
7288529
4133219
8253057
8669434
1151561
4298934
5200114
6145618
8078370
4718653
7347114
6660606
8689077
155265
4705829
1078508
6826932
9178935
7409788
3940313
20676
8961167
8329331
6249180
7826613
8850166
447235
9811403
617423
1508463
4328544
2633926
3379236
5641401
4527525
9716095
9729284
919026
9229973
1525979
1978452
5585704
7588417
6097004
2698848
4647736
3625393
484288
7093366
7702675
2611176
6265507
305056
3340317
2464806
9002634
7657058
3416931
5801487
2216813
4517638
6913912
2268843
4870811
7538917
8124655
4695382
5470861
5706075
2007078
4636309
7376315
6810979
1660285
6980819
46683
5726390
8714268
6087747
4941706
168749
2019574
3031954
4352652
2537863
7292852
2632059
1122831
2927654
9303660
2218360
6763401
1851069
9515286
6380831
3029128
6085370
8054023
876506
7786025
7140576
892123
1070686
1914121
4053594
5692312
8577138
2092713
1280090
5031374
781272
252677
3198496
350858
6651467
6457158
9341833
5451542
1741608
5610088
8902378
4820683
2408650
5017557
8376914
7505707
5068296
6308567
1514219
5821805
6399295
2641322
6166667
4776607
2403883
8675588
2719525
1105643
6318811
9668586
6545246
6589299
1470252
2423432
4138794
1299737
7711560
5444463
5782196
6570518
4588053
2464017
2243344
3864753
8684218
6953042
483782
4481705
5909286
8416700
1364496
2316631
7961682
8437332
1082306
9743008
7353233
2072455
1463300
6730246
4766789
3391816
4107904
9017589
3481387
8566777
5373315
8394398
5595395
6949960
7407971
8014789
6357968
1155353
1205885
2426215
5541353
1645365
5513231
1142296
6474590
3039897
8820227
6993298
998432
9947166
7530470
7633874
4145740
13720
1246445
3362858
1139881
7204180
981835
2719702
4707853
94034
3229770
2164563
3653326
4166455
5471021
1837296
1325147
1481225
9457845
7365642
5557205
6291253
6776476
1736819
3833107
5459664
3527978
9154157
2695563
4241719
8935370
936449
6725277
4448400
1894912
4354082
7359404
9073451
1161765
6329833
3413357
534431
7957605
4244735
671993
2978106
5062817
8483401
8297307
3235355
7123149
1015572
4866952
9591732
2917222
5628208
3029269
5432096
4553798
7843314
3842984
2693275
4952695
9172084
914916
8336409
3578068
5605781
1751623
7621303
4433923
7484614
8763639
2862942
4701851
5510365
209301
6920018
9437677
4550143
3410268
1539503
8664730
1139977
6221373
7605137
1792512
1143399
7268735
6026311
5922766
7942451
7945281
6389346
9963105
6949553
9917654
2688856
3637672
8708021
815000
9272052
6781369
1524983
8574391
439190
1184114
9425254
8027498
7523283
8753298
1319905
8539335
1546717
2012372
769308
7651120
7317085
509118
203863
4033811
9954062
8180766
9007122
5158198
7907471
2573509
6118288
9621952
2825125
5876378
3132434
349978
2646216
2204558
9461726
4753571
6772074
6023092
1400528
7993056
2713879
1448723
5907916
7568810
3228910
9827953
653250
1213828
1496420
5787659
3265339
2916772
5593872
3395706
3267418
5584371
9627777
5841876
1294307
5429691
9329475
4861046
1106332
6338202
5956159
1794963
27599
1482294
8839041
7825651
2206730
5968404
365088
7033133
4876194
373017
2429802
5982879
9697248
9653276
408329
4706128
9577861
743130
7905558
8106872
127201
2577885
544764
7487800
8645035
8141816
4645735
4342878
5045238
8737942
8213574
4731721
7024770
8494214
2800353
7209745
7771883
5916754
1617877
5829067
4272847
4711727
636110
6039389
6521468
324074
6920363
4975645
3511504
9455274
7151991
269199
2853793
7620616
9034267
1962724
2198094
5252801
1082976
9946490
5245899
7091039
8695860
3875803
9461754
8348800
5299802
6715524
8068657
3669390
3500961
9152170
8862701
4438198
8002055
9297455
8626077
262835
7143297
8222501
4487993
7246515
9015511
2942281
6118196
1195329
6243381
6951255
8036812
8842059
4394077
5538189
7086908
5769175
2424230
8980435
2184567
2022341
5604019
4313475
483611
6923890
9685870
9725744
3974799
1331780
3947077
9056289
5355646
7969378
2202133
6506545
8674563
921522
7011575
5955710
2931223
5324929
7973274
6317426
2418034
6638229
6087100
8284856
3805985
7471358
5456280
5851350
7436857
3959112
4993908
6499656
1413680
6224235
1314696
7079200
8236437
6569504
6993114
7551024
520262
6064424
880952
7596121
2912910
31665
6561093
7146450
1218329
1194893
7106878
5820792
7525595
9680652
1378954
3716504
1615497
4663706
4444637
1992469
1071866
4378659
8291987
3078534
1210177
8390088
5104128
4157443
7759984
3552570
6251613
8276582
2787979
1740034
5514440
6965377
3243160
1105725
4789069
9827037
809598
5726513
1088103
6226431
9825218
7598289
2899265
3115824
1175436
3223734
2620575
3612605
4722469
6024899
9674937
1298447
1706579
8953215
9649627
7831482
2534224
7521209
140270
3366771
1315180
3704282
5659602
7424552
4196569
6618685
8955417
5849715
4839824
3973920
5864985
1208482
1195901
4144448
8598131
595658
8376332
3342186
3380784
3354503
501299
6281391
8479205
5248774
8695024
784198
495359
3129058
6865464
7872047
7545238
8573644
1568472
9669684
9990072
8252281
3178381
4284698
55392
3848610
1973472
2296467
5974919
3511130
242688
3946995
5470141
1993884
2634709
7513586
7055050
9971780
1143645
9236500
2226123
6608690
7252144
4747967
8254233
6480881
6966109
2775695
9920037
9236850
5705651
9494138
801145
2871504
6640485
2568340
9371523
798727
6040891
9535926
8577891
8978919
7965738
3731455
6284680
9645202
4231235
8796426
6832438
3161033
3627006
9913109
9336335
4142334
6459092
2714053
6376347
5710900
4737694
8031758
5575358
6131366
546195
55301
2466562
5941983
4954702
4249430
8612934
7035090
3757530
9745188
275002
2855433
5570011
9375951
3515706
4811055
5936730
7086691
8858985
8909203
9592281
9428400
8649893
7632513
6129167
2825380
1260772
604554
6295892
2159582
122583
9316904
9333401
6110011
1944502
6647598
1089919
7608518
2482108
3132331
9720148
1304869
1135485
6165980
7749227
1963998
4524260
6982726
2505118
9427341
198668
1767583
4806668
4131009
6650526
9990232
1942028
6807611
7514243
8384354
5010809
2238881
3553104
1739242
3589272
9432981
2600244
7283014
3860452
9230233
2186763
318030
3149989
2360410
3430738
6010675
3841477
4008871
4376066
9038782
1017202
9377383
307195
1037794
5140007
1437980
4720416
8071108
744598
9825858
416307
1093748
3635774
220715
2397239
5475108
8704611
945964
697871
1873903
81222
2668774
3397167
3363638
1779201
8163319
1145115
1667454
7646077
9397208
7417990
3536423
4731389
3493259
5866658
8004112
3119658
8663902
1477765
5007458
5283201
3267222
6699247
6427893
1563458
2709690
6320518
3289611
2040744
9057163
3370706
4164622
6031320
6391922
640583
7026919
1484153
7846195
3140282
3565091
8683148
4544807
3813344
9862404
4063631
1079825
8267439
1657449
7600055
3909316
838072
1353981
5255243
916504
3811834
3743255
5234096
2812728
9066336
3205447
7173633
3197237
3040185
8907700
5581836
8962841
1819761
9200244
3844076
6622797
8931748
9249655
4749945
400035
779564
314695
3783117
388399
7011258
801439
4076371
7586319
4764628
3486456
152835
6766752
8300886
2750426
4080432
6206518
2172119
9782051
667358
8759247
841994
1047978
3249466
4726854
8075548
5639642
4324024
8062171
6269135
6360545
2821276
3775349
6483549
9600965
1173465
2675526
6221932
6749427
4146440
9727333
434086
5610217
4259636
7442860
3502403
3475441
5813027
124489
1979852
5271257
8660980
4263076
1321535
9446455
1088702
1755893
4701736
2657766
6541169
4341680
6893242
8277508
1781344
9533624
9842352
3942139
7418135
7036375
5243303
4131393
8198487
403252
1055751
4893769
6468909
5487339
2786337
6278986
4744484
6761892
6052859
5881748
6542735
5213620
9909952
3807402
2790784
68171
7303621
6609711
3885955
1331426
6120016
1474484
3231784
6769076
4183967
9012068
2029702
3134835
1591001
9868885
9826368
4384233
1720179
9654304
4770275
2168864
4650636
3643660
6477914
8677785
5291050
8043437
1199630
8096700
7546872
4054863
6228957
815837
1499563
9630518
8723985
7224781
9503510
5562661
2804651
4681353
9210435
9338046
6565501
6235303
4448028
6761773
1500893
9919245
5013837
9647795
7134312
3464080
9720565
8433501
8448650
1412387
457435
2834462
1188831
9107509
658729
6657917
8568710
4982290
6677752
4544671
2768248
7407027
210447
9131878
5684640
8016961
5402821
4005235
8504375
4645264
4042186
7354794
7256064
1194200
1040992
999812
4326935
4186111
2120396
8776801
4913881
9492535
7827262
5972827
3452438
9979689
3942658
5329758
8954428
9281579
4901982
5030825
7501774
2683680
4797326
8026201
5121068
6750637
540473
3691204
4049349
7993265
8850186
5066555
2490539
2371686
13434
1609945
8964319
2169642
6990915
2233793
5561598
6992111
7380594
9641371
4483692
8967287
343826
4021854
3933515
9164784
529497
1850990
7335328
3026629
7427831
8711985
9837770
2440874
350195
6565241
9238938
5811619
9599638
9193648
6036038
3204367
4248392
4350329
6991704
8245785
5908586
3832660
9818911
7682513
4290493
2598363
7124054
7972982
8646549
6281606
3547878
4755759
874985
7360899
2388980
285337
3006569
4232660
4337469
523398
3280138
5001708
649551
3546112
8077447
498977
8034133
8884591
277329
9839120
3785987
6737224
1363262
4188534
8414309
8861892
1079663
5560012
7593437
2669997
7318181
3124741
8104614
9541656
8837014
5036589
9091214
2550037
2494024
9946154
651973
3739798
6324102
4164621
1556276
824800
3192174
8853048
3394189
1521645
5512935
2206648
9140932
6175888
4141151
3874109
3161661
2812098
6604873
9170488
335176
1650704
3716125
1007354
1969189
529026
7249109
8451071
35414
5044936
1707327
7553549
1278793
7033057
3703124
4310674
1691926
3389852
2871362
279581
6107385
8564581
5889021
7054011
7334744
9868180
9541106
8154337
9095442
9047408
5384872
926532
8593406
835387
1869582
4790730
2760868
8201766
2066910
9148690
5519815
4306352
5106297
3690120
1055267
5783499
8814604
7544921
5228975
3378234
1252577
3918119
1894140
8391016
1000279
1330462
4908483
4410356
6240386
8194105
1476056
7356555
9126565
5773732
613932
8830313
281101
3441730
9578308
2003815
3506233
5513612
1609613
5954418
1221412
1296348
1600331
9956284
6116170
3390310
8286441
1195808
2861032
2838043
7531255
7508059
8667830
1949771
426914
5861539
5060498
7955134
4081858
9193376
5648726
8783346
7378257
327142
3661410
5031311
1000895
4777372
6127340
7634998
3347982
8712730
9108537
2528421
1237817
7915085
6197533
6628676
2300255
1243328
540810
7085724
1760815
935721
5573074
3221321
1592507
3963820
1621113
1883368
3623807
6923451
4580426
2597180
6771132
7556494
6504338
5657667
6990260
9913683
8193955
9670181
1614491
5657475
635092
5034765
6614234
8126018
9626344
4340367
5588352
2835211
7711479
8396423
3865350
2448045
9469144
4478238
1528022
4539083
472268
5627931
8178223
1657633
3612208
8184483
9197706
5285496
254200
2458921
1447339
6019120
6939931
5237200
6452931
6883873
7041840
6144536
9030025
5915215
1256884
3174167
6674452
5934156
9644245
1335979
3324920
3262920
5521942
8739590
4953512
5214573
9153489
1487633
3678441
9993784
8820665
6533960
9142498
1799327
2875221
8067898
8312174
8831754
1788360
5843319
4897807
9949517
9987240
2747951
5955449
6043166
3669921
7765576
5112094
1358436
391464
1849941
5543904
9926187
7638580
3007753
6702402
648039
8010195
9890018
123232
1256604
259830
1753987
6135743
5541820
59253
7743863
6586841
5162388
5301983
6956484
2045931
1259529
4925563
9240371
7249369
3157095
6265938
3908907
1113907
2794330
4030922
7795314
7097270
3610072
5352499
8253654
9373063
3750027
9551192
9955894
5287783
8000893
8829666
7010631
9883296
4198362
8051842
6755683
635320
55238
3162501
1326511
9677389
4484868
7677025
2281428
5947744
2755489
3567995
7954374
2528553
9184048
5978519
9262218
5431366
9287871
5907376
1512203
1731543
8974890
5280886
7926872
9853332
936433
9490113
5135492
4000723
8543592
3269544
9406604
6059937
1759484
773875
3145830
5541123
2918562
968494
6707551
8173237
5709450
9876313
2228085
1189958
9585987
7442835
8367705
8383658
4244556
3873883
3653327
3797137
8433170
7233400
3562054
9089976
7897527
4837737
4749058
6837706
4401821
4861489
3280186
6473652
3283109
8328886
3444107
4087400
5552953
7726730
4323804
1150648
2568466
5389755
3559546
143730
3742783
334396
5063129
2903391
7205109
1877444
514151
6366146
7114992
4445506
2904095
3345707
502980
3227891
5660787
8892188
6089778
5905782
749466
1045952
7117107
3152348
601669
3232824
7822597
7729747
4836738
9398052
2120099
8217789
4455924
7340332
9958883
5321715
8605009
9455782
9401025
1018567
6834491
8652422
4239666
4725348
6711666
1148369
8938681
5503715
3371910
9459715
6825751
2193731
3424189
4980079
787915
6727708
4607071
7912894
4443342
9115338
3999473
2535890
2285289
2226642
9269201
4625755
4056392
6101376
5006770
3198061
4139629
8417064
842737
4038297
6585198
2672979
771122
8775460
3526211
18262
8177832
2239647
9013251
2626898
5455061
2245518
3317476
115514
4798098
2617185
3992463
8909631
6089383
7202724
5051872
1097094
713481
5083323
6529611
2239144
4668784
4687698
4466466
9330522
8141698
2927140
2938854
9873717
7884956
9941950
2236291
4721603
5881275
7179548
8812943
3308134
7325425
7880258
4330903
7136334
9435245
8685342
260189
4256941
2988891
2986031
2719718
5238147
6460719
7459117
3863554
8943646
3061964
4127126
2052274
6227872
5799961
7501240
2672373
7749978
4246007
130931
9155745
7862745
6957014
8619002
540981
6633535
8466430
5260850
2413404
3394298
6987299
9977067
9923992
6226046
6013877
9022181
8248032
1192702
7556856
8307286
9516580
4207682
4493540
7519082
6377731
1640647
3826533
6318968
927466
9392109
1918307
4075345
337765
770078
5219840
6441480
233164
6143046
5234589
1700992
5403781
2511525
5847570
3690829
5648531
5188968
110085
3796437
3858477
6204269
1974711
1646695
3502227
9120242
543099
8491770
814048
7478951
5904000
5967176
9864889
113753
6904539
9145513
3069458
7764711
2683983
6251637
4708246
6769135
6848680
2082905
5081313
5776319
3014914
2750369
1689667
5243263
2055535
3347884
7952916
452777
8971011
6871838
711374
479341
7687553
6519673
4753377
4970309
8304201
4250109
8746513
431698
9738250
9219337
462414
3390435
396875
3988334
8499212
607248
7529718
6276765
5787926
1823613
2110991
7304382
9642059
9976936
8671469
4878916
524748
7923771
5845642
9611391
9005176
6343775
525011
8163011
3488287
121559
2242624
3624314
1172085
7279677
2723033
6303725
2364014
6005146
7874481
6144476
8584855
4095970
3357812
7296201
940542
7599893
3398150
6629066
6245996
1421739
8117209
4377926
8282403
642093
5979774
2934322
5999311
237905
9073483
2837496
3154996
7955442
9504526
1153327
2698522
871760
2757046
15652
8307255
8746494
4400806
4366970
886637
4516915
6064803
4515736
5786561
731126
1546444
7533726
1887309
8978006
3184544
343452
1350948
2441469
5774327
2419048
8882551
3376516
2774220
5670353
7882434
5649653
7384110
3130142
9885446
2095770
393402
5518666
8250068
4588078
9399690
7396979
3830235
3277695
3563012
3920325
9153949
5997054
3999740
2346642
2689618
860330
4587350
6167438
3664417
8444710
2984179
4648939
7959210
9150360
8296912
6520773
111439
8786429
4496621
9478397
6901210
3132021
3586838
5335743
9081254
2542781
8731712
4019124
7873357
6754725
2325413
962666
1646291
3248984
2642787
1654350
1790993
3859319
5363321
8697793
1660434
7874443
1263674
8188337
4272587
6923163
9600219
1611010
4392463
9165315
9373292
7482042
1617267
7217549
1652593
6871363
7637092
3801502
1249703
3979365
43992
1073887
6318172
2530514
3206299
8593302
4816121
8284877
247557
8619589
297975
1430693
9917984
9568740
5003756
7677601
2219583
8844076
3911407
8376161
7817380
2043644
6428184
2281662
6354850
6624465
7354041
5075902
1340240
9665115
91939
1167908
2430002
7955463
1238502
2467459
2614785
2713647
5724112
4407707
4156967
6048346
3371425
6251725
6491365
2177134
4506353
9779511
8725580
9636953
6485923
3564718
4048401
8650609
6367029
415997
4000264
8716699
6882539
3171472
4137517
3131352
4668271
3039399
1271127
405870
1904440
326635
1862997
7222060
4536682
6807852
3231925
9202664
5122997
2706329
8441607
9867262
1170617
4302505
8819674
3670789
2009530
2401314
823828
6080463
5022365
3249854
4650709
6709340
2073442
2062083
8537505
5941630
8078444
2453149
5767845
901910
3624573
3179058
8690736
4595672
4321841
886118
6313511
5395517
7240560
144754
5007366
8280720
4969497
1633972
3059924
6331064
3554480
2658274
5769556
5787432
9648289
4860641
121603
692235
4285340
9027933
2166947
8111425
3193761
2659116
1446929
8199968
1535669
6009940
336129
1650939
7885683
8628672
4593256
8285144
5724691
3354224
7643950
1280456
6671962
6236598
555423
3609451
7187700
3849916
1567170
9825107
1431372
6407550
7120908
9789971
3497987
9361269
4504722
8808196
2407589
8525826
2971216
654906
1274223
1287662
1123858
4891074
476954
3466657
4228320
1508308
4521303
4637841
4978779
2045149
1831409
5918804
6439100
3765245
6488354
3715304
1801740
5832810
2666700
6813891
3976663
9279128
1778046
6399630
4523008
3906126
9644643
8995891
5129024
438113
7790755
2353771
4052508
1328392
9759653
493832
2638848
4913024
7356397
1172880
2711518
3687888
8543793
2264063
6037255
6107277
4968748
462283
3116339
2118759
9186779
3035411
2402442
7695878
6728666
3799829
2499925
3652882
8225855
1635580
9598107
939395
2118101
3676298
9593776
5215773
1479266
5823531
2636066
4269433
3044490
3950947
4420748
9578867
7540681
147257
3554780
2750077
1624697
6592674
8697428
460201
3204577
1584160
104692
3651022
5794708
7585964
8499204
4854331
7544803
4591075
7576422
6361425
4270468
3206513
5479971
9183628
3686476
3555932
4456588
3768257
5442432
9130054
7827189
1619625
7301759
3906160
638415
431823
9041611
7923023
4938479
2073600
4900109
7033338
3773874
715635
3946559
4708004
6736722
999021
2405227
8864958
6564296
9877787
1701284
805885
1840841
4495154
366944
8226972
9520918
9343981
2329509
214808
7214227
7762581
2241885
5145377
8554572
7956906
9880163
6998855
9930510
8400992
6553160
1656134
384777
6346274
7195534
3128426
7707424
1116627
993271
1418210
1136237
5766352
7296713
2602742
4064225
1647941
7556537
1057512
7794399
1682254
5452197
4458431
1951739
6399768
4142399
6849820
1539583
2204133
1080903
9152159
1686459
3629783
3627977
8961763
8751721
7166306
1525010
6659471
7304190
1021353
4100680
8905461
357376
39637
9991343
3595737
8491540
2531393
7797332
4498131
14290
4324220
9594591
6345048
5221496
6864152
1537976
4223614
8256069
2171168
4798167
3500696
9497881
6871825
1876305
4194082
1140096
344912
1473224
9756795
2495737
4482540
5465662
6799544
3274005
7614352
2485552
2696484
1213212
326335
9778381
7343170
5764246
1424400
5621747
3704256
8368295
1967884
613519
9839155
8389191
7610338
63704
3553665
5427407
9263322
1359112
5334457
8285798
9293006
2199950
7522972
7358901
347833
2644857
2618775
2158005
1215732
5248530
3519829
128214
3248703
5572901
5254697
6885608
1609088
4139633
8846048
1039911
9862114
5270469
153606
7002474
3325758
9900602
7796235
9772764
7832987
1189752
4072865
7253322
6530047
114227
5057035
5206377
4731117
1410391
1479446
6577331
9893917
927682
2015184
629364
8695458
8382667
6654006
8036114
1280250
289762
9580532
1670102
4253156
9964553
6643998
1723119
4239327
5327545
2086132
3582155
1334383
6179365
8193885
4277089
3807621
4503524
8099316
8594041
9120894
6127370
8219982
1807830
2698428
1674847
4165017
5258496
6748152
8785241
7678104
1631431
3913584
1308598
3311574
7026801
2183114
5457098
8094637
2524726
5079379
8370189
4338687
6838420
5405083
6963534
5886918
8422566
1582157
1673369
8387301
9088398
9592201
3971472
6404735
4950735
1558525
6388835
5216548
730777
567185
9034735
8208208
458819
1287256
3942372
9915413
8494392
4211110
7059703
5651509
9782621
2326650
2783855
7561649
1925074
8019248
2800119
5652211
7222682
3587449
293509
5653331
9176428
3191829
661991
2374991
1060925
1931689
7569226
1317211
1503706
1234416
1294449
4367525
7103202
3097533
2495017
1019954
8450657
8864593
9796608
6054896
7645592
1790541
3774258
1337402
5411122
2946122
7740783
2303946
9518597
9784270
8767979
9545280
2473316
3711358
5064185
6581818
2565269
2314907
7919141
5209471
6443438
4726030
6384331
6212736
9465224
6812411
8728075
429698
8569064
3632910
7350506
9278424
9301093
7738202
7650941
2188181
6616283
1289373
6537258
6452824
4968672
431187
827468
1982270
3367605
2190067
35448
1596897
4697995
9859235
456711
131828
2912880
9510758
7962699
7770256
807778
2938179
467732
4200940
9965453
2477544
1894907
8357298
2455046
796792
8969488
115102
8203853
8373583
2936394
6744363
6048251
3972797
4212335
2760223
792673
5787436
9387818
2937130
3645801
6735246
6626362
6213037
7110032
3278264
4298812
8251059
219256
2507607
1523492
6375689
9634912
1585600
7110079
3227952
2443444
3796433
9453834
5841444
4881417
91492
7406170
4512645
648034
785133
2132111
7696081
9268513
1213475
1536062
1406779
3483376
8958051
907566
5973504
4457566
6473263
6240562
7031226
3777761
9004912
1144363
1781540
2139812
8791287
6714294
3324533
4286118
5619267
8320184
6337991
4893566
1745847
4898342
7074998
4383498
7041164
6342695
3650587
4660662
8066871
4809597
3645580
5574175
8150291
2589850
9052327
231571
8563819
7050054
3679345
8563691
7529691
1995660
4282957
1921424
466317
3256754
7513340
989467
514473
1798610
7639263
6062191
8687818
2431355
2953532
7488481
1004513
6634543
7675512
3834117
7169154
155472
8199190
2390503
6647180
188725
1923750
3983674
6706493
5627144
6178245
7591134
7069549
8087942
1011625
3112880
7058431
409582
6845032
1004289
5541046
8804833
390086
3440711
1894358
9765168
8658003
9832788
8849783
2436433
4753839
7527279
6793630
9041395
7183067
3125388
434292
211971
441816
8132650
9488016
2778691
5258524
4233326
6327825
3140239
4782284
340323
5186074
8101103
1626799
3432627
5365551
580834
1711854
5096313
9666837
3996351
3061174
8632159
9977148
9445402
3499125
8818366
6811973
377436
5280224
3163505
1870982
2339666
5177731
9632957
957978
6823916
2566318
8217491
2092032
6395314
3440790
698605
50744
8233460
9378991
1570463
4751929
1448733
6825460
418675
7860563
8943349
706320
75436
1606171
5842071
9491829
5796222
4939538
6298878
5647554
2169229
3831196
1440668
5311952
7461608
3460333
5187891
2114813
1492566
9002633
6837238
3654314
6948245
7238525
890111
1736598
8101957
844651
6457927
5941463
5243946
3541923
2247488
7209720
7776493
4041806
9203271
2053138
3966244
7336628
4212242
1428183
8903580
3205573
3453907
5998659
2494936
1677073
5649834
4652954
85156
3848609
5022894
9512028
3418689
2413238
9214384
2394445
288061
8654390
1403737
4284193
4127187
9732378
713170
9925602
1104595
5944544
6693872
3293660
4787732
4993500
3508198
446771
5653989
6559954
1029208
5494650
2011334
519521
8377671
6631148
845378
7545765
757373
3945641
9502567
7463747
9220969
9362426
4722184
6353216
4200912
9561855
6835273
8356578
9893308
7423789
3647863
4437878
2767509
4681523
9947138
7664390
5638837
9242405
595429
4014727
3312482
9034859
5595308
5878524
3152284
4682760
2408726
2411541
4926137
1007628
2813689
3069432
2943331
7982573
9530350
2621254
8021823
5174071
5767549
9715450
9515090
3153734
1262700
5931259
3542045
7955113
6216337
1549617
902364
2199448
1885043
57206
4143546
6741248
5380785
1524833
5884920
4794727
6345022
4687510
7455534
5987622
6814694
5578420
9088900
3825702
8785826
4466694
7298249
6938068
4842608
6689201
3221689
9905807
300491
8592662
7473489
4577150
8275698
4362717
9996150
2495765
472105
3739754
4360394
8832906
3212478
6572206
5426783
5533722
24922
7514392
4930483
6199157
7046528
4024018
8170838
7510876
2284329
4861728
3398885
9745071
772546
8706197
7464972
8553501
7843652
2224481
2285984
9205329
1022287
7924577
4709308
4527621
50284
4437682
1348397
6757972
2410980
542071
7179874
3000632
7037939
6922980
4871848
2802127
5984315
3458745
1195452
9400564
8066007
5635926
9734084
3139250
2774657
3866531
7041107
1211903
5887508
1727688
6796228
903754
1385431
9307605
2304447
9647832
9687682
6292489
7467622
6613907
5787915
2789196
5297243
2612917
5955103
8745284
6826760
3419655
8605195
4555747
452165
5230068
6731900
416529
6713057
1385902
9596572
8758782
283863
1556735
3677417
3837440
2201353
1981770
5859401
4913765
4901946
3101564
8365323
9553560
3669640
7198863
9782964
311413
1092776
2946232
2212468
2220963
7827524
164776
7158000
1673509
7145296
6719893
9741817
6962098
8873011
7060936
7920824
3032959
8178022
8771952
3929008
6152525
6788505
1032101
7512652
3989928
8393982
9133839
5164382
9844010
3749390
5423402
3241661
7131414
4609560
7822579
232757
8754190
2014628
7900875
2159768
4711334
3146938
9984941
8305861
627370
5046353
9967177
2720681
6764841
9679514
335156
6017165
1373221
6853536
3796398
9371563
4387708
8257137
1259713
9150634
62147
6554559
473700
4058566
9683966
1264901
4293145
3854754
81501
4903621
3472096
4090855
9694703
996123
3428682
1138189
5815187
8805795
3217664
6408979
4684620
9189843
1627206
4208583
5974112
9876086
6986484
7671727
3990428
4830067
7721465
2302661
1351675
6102388
5734242
1413642
7339112
1314097
4739349
1469117
8111434
5602737
1772654
3799445
8196882
1717240
211992
6579697
2891701
3668489
202783
4025809
9873610
6158363
7285877
157757
4366492
2832270
5924800
7969643
246286
8981656
9066442
8329924
1063076
5531668
5666848
521461
3619191
9761618
5635172
1577305
1149069
5368850
940707
6094157
4079433
7625466
3028479
5675625
2115854
3058777
2354958
4808427
8812137
3131986
4778594
4975040
1346907
4651811
9703
2417671
602697
8769398
7945355
7736077
971544
6176856
2827422
2208054
7499200
8127030
8992527
4353606
8458076
691487
9077682
6738279
8648488
4527825
3258986
1784511
8685141
5453977
1766057
5020260
5496014
7645386
2018370
8721264
6783507
1688875
4838090
6572093
9812813
5428422
7949450
3976247
8121963
3845391
5024596
4821594
8371307
8902018
5629567
2901613
9932970
2202887
2072606
3067149
1293776
5147100
6783305
6618035
1276985
2015488
5187366
715512
4013418
8317659
9659572
9320225
670512
280196
8027221
1472693
2696536
3394363
4570108
8906823
5663398
1932872
2111825
4796364
6639475
1866970
2943670
8202231
1808749
1276734
8837278
3079394
887785
7312429
4030730
4390409
2201581
240642
6091760
695889
5036096
2903383
2450938
3377542
3855120
6225375
850740
8988923
6086188
9102696
2038420
1292026
7130839
7777262
3797937
4095527
1868285
280969
1326873
8486982
4205683
5907897
2849013
623190
6328915
8731757
4482549
8607855
5325337
4834935
1134933
2197115
3541271
3292414
3470402
4745182
6322340
3624091
5950426
6156458
5158413
6583970
2546212
7894659
7876303
9316878
4568994
5910810
508882
7257041
7017682
1721007
9716753
3697377
6098233
4211270
5533778
6773717
4751772
3915214
4605111
1073052
6348135
7065651
25736
9464327
2957031
4143924
1004905
120882
1981708
2509241
5211828
3435214
1748290
7147385
9866
5805446
706109
5317736
1212755
3865980
19419
1899191
4528237
1597930
3933416
6934350
9993528
3766925
212224
7369475
9955755
5324840
4675691
9228902
3157086
2249513
9340210
9093801
635791
6645491
8018546
5596431
3547603
7867080
5532567
7069791
7699736
5882403
1348008
1943864
8386179
2881223
8074014
1635654
898697
6627465
6855827
1273915
1223746
7822313
3636440
4707437
6916603
7028358
9401417
7041771
6250397
6299467
7344357
1402672
8212448
2825003
1967400
8355244
1040810
1267202
9750072
5489781
3075745
9080030
3315539
1519391
9777651
2539191
2737007
6558583
2964582
5775148
1240520
9231076
993903
7159352
6681204
8591171
6957819
2048611
8315400
9254444
3747034
5968154
1222064
7006539
6382416
9021649
4148904
8771395
8918150
3769175
3891868
4821355
7032003
8039337
7186924
2232101
127596
3613742
6536536
217125
1557346
2753295
6040459
286029
2445652
2244457
3497432
8053677
9970402
9116154
4537392
7505780
7316041
5505606
7279974
6052996
6878006
9494010
500102
7495137
1252329
2185467
3879048
1267935
646062
3268801
8466052
6607924
703251
3951705
6941538
3755266
3357414
5290884
7626255
6323808
6252429
3969848
6587500
872531
2760719
5402639
1001840
8557550
9769879
2518338
9498831
1337309
7247496
6671627
1631285
6531299
5029970
3648587
6575940
1536872
5449907
9718596
7151756
5663498
6134493
4474071
8506081
8188686
7885250
975168
2303204
1407888
9692339
8916743
7370863
1793572
2181373
9499526
8404307
557172
4224691
8569204
6824249
7435291
8081932
2428936
355494
3433684
8138861
5950264
7629950
3866343
3824515
8709823
2813863
2261328
7875518
1456862
3939475
1853045
8545066
9956771
6548458
6774180
2277720
2872428
4143014
6504258
7750619
4161833
1769806
3949199
8366962
7326408
1595856
1401631
6519895
954223
436294
144266
3426559
2472276
7612501
6235723
7412058
9518534
352045
6739773
4837216
2996300
8488828
1995855
6396008
4018449
5840118
2117700
2850707
4700635
8940217
5512057
3113087
6002336
385560
5597605
1267279
1081531
8205047
8090639
4446634
6269111
3395869
5687074
393731
6383637
9634964
7861781
46240
4435230
9837106
9227966
635744
8523388
2239192
142473
9383545
6001788
3646174
4866108
3153384
5996789
6443034
4057520
9887262
3228111
7162177
6854945
4601569
3709760
7496444
4442324
2885638
5385668
511686
2258206
5909908
7585353
222943
2824312
7114239
3408750
3904154
7687061
8235481
9924968
8221278
5135609
1942156
524222
2384097
3072448
6563095
8486482
3020536
8126069
8964592
3171188
7717815
5550231
2921970
9650484
4264147
8154163
8885716
7212687
5029036
1287417
6264879
4664305
7221621
3334478
2380497
3910549
5104508
2472052
4332893
9326702
8274301
7757490
4553229
6795559
117021
4487427
7645543
380253
2260114
2581553
300688
5012862
2980989
4444367
6353803
1332984
8423274
434739
7287300
179099
1283547
3784853
5331421
4756097
1741184
9265352
2310924
4366890
5371531
4298381
627805
3270116
34375
344213
8291576
7818105
4990725
3988091
8946124
7480847
805124
7054111
2457985
5385677
7679964
8479402
8855961
1271538
2427638
4294331
5444575
7096893
1852362
1209024
4599157
1527396
4474045
3247313
3984350
9323785
892402
7076929
5633500
7567281
9479103
3204721
6689710
5382134
4271560
1275086
1711663
2440077
9432933
7415808
2625895
8818099
7395531
4421604
1120103
4356382
9281251
1489241
7451794
213646
1245752
6755132
8719539
6965466
7472356
9638501
9390813
7248376
6480663
203200
4579519
8750854
3203093
573148
5955883
5030098
6849635
692573
1372603
1420313
5668760
6360003
8899838
6131264
6159637
7466386
1583484
9889215
5027934
1435402
3365659
4771215
6201759
1507309
3839455
7921047
5198128
6715009
7231538
6552888
6638955
8970651
4214080
6555834
8310414
9720627
7287285
6940135
9124836
2584962
2662892
4098470
179974
2666328
2078202
9742811
6987587
5576816
8776291
879142
4828439
6015003
8858347
2706568
3937305
8852415
9362598
5006043
9912771
3942060
3135376
6890924
3445103
6894347
8023592
4346784
1439053
1071145
2220610
1515527
7798323
2824880
4953511
1182520
7434093
1647752
7417330
8932932
6494508
7864487
123230
3378547
792905
4693249
7404146
9099254
6069003
905602
638590
6271874
8603834
2308902
563143
1923461
2164010
4678744
2900565
7304993
636620
7377080
6552894
9304210
5023651
6022898
636108
8105105
2447116
825900
3760336
6694785
7348265
2501833
5641057
2304824
1314542
7244789
2438080
3383990
9986359
1066659
5153052
1385835
9615521
5917740
5144171
8964496
3065829
1218050
485998
3403771
2846067
8349948
5140804
9176090
4140706
6016571
8805749
6576063
4333047
1247325
6319412
15354
5926973
8247980
1620814
8959696
860064
209678
699526
1573494
9731342
8411220
509961
4654982
7238329
9108583
522472
3526447
1617290
5953516
6280877
8535901
6787591
8698326
7751272
8885891
8348085
2854895
8946863
9110215
1128115
2699289
4181663
8702035
5858324
5008023
5786817
9251609
4771141
6572490
5369139
3503966
9655124
5548841
6894201
7522334
1370084
849134
5188384
1674180
475921
5689313
3718412
960743
6209590
1579112
8560110
437743
1023068
333826
8547468
4337014
7409563
3745058
5728115
6348658
8327564
4760264
3354163
4679127
9785094
650267
1162008
3274515
6138228
6097954
9574682
7916856
6568803
3611473
2097113
2123871
1764768
7093532
4839390
2100275
2447517
2325165
3430197
4944505
7051914
5924410
4893142
4832058
4534081
3793173
5292897
702369
4792748
6321730
4183857
8062157
6482542
1802639
7819563
3494639
1571048
4545217
6840739
5078403
387453
5440229
2271556
466172
6123444
7973343
7109443
3875000
7258799
9046550
2422035
3859627
2635736
3502467
2329211
4286800
9686565
9087320
7481401
8091638
3332020
9506094
2688632
9265050
4682176
7300936
9926740
2943547
6479810
138288
6893136
9584358
9708704
362962
208326
702664
1070631
5859409
1002633
5710791
4015331
8904650
8657564
7346215
8938168
7230225
295806
5814920
7883506
2585894
4658569
4806556
6147273
3310741
1752643
4626319
6389299
7613711
9797280
5897427
8438831
322131
1166926
641907
174154
2917375
8510160
4069589
6528864
7367337
8444004
256152
6663708
6973961
9266014
1776142
633287
2920490
6347082
7632761
8937393
9957934
3028338
9550275
7951421
1029935
8720792
4564058
9566087
7268325
4353425
7370271
3413465
6588402
8182851
8443114
2957553
6187480
2760121
2953281
2079520
8150802
3426720
7529927
3737813
6467330
7164360
4416312
8004785
5218781
8747640
4413123
2074878
6765156
6944656
8142401
8596160
8335345
6824775
4106980
9035122
8242449
5377357
1862730
271090
2927974
8851049
8191598
5301394
1465404
8021758
4660646
6303447
8053944
8189667
4417376
7881996
1303967
1384454
7014454
2611763
7302123
4136470
2046603
2042737
6728879
9659169
8944931
3481139
5333772
9326055
1559114
7393970
1514507
5550441
3464252
5835959
3170190
68022
7722588
7275083
3515735
7731553
6379040
5189162
7148292
9483894
3817759
4291437
2724481
6272111
5950574
6653049
51119
7269642
1144551
9985600
8644154
9323815
436468
4661068
2748260
2074748
9895142
8631849
9837043
5286364
1877503
6800402
3470054
3839072
5286906
9475884
5828535
1969981
729748
3196
5213256
4132501
2450805
3198313
3965026
5129220
5185013
4130211
2762173
9871994
2646043
8607852
990486
917039
7107597
8120442
5529955
6974175
6741905
9225197
9504403
1406002
2537031
5913317
8701019
6826836
2780883
6345898
8805198
3124908
223121
8849433
7963792
8392071
4350971
5819101
3653724
8289110
196706
1732901
9343516
103764
1306217
2876796
291741
9851219
8354228
5390319
3748185
8268705
1167127
468143
3341308
1191340
5015185
9518584
2474427
2126394
7361836
8647746
2755383
7081813
9917027
1918463
2181347
7397196
3493391
6079158
1739181
2305834
5704846
839177
5046392
5732838
4175128
9496278
8132802
8713752
9133523
1806052
5352604
1482795
9621591
1045552
8832493
5156429
2351791
2906804
2665931
9314360
9957561
4100700
9624085
1538545
1975275
1807771
5914100
6390495
9392081
9468678
3537225
8294942
8672529
887602
3977984
9563579
1008989
9250788
8367329
8494272
234539
7623840
3470022
4902669
2169806
1309294
563681
5428885
8612448
8453441
4015374
2351234
9234466
2549926
7049943
362951
736928
5052473
8224637
4275356
2220039
106807
9644604
2904047
9701320
7988307
513331
9168232
7416446
2879652
8113218
8468082
4717315
1371357
1062692
7164490
3075114
1766607
1376672
3716688
2538631
8855530
7348219
2506513
8424196
3600327
6857757
2194297
5765379
2088985
276744
786958
5013228
1202909
3042250
572002
7293023
5671724
7215442
1622658
8620577
1903171
2639648
9960441
9064452
3878298
4387100
9977783
8305266
6733814
2819963
3963677
3879728
9256039
5852463
3792951
119926
6589020
6477273
2208738
6825447
5346122
220970
2776232
2659701
7581424
2796316
7742010
7068042
8241169
9187539
3121975
4762081
9567870
4721371
6788687
2061364
678004
8100345
8651376
3230532
6072744
2089745
4851957
6755389
6678371
2018845
5123865
8272656
9886702
6099047
4520558
7412968
6960810
147944
7409304
6003118
6064663
4346260
8288258
47755
4051113
1741911
4798349
3638616
5037280
8125782
8287848
9514820
3514698
5659877
4030280
2102470
1142295
9399344
9438207
5870706
8036849
9778972
2326539
3991876
9277698
1932132
7046642
5386261
120237
8236970
1160002
4084632
7618117
1033649
8812207
1333372
1099830
1169831
3183059
2278787
6543298
6452616
3046726
3396383
1145001
7975257
881162
9223897
9930737
6690168
1246991
7339925
2689794
1682263
8587669
1863760
1067195
5411471
3677487
278235
464295
8145917
5632786
691302
8668864
1750568
8146588
7741216
5723075
2149270
514740
420517
4906060
8430739
9746727
6650086
8940274
301644
9655772
4003441
2371106
5066236
9234905
8089704
6691545
5223624
353190
7314348
8976686
1968877
7985235
7202854
8181056
5392246
189086
7087842
7995853
6792619
1143041
5163655
8428125
5911474
1302790
7729375
2428226
7998653
6075510
1401637
8877425
2370428
7674932
9828476
8969490
6976406
908301
9588767
4524812
7921685
5465896
164746
8709068
8670717
1927
292637
6881987
8034362
2851422
236323
5579046
961450
7375399
507376
2462882
3729994
20709
8979710
3855590
2597472
7632561
3787466
9841205
3003762
2941263
9193396
2400703
7363695
1600432
7068815
8313494
6117820
5532583
9613577
5006949
4122361
4103980
4437570
9661106
7328527
7892405
7402115
9702850
3604211
9662562
3901093
201452
8255806
4392452
3665594
84941
961931
5385909
7647962
9341329
4478136
4615704
702278
1146027
4307895
5438221
1704530
9671409
673450
9521637
9223132
3393875
3361894
2428478
5048249
2927005
8762363
9891699
6093417
8315154
1296021
5880103
9594541
1642784
915575
2466733
1468411
7814219
1156289
1136603
8740188
8878268
9513821
1276907
4871370
9175126
2875243
1953241
8236193
2789216
2389105
7900294
4289305
7334707
1805091
5494584
7249026
1935546
6284764
4846453
8453707
6450
2255486
3359331
467708
8255659
5926389
5290906
9379979
1564685
4399471
4268001
1733051
1822908
7733079
2253645
985293
423536
5457225
273707
6063868
5552382
9638792
5400351
8692615
4982752
1460291
3973890
9132961
7076314
8575234
1525899
7572303
4152004
4253350
9048499
6889330
6336976
566826
3682011
2058634
4614744
3916044
3584713
5344561
6789047
5254719
8080951
3700431
7855450
1545909
6652988
5959389
1091500
1545114
1172266
1300168
9750016
6489204
6827541
2941247
575488
2386795
4651498
5545885
9593682
4725532
6267951
246092
8386961
5902891
5978278
2929765
5846572
4486158
2626877
1529480
6192229
8663910
6831425
4957874
7283792
2158948
5637923
326168
3019025
6706790
3979776
4005672
100926
4487289
6600218
4565825
6577739
7905989
2719658
6043063
8321001
5197490
4564751
4129106
3776340
6460427
1246991
5385860
7565075
5841564
8762059
7834578
9056173
4560003
982277
9237291
5775072
5188873
7736311
4007937
7619501
7326708
8333050
674001
4352266
638830
8309528
2995122
2600408
2098487
63740
1708382
8328317
9293751
6179782
8233191
3521147
2506232
9197618
8863917
4087809
1714108
6302915
3093847
2373985
1828261
4343810
3044777
3890633
4290628
7580631
927786
1812761
6243556
1135364
8216917
2528102
9391852
2389804
1536191
7364308
5800490
1991475
1567296
8067730
5007567
7726531
5730442
2011928
8045116
3089080
6679772
4229053
8028317
6736901
7043586
596058
5034377
9228606
586569
8788695
2042015
8439880
2806544
9116924
5798438
7438777
2414524
3471695
2430934
3171125
5459235
6198635
6218239
3090725
5195589
8470741
4764634
7946724
7726810
8537818
6536992
8055749
3636849
6103936
8987871
677693
5787021
7564488
2955432
5787532
7946175
8396812
3356311
5331325
19530
4981257
4451380
7743843
411038
3780614
431458
8487865
2189778
5025527
2393422
2313088
8578146
2011943
4614414
6300829
7736979
8019086
5374588
1209956
3533444
8065415
9920269
8078184
7327945
1289192
9375025
7171645
4400138
2066161
560830
6545964
1680398
3149302
6582541
1930808
8074509
1613853
833439
7764870
7195678
7196532
2246913
9945746
3964997
5489519
4468733
3143911
1407987
7375109
2906749
4352346
9669036
9682748
1238423
5743750
7714090
34974
1343889
5993024
5111673
3871918
1708277
6348646
5644428
9526622
1577695
9764997
7926255
9790261
6908523
6093891
54619
3556530
1113948
3883219
2344331
9456137
9771045
3163051
3792641
1508966
6311675
8490284
1711670
8679503
6903055
9323622
858345
9196580
4380768
8973962
8047940
1778351
9894270
5433371
3495225
7206459
7837943
625739
8764931
5536297
3608619
5967324
9094436
6293703
216318
441255
7559899
7855409
6171316
3199713
3027939
3013146
9741176
2247124
2829329
4066928
2690745
1880173
9683131
1570597
7588959
3938027
9019055
499871
6371585
1066407
7961186
6349996
835061
9639522
4415836
5622902
3379663
2516908
1464770
2461291
9737014
2252150
8140308
6113466
5196982
229435
245912
6596382
5136553
4529440
2861640
1710260
2131100
9590314
3946634
9577960
5818363
8739246
8066347
5868971
4667078
5020080
7811726
9022974
2763593
6673238
1718272
3431595
6887555
6425150
8761289
5424295
1210212
7517388
7655560
9346340
8854960
8617508
2178011
561511
5549261
6974374
6841812
1383729
5705475
7050953
6691856
1115008
6264708
6825327
3517716
6330998
4411429
3184005
1258489
9301798
9361174
6795799
7533575
3249265
3059077
3192664
4687782
205075
4314206
4896799
888712
5391804
6525555
6402421
2809488
3720641
663454
1522236
4315225
1449768
9119766
2352146
271526
7932021
4714455
1559760
6092747
661879
6093603
4398852
1433532
5837757
6712581
1245130
2671111
239328
3369115
643173
3389541
5484682
5469310
4875490
7862894
1710690
9094403
4682541
1925630
7666531
9690720
2143097
7725304
9167414
8427211
8318038
6563217
9848559
6356007
6657044
5422383
9636435
9803161
3810844
9818257
2819545
8534376
450312
8687646
1894964
4335132
3076813
6449916
2042565
3843351
8932723
29035
7228823
9171450
6657259
5863183
1567457
4142882
201276
3847427
3297145
1597272
4365419
359826
4704765
7523334
6593010
8020402
689891
9339608
4113096
638850
8437934
9477413
7726472
5108376
3970889
8636903
9170343
5922533
1710796
6866707
8365454
3010701
9414010
8614718
8230553
7860382
4597147
5692617
7817298
7552379
7249306
4761482
7288473
6041442
3649059
7113213
1068786
2079912
2068172
6013570
8676170
8334528
4898265
1696686
4051575
9946433
5962144
6369252
5962586
8697310
302741
2909275
6272688
6669209
3974298
2901245
1332814
3903567
4729506
5991158
490724
3558403
2704815
2403206
6272629
5493828
6511488
5759409
6535209
2982604
8798694
5972741
8380552
2463128
6365341
3705927
4674959
7771758
9774032
3120719
532770
5188939
1332179
5891126
7577564
6022261
6492111
1389301
5983845
8695757
3089635
3361045
2013521
7952729
3442671
9572166
1137028
3970625
3722379
5365430
2483960
4178264
116440
457412
591357
9704284
4511891
7149001
3467916
4628579
8558215
6046937
6020495
3198590
970729
6102738
2216580
3153432
4937619
1677731
1020732
3910912
8313847
1323363
9447496
415194
3392796
5013546
8581495
5679540
3202876
1666066
781482
7239635
1468417
1065152
9122162
2733585
7199879
6175757
1852421
6903746
3104112
8359965
7344177
8857953
9375018
9571508
5233624
9064673
5625214
575101
8859586
2935471
4231182
790819
9402340
9933405
9463700
3814802
1308349
9944225
9803310
4620720
5860296
6827216
9442276
3201456
9106102
8423976
6343477
7659020
1614260
1766811
3787433
7692375
4195326
127850
408115
679886
713951
6558276
7208529
9788756
4933087
9910747
1398602
6626170
4409715
6835430
895543
6421230
2999941
9921434
5104975
2930370
8824887
8923273
2007949
7088327
6197959
2713375
5566144
9336876
2475133
2127408
9204425
273415
8736760
6755466
4020650
9470467
1016549
9188209
932524
5413698
9211151
1882151
4443803
6155894
5894214
2705647
7822012
6577069
4655484
571617
3165058
4859891
2916083
8602697
6595539
3514231
926880
6656701
7103055
5955977
784477
4499568
8724089
4907133
7958514
8730704
8553882
5231728
8398709
7935495
9120769
8351643
6719971
1702084
6517986
9352535
1623398
2044117
6194740
8500921
9884777
4082308
5118137
8255554
2232473
47617
8274257
2626387
577845
3464421
5200963
3220018
6860880
1243767
2087881
5627008
8103380
950793
1065315
1786326
4047612
2849508
545008
6608504
8358733
3465464
3958454
7967600
4889918
600857
9082927
3788358
9129410
9996515
413166
2294708
5624410
1148621
9117628
6935900
1110168
3639201
1544478
5025279
3650232
6010362
8851298
4971678
7965447
9850510
3823052
380076
9037974
4722160
3164580
6238956
4097965
6380393
2682957
7073194
9247734
4963314
9652665
951975
2994758
1565035
1413669
1423125
3519388
3115566
9905963
1368274
5404580
1467747
6495969
8502428
8888348
4504601
8156420
6220871
4492463
7659242
2722226
3339874
8243421
152128
1597486
1925542
2373119
260897
3822362
2179966
9305988
3701577
7204207
8855417
6971928
9464863
6207609
2902565
5448313
3104219
617635
4466701
560507
478894
1359942
1951824
8494642
9661661
1183224
233541
7421256
1642980
9239571
5948452
7034680
7865534
5589744
7802743
3402831
5930171
5971559
4503429
6878190
7540241
3232096
2304934
3782985
9532139
1904582
312013
7847083
9108599
2483125
9660690
1690676
6243424
2218966
6112856
2617698
867016
2541849
6096913
4548995
3654821
3958782
1231274
983357
3295955
1604193
412655
8678925
417718
8165550
3234890
1180037
4083995
9568954
3653040
873658
6722426
4568037
6498488
8614591
1440094
84568
6282677
8200671
4105744
3141054
2416002
1097059
7223942
9984877
4577473
5557874
313887
5981464
8214788
7971773
4234308
8266667
493048
561905
1199357
9013169
4644153
5410633
4757051
3518402
5401813
2436227
6989164
71197
7196633
9460675
1523871
7788828
2162300
8264410
4413626
8547722
3252076
2724503
9581907
2660222
4533592
239795
9846955
4064017
9838732
9548600
1583553
4916320
9852032
2230111
1688169
3284543
550868
1469435
1035073
1973063
5395661
2655656
7659514
1827321
25579
5770301
6141793
5341934
6633389
394717
8196405
1771921
4163609
6844981
7141829
3751405
1435557
4412174
7507931
7667951
646516
1561499
2012211
8418254
584134
7746431
6467219
2419701
4508697
1110751
6369176
8548613
3019541
1852313
9014415
8853370
7537316
8502325
6502799
8517825
193680
9714488
3347065
8066586
2177674
9617799
5879910
2784791
6588656
8443671
8336119
8524310
4070485
8455465
2560325
4424003
7268791
8133069
3436711
2016662
2151313
8521148
8452713
1777205
6720154
8071629
7555079
5972443
2951099
166458
6662971
5215276
8268327
6652717
2349197
3633538
4556600
4946325
6106340
6069851
2896972
7207323
2426176
9344604
7141727
2295085
9151477
6273894
5050229
694088
6741278
1228436
614929
9261810
2825715
4983724
6108566
620781
6213169
7610816
7283802
8185042
8570899
9926402
3133324
5989509
7805492
5965001
4328825
3021375
9816694
464272
5447564
6989908
5914423
1825774
4612808
5284895
7605630
90487
4367503
9759136
1765688
958345
1466345
7544907
7073384
5591837
1353879
1788652
3629326
3028652
4395110
4815722
121706
9391376
8272807
8926975
8270804
4969997
9986412
545706
3754595
9263992
5358574
2770418
4633696
8658688
1190614
8767625
6820066
1828885
6187555
4376631
9135781
8470467
8852429
6215269
4770457
72470
597434
8097933
5141185
4681794
5109489
8060036
7059616
7121294
4175021
9185117
8031570
9732806
6809903
1790789
92701
8346311
255054
833401
8985501
9938560
7327141
7240033
2668687
1870204
3751449
364403
6865554
727965
7246911
4740453
6121960
7384042
6960466
3322575
3359808
1481256
6285328
624887
7937237
6428296
8025108
1884723
7297914
8225593
6657478
2256373
1467814
5334493
2241542
3515293
9732727
8637863
3276730
2053078
4288008
2578860
2129329
5499959
530204
7136579
3908164
7689560
3512764
3572372
5349695
4097853
5815408
1023312
6607707
1388312
8955736
3799171
5143980
7223882
7089424
4964919
2582036
2927348
6498406
6838078
4296766
7389221
5488236
3202527
1986176
2769051
5955377
5754758
2418053
5282224
3574350
7648468
5444386
3526858
1274517
8439531
7058842
4589441
2334567
176859
3734553
7216990
2653275
2963902
7734458
3025532
9162656
1352306
5719081
6306254
5266346
9150754
2935649
3586348
9147813
5130327
2927100
985406
7658453
591980
9849775
1338647
5999006
6083859
9337338
1099255
621692
6317630
1438237
1706227
6223923
4036256
181486
2512793
2460105
8253992
8574237
844887
8214178
1435394
6831860
2621759
6619208
55539
5148177
1854979
4285930
4342634
1701698
8649869
1012979
6254266
2540710
5797994
7502353
5752953
1602170
3966256
5806193
9376359
1401232
7707371
1663083
1513631
4841836
895511
6350308
5099900
8160099
6735043
4791861
3273776
2397357
3277345
1156895
7877081
7065447
6840755
5346847
5705253
1648483
5001361
137800
2660007
7026684
3141667
5630246
573634
9005432
4379892
99621
5753780
8898890
9141181
9923017
7722130
2675779
4129404
4745788
7797346
2590284
3334339
7668378
9811120
3228111
1118297
9705823
6239741
1461327
6386076
1500126
6734595
9707034
8455970
4035089
8690526
5643304
6978319
8259845
9309678
2316098
4785630
2834777
919914
9460729
7759843
9160290
6593315
6429044
7373939
7725672
8666613
8980006
4951283
9041324
4484929
7135287
7376458
2280084
3888984
1239604
846078
5332681
189631
4860166
6539990
2473343
1947867
2135210
5752713
3167921
7496037
9794572
4790307
7002856
3153189
847950
253098
9510109
7625012
5630398
5661337
8236578
7053018
4376775
3459018
8569524
3153960
2615371
4120478
1991927
9620618
7977617
8230103
5318805
9799076
2145862
5480611
6759043
5648367
7575098
8988294
1646665
7704082
8827939
7613285
678218
7889790
8512217
930297
5948973
6161294
5391179
4453247
7099176
1650005
2481973
7999091
4906027
7517356
5403641
6904285
4350240
1915352
6123778
3929054
6146715
6376547
5534920
9300943
6801132
5440997
8015160
9084927
1497307
3850397
7591603
2642921
673875
2932089
5015932
8359427
6140715
3831063
9687712
7886278
3625199
8742415
3896354
4079870
5768969
4069616
366769
5193179
1792921
669939
8883815
8985566
4764241
5461787
9668388
4549600
9748141
4695524
950944
697730
7800590
8890444
8111714
4093489
8318920
2275221
8571323
7007682
7020509
7770092
3959166
5124707
9946187
6239448
8863810
9737285
4986251
2693508
366883
6658601
6122206
2592418
8695103
8911883
6764389
9510405
5428058
2477069
6254165
192921
515621
4020237
8874512
1108793
8528490
4734753
8901254
7993105
8721946
1237493
8730186
5017251
9755201
1950803
7489798
1105906
9806010
540930
4744913
586965
7048489
4006112
150484
1289717
8517288
700186
5562883
1065294
5906959
7483597
534612
4039785
8444889
3396675
708637
6320060
6998956
2818002
245191
3580403
871649
5699047
7958566
3994558
4214215
1356169
6776478
8290358
8237156
4044197
3278869
9966893
3253020
266292
1391013
260071
8023917
3988744
870844
4323349
1699710
6189528
5030483
3590850
3105626
4635149
9528662
2963579
5649985
2928769
7973558
1836059
4773964
4293408
790380
1300910
6044509
1381677
3182444
5268783
7046574
2296750
9057441
2450106
381282
1884297
120962
3282054
1666318
9616524
5214902
3535017
8857552
5526924
8658110
9886427
4232441
8451039
8574526
7816519
6199228
7784871
5481437
7183335
282682
5273359
1235462
2297637
8535450
3072804
2508126
4603595
6295554
6163989
5417045
830758
775721
9050254
3554475
507905
8153882
8304713
4777020
7127269
251058
2978206
5880906
4289125
9457709
5027605
5789901
6506662
9953640
9448279
1477390
6502183
8519627
6026315
8412372
7106940
1621566
2362458
3373794
2239021
3964714
18930
6801344
3195116
7458699
5090388
9311542
2853985
6647469
8910556
5111989
6696860
49544
7111612
7829310
8510578
5220280
6573663
5815039
7049669
1194717
9759292
2294749
7062174
9105545
9818707
3613794
8156973
6910018
4543865
4857985
7730441
7257675
1673897
6934181
6522011
9719281
7133592
2618075
7298250
7146593
4942167
4006093
8150139
4966278
3468821
9912080
7470966
3044050
4159926
9425683
3716353
8163479
5037944
865211
3403315
3744568
6897339
1492932
2115396
752362
6991922
5547871
4577699
9284646
5593807
3324830
5248008
9679929
2705722
9924028
1158919
8390197
1854676
9565514
8238595
7210988
8385377
5308163
8250470
7534271
1971130
6543297
1187306
4445163
1983444
5113400
5870060
5241252
8731380
9275878
7265659
4204009
8042250
5739910
2938414
2661574
1890048
9929733
9742622
6588888
9719721
2257752
6213158
8629419
4142377
7716721
6780452
3154034
6746105
3134078
4453792
8164331
5210408
5433270
4982877
6585829
2990751
1559047
1897624
9142002
5105070
9570924
8941864
1255540
504740
8148280
1732985
1176117
5855817
5796229
5141221
3773549
9644424
487327
5628854
6982710
6581833
1340342
2253146
2296616
3832111
3816280
6840419
3149140
5552413
6192315
2221481
5057430
7030436
3451814
3349402
7836338
6579013
6446516
3600335
3635918
197098
3554520
9213769
2807121
7107195
4798885
3828196
2890243
8510356
580446
8067327
2989704
6491173
4498273
6289938
840116
2746597
1554989
7397291
3237195
4562652
1691293
5782584
2998442
6609565
2132115
3010204
3505087
3970732
6836115
6954039
3086886
7782352
874030
3612880
6920528
3516414
3810294
8680533
239953
8795470
697998
3397244
4027316
2423605
6545397
2056126
5611086
2671696
1318158
7758390
8041100
2087020
7984072
323953
4999020
5869492
88188
7258583
2547838
1913607
4450426
2626613
4624639
271075
9565108
6271678
1700092
4821232
1142582
3337780
6836444
3676412
8151407
8553152
5140319
904334
8895001
4658357
5225821
7267188
6189659
6261609
5486079
1395992
7785922
1249450
8751366
3719112
1350620
8165809
9349055
5033335
9940196
8374079
411975
1655667
1844031
5271519
689523
245787
5766577
7456950
769546
8804556
8491072
7831535
3839529
6289588
8153838
7170325
7770243
363715
7220053
8097097
8248016
8985454
1011137
9602955
852164
6683571
154547
8114113
3836777
7961765
8712711
4577383
1411571
5297881
4920827
8687517
3103168
7851416
1068132
1667214
2523105
9101341
5817908
2419048
4845992
6088633
7270546
9457723
5656449
3712137
4236589
3499339
8652046
4681218
665764
3552810
420681
9236212
5832687
8517666
1201989
6568635
3884746
1447763
24293
4392634
5978159
1060058
4103803
9395111
3328810
1064081
3519096
4330501
3890163
22139
4544286
6772156
5328811
3143565
7789960
7541406
8882413
5104547
2517660
7699085
5612168
7599898
2745707
7478106
3307108
8583398
382616
3589307
5011761
8508488
6933780
2199107
2767012
6861765
8601010
5864256
710486
5411114
7414852
485552
6712391
7494090
8846519
5900489
7652287
8683883
2019462
7049954
8344716
1761488
4985228
4341281
5253824
1203493
8051206
5656758
1488114
7356613
502223
1269400
2184687
5772097
8492832
1780917
4855208
7152741
3425809
7000144
3408659
8695276
1543790
2931028
1561037
4597421
4355553
8759958
8795590
2659236
9201841
7170210
8681559
5281740
1142789
8923092
5925824
576363
4093343
7240830
544289
1737821
4904887
8069483
7350146
9271392
1531710
9208738
3665105
1530720
6707328
6891272
1952102
6719894
8946351
1863878
3686135
9966049
9472089
5096712
8990206
6128173
356320
4586527
3968473
7036336
6815657
5413770
5015700
7452864
865411
6863826
7101888
6615218
5877924
3964764
9152975
9727602
6108800
8462351
6868692
2957432
7510503
6996568
3139971
4361619
5001680
2048249
6357180
548900
8692165
161159
9889364
4930928
5421257
3132631
6371014
3566075
9651777
6724021
7129312
5831909
4734523
4261869
8403082
545786
548986
6469225
9747904
9790988
7315706
6218189
7857566
1427538
8714382
3512247
5863545
3314001
8613627
4504743
2544845
720233
9282709
5114344
8216644
4941164
2336099
8464720
1404085
2498485
6550492
3134971
9120820
8466492
7646968
8740251
3563500
7557581
9349065
6665080
2380062
2960411
1666314
1844385
3471542
5055547
7254693
2169501
3046280
7122916
1993754
1017835
7046016
610122
9553041
2573743
7212691
9611429
3984401
4637248
8009611
6264857
3167687
8099501
9024018
1630502
3540328
4489274
4985342
9580791
7659783
5201615
789708
8121120
948372
6727746
8647998
889431
102279
5416808
7569720
592381
3313041
1452585
7783577
8148167
3589727
8014904
1560429
9611035
5915787
3679451
6964842
951030
8625131
5467867
5303308
1843285
906054
6988716
8271183
8670491
4035546
2599203
1472854
157910
1904456
921681
3409585
5648902
5312048
1150558
7518830
4907668
3389386
3516465
7660847
7282656
629804
9428177
5963719
425551
6550706
126479
8161960
4418047
194940
4515674
5733861
6144090
8332376
2200638
7007873
7196467
6111025
6653535
8521236
8341594
6772118
5290672
5989400
4273823
9936790
6828405
7902526
5317387
8036212
4098915
8647798
6180287
4483366
5477819
9845362
7215008
7214893
5516449
2160338
9460939
6929363
3937254
1572918
4809978
7233505
7710238
782524
8513091
3565000
6913597
3140152
8088671
6175800
2411448
3084933
789863
7845558
6770179
2368643
6635220
6378655
448413
3564712
7055622
8102621
5665027
1673992
7967927
9955665
1856187
7562418
939405
6625634
411788
4816
2642713
8330335
9286718
3720866
8722121
742859
8363168
9086811
9655614
4928522
7797323
8642716
7418934
552729
6478463
9106312
7666650
5463791
5589861
3463876
4764720
6721711
4260537
8092932
3619790
4887530
6543166
7400666
5960292
2898877
5286247
6656894
8051139
2141714
9853571
6934119
8141365
507048
1812338
2468481
5885325
5286739
958562
113014
1485577
402623
2451451
2025043
8463442
2382127
2796830
5145212
4850299
5723774
4936219
5473113
86419
5522694
2989221
6885146
9697967
4709452
5992390
5394171
5744560
5621028
9961078
1835181
2081233
1810727
9389329
2274579
6026231
4731005
9985570
7704925
5449971
6297469
7661692
8797968
2302381
3432817
5066717
8621479
4213713
2611566
8000479
4328842
8089219
2851677
9165624
2912423
6893280
6050325
7684536
5246634
2141395
6452856
7086386
7290536
4779709
7622214
849261
7015446
3833900
9005341
1641693
8393184
7293871
7180929
8734542
8033238
7131824
2856556
4272791
8798022
9730975
1872764
8669926
3354979
5069573
8140799
9240462
9579326
6384390
1517319
2612721
7144020
7909336
4826408
2588177
2996983
5122885
671027
2331642
1600235
3394186
6409374
6058019
2561365
1870956
5542210
6421905
2731056
5823617
5905475
6681352
2309367
6906910
6168784
9245676
5243193
5712860
6296410
3315000
3860791
8334516
2476130
1131941
1987469
4841671
87073
4706400
1202513
3800568
4665518
6055284
9502737
1170661
8704072
933366
8391762
2714928
6661611
4940073
4573851
1343574
4336058
8587114
9580898
5603722
2790930
1043679
4646715
4019592
9374170
1028539
7031349
5387705
1107901
8987293
836608
7851826
1331810
9302114
2655519
2100593
833858
2852911
3270590
4483860
4160122
8747759
1412531
393209
3514290
105644
3984788
9704144
6390334
2370646
6773744
2503440
381413
2358524
1312571
2740562
2012358
6474580
123059
9827848
3491464
8121667
483969
5491303
3098290
2050671
8573254
67870
8570048
259172
6242797
1892573
5754405
6974132
8530107
5333992
6015711
7711619
5430888
7196720
7709773
5736507
115225
8972283
4463124
3039164
3943651
3631099
8038176
2840209
9498280
5891984
5346077
1670764
2550052
9685165
7724564
9337718
3459021
730339
7605851
2357982
972201
1924040
3670825
4383381
3266294
9186195
9525253
7760202
7988838
7776694
6715043
1266302
1723840
6357298
4413513
2418087
3435902
6916171
9715946
5646521
5706483
3147428
1577864
9810693
1873937
1998319
5859679
8275784
9578998
3685001
3700851
7912216
3474133
7374979
8510431
2126173
5975440
6523475
49134
9699727
5987744
7154935
5391913
5445365
4736628
7013030
1703999
7731341
7327329
309878
1533136
4526396
7365233
9672223
6271257
8996038
7653122
7493612
588094
6596899
7344484
5458151
4018396
2784752
6628105
5314537
8249046
5348307
4736106
9000560
9259028
2270772
2367715
7225419
4879399
8190230
7332584
6666189
9986305
8896280
1870674
3369235
2943629
6259519
6116059
2842764
9849811
2728633
6457869
3424464
9318833
9862187
888776
1493508
3011268
1251305
8054999
9973386
9753505
6812226
8564047
9737787
4151935
1323899
2232042
4615212
5503027
2526291
964963
9385736
8233764
8912593
495729
7138772
9493484
8210126
8670704
2373911
5895811
9244765
7352971
6098309
8244281
3482872
4163034
2455839
340270
9548557
2557016
8400614
890604
1155903
5067049
3023945
99585
6460363
1807296
1947308
68851
8381298
4668536
9024099
1023411
4454792
3075118
5740264
780601
6567890
2586810
4187979
3234207
8641602
4143662
992369
9810195
8155267
1271763
2722796
1898256
1403083
8116645
4844712
9269865
1781847
3928649
5717406
510268
9849738
5190940
9943200
8885798
5497571
628661
1933671
3276413
7427418
7035965
5895983
8058048
6631215
166281
2308277
8069873
4137088
4133557
8471718
8820023
9856761
7565851
2472806
5642675
1399687
5050651
6860735
8713759
1337746
1588506
519357
381575
2837397
9261756
7514666
9009081
5612819
4708330
256916
5205468
1343571
3671640
9046774
8335003
4851045
6577531
7732378
1313803
8625952
6100847
6088041
2489505
3375933
9246716
1317566
5534345
1174573
2138063
2991700
4333671
8713140
5095568
1130838
2509188
6885352
8455922
3289812
5573117
4544427
6701814
5081217
7446195
9145218
1549889
9027445
1980142
3434944
6976636
3306789
1245380
4113419
8573855
6538696
5814715
3929190
5673329
7518112
2458383
5877080
5199513
7954336
5152734
9720131
7946454
2744111
4685302
2166836
4389786
1577250
3257946
8120490
7860559
9987083
7168005
4866029
3643995
9590903
2936830
2087120
1521402
654670
8757907
4029616
8739101
921631
3725900
7890270
1505752
7042425
410223
8880888
5515887
5401777
1122339
1146481
1744418
3327373
2194633
2218103
7768316
4017346
8942888
7099480
4944980
2206539
1192277
7987087
2259876
6906978
6848397
7122811
3456133
7344760
5239894
4262746
1658539
4434227
2308545
7413112
3669837
7208369
6104733
3932229
3124112
8649905
3217365
5266192
9134395
1744938
3004719
3825515
9181655
1382814
9896736
9033798
6283719
6145673
1804291
807774
7302709
3766991
496134
3679107
6185532
562652
1605654
4945565
355481
4696573
2247326
7463260
2484518
3475558
7374262
3585631
2086969
9378966
6185092
735533
7280524
681976
777702
6172309
8409355
9558605
7435369
2383421
7200751
9587228
9762644
7855405
6943751
2669533
3278187
1093833
6806034
5061705
2923422
1860513
1683728
8924246
6008721
1051826
3341755
600641
8130359
219074
2886500
7291596
3799103
3800457
2452511
889264
9554063
893688
7483959
5913160
7934575
5046626
5269477
4698577
1934559
850872
9279089
4039679
3292348
5974752
5154169
8574410
5170445
6878057
9371884
5945275
6667408
998833
9688567
9287167
2019360
3585032
1457107
4591245
7954893
4536183
6232081
375685
4278370
7327259
2304956
6739372
9538833
8744623
5031541
8972516
9797139
6689038
9816745
6255714
6311705
1606856
2353936
3356061
730217
2506544
399772
9096389
5826758
6257914
1460728
4861383
488390
3498646
7395798
918273
5785812
1555727
3208223
2237799
8232473
9519974
3593740
3065492
2487661
9286145
1859298
4419326
7259682
7834705
5951069
3277652
3112355
5952136
9118671
9962220
517344
251418
6922987
3345314
8025206
9164704
7604104
5913695
3554480
4133784
8291007
7889362
4410945
4459872
9603790
9681863
7942908
294941
6247970
6889154
1691584
7683785
4952668
5405889
6452645
4702394
4452780
4324931
3677168
9285156
7113402
7255179
8457488
8321875
1325363
7558580
2564768
4060330
1516551
4391701
904198
5899968
1851658
6315470
2648423
4085912
9224980
6825332
9364467
8530696
1695890
4942687
2455771
6534027
2623089
3478832
1886538
800300
7670336
8783891
201703
1723959
5311224
1864680
3880889
521646
7987571
8919120
3753520
7638774
2610477
6836620
7571424
2479560
3721077
8776880
6209452
5088430
3975533
8575031
8554641
3928013
2693470
9984455
2910993
8362844
4850481
9179517
2461389
5421879
1159209
7543811
2983669
6906006
2500288
2692353
4330385
4228753
5723196
7557697
5261066
7610819
7664930
6859818
7719754
7991607
5480053
9348342
3068009
1739772
9789257
3831745
7985525
8126060
2176678
439056
4488423
7574945
4140651
7710763
9658840
5979251
7059499
3151453
7793911
136460
2752626
7770867
5776673
5210986
9860375
1175739
4384433
5972333
4768430
3548107
7591206
419574
4963180
5105256
2292679
2486187
4349008
2608341
2244140
3313656
9471385
8229351
2686475
2003915
1090891
9121450
858740
8273963
8230512
9328501
3761805
970451
8069601
1070290
392461
4826335
1815754
4798285
3035106
1191331
6482
9850624
443600
9447144
2613155
8964050
512466
8237314
2648217
7341540
2069180
2968137
4267259
1541704
6440988
5471291
6402811
2363345
1527892
7847507
3590703
9436175
4349077
9828538
9519479
1451985
601652
2465337
4004531
6572829
2234811
4322529
4767539
6242558
4582000
9846672
5773004
9823847
8586439
3633129
3683925
2146494
2704866
8409639
4828800
6395754
9477853
2033739
1243956
4111186
5367341
7553622
5541600
7466907
1955848
830348
2736875
608506
1401786
6386961
424386
7463348
3094406
9266182
6996015
5608721
9862618
2102087
4313228
5516549
9359978
3678279
3757158
7873808
7822486
9676860
3826261
5278182
3892860
2424073
1275983
4236624
731614
7540131
405134
2842446
8097028
1330431
6153733
8291894
2701782
5826822
3647801
2316225
7345288
2250043
2617603
7435148
6905379
410004
910218
4001350
7509782
1639164
7147047
8083494
3612136
9044767
4096371
8750282
4519991
5051230
8007419
4404967
9087047
7714077
6024490
4579434
3204702
3758059
2507564
521270
3634566
5114021
7641822
6499292
5611122
7516084
7296778
8039281
1823775
8126406
7644469
1779458
5051169
8596730
767681
688492
6109509
5944657
1382165
3968026
9622815
1515497
4876154
3782886
1824284
1585711
4086259
7619885
7735099
9220238
4245871
8660068
7379663
9471959
8332512
9769512
332908
9005731
2162584
6097788
2314672
2488635
3597955
3865464
8552177
9374012
9950604
1626003
5907471
3185278
9662176
7984441
2133609
9462604
8642889
1931013
1553218
638007
5930580
811120
4735268
8289157
3504105
2388049
2550739
6057132
1284678
8421717
4244723
9785668
114503
1601259
1068193
9538640
4194417
2626481
4705566
1580931
8515155
9909968
746802
6905256
4931325
713064
6257788
5932876
291746
7484548
4819125
4888246
907774
64611
5247972
3381989
9480004
889440
1769527
2420108
1337369
2917796
6798453
8152024
7814563
8532075
7989945
8710772
6442858
3244574
1052117
8641370
6949423
8813965
998322
4265558
1811286
9776261
4959521
5725736
4740362
9092228
6172533
2283068
4124486
2592603
2008217
9896468
8101891
3068923
6085799
3465450
4122172
8282821
4360430
730207
9326761
8591048
5977173
2137731
5881268
9850631
5182854
2652907
4463407
2401391
9882993
799004
5198288
9393449
5595287
4023854
8050837
2439439
9726915
7327440
2823835
4081655
8734979
9502738
890967
9823040
6007046
650877
8021595
2688960
4677328
6062165
803257
4931377
5956797
5599550
7939788
2851686
1116328
2952035
4161519
7050103
7718440
2914340
5516942
4947467
1649075
4025868
6064877
9838463
7893066
3764147
1428970
1031881
5817770
3995206
3241457
5071238
3952879
6400531
5657440
3839210
7555552
2773286
3284862
3703346
4759398
9621191
4741979
2562870
140957
6470727
2560926
5004343
143077
7332231
5232350
3420149
1471166
2195202
8513064
44772
5215058
7831537
6728527
519775
5784139
5291035
9818814
3268907
7203572
8783670
7300703
3519498
9108732
5411860
775012
7562156
7919196
717425
3532339
4194840
1897364
7647782
949217
8799369
9048111
5969147
5846440
3205485
4238888
8064579
8748357
7856097
758241
5305286
2321958
6768831
6914891
1443701
9246052
2569421
4819356
487286
4328557
4970312
4688464
8100439
6220274
3680060
8885117
8237175
6895864
6497164
4383755
2573578
9216262
7685261
6179227
4986185
9053631
322050
8172175
8556340
1640675
4266558
7087815
245112
4504523
2982305
5938083
8863329
1406127
5185533
8287236
2725322
2326911
2050996
9859303
5162664
3506099
4460723
4739003
3877304
9084236
878832
3428207
7075366
814198
446604
3008248
5720744
8813625
4987028
5887431
328908
4345722
5474417
5986228
5149463
7315864
7967592
6488957
3363572
4428828
176164
1659595
5130294
871995
4212243
466978
8879141
9286349
7488639
6298850
6697553
3632919
3329858
8189366
4295741
1044844
320454
2183973
4885259
7150731
9409349
364962
7146083
237354
7279844
706814
819879
4705980
7914735
9654589
5314018
8180643
8368809
8151153
2479026
9045884
2639277
4486326
1844640
1569822
4639375
9478048
6656082
7685759
9787831
6454806
8776416
2089755
9630265
8344119
1054082
9386142
5627852
3878960
517409
3905022
959499
5680815
6827399
6133928
6072665
4817546
1404551
864100
6858738
7506949
8383535
4850180
7677840
5277914
28231
4550409
4875383
3726010
7294300
2385730
3721690
1785135
9297069
7966308
9793891
6510819
2664777
222854
5927544
2571670
1354886
4006233
5915844
7589805
4149554
307842
9968281
6708673
6383178
4760548
8365057
6097895
2206346
7028407
9185404
7208829
2212901
505839
4348489
6109526
5072138
5637213
9687908
5052054
7307009
6855759
6323201
5810058
8867421
1967238
1514227
6036969
9095688
9834237
6565087
6873644
7486531
8916775
6849831
1490467
5590196
6539134
4783286
1870775
913127
7024826
3516957
1910643
7870025
4737466
817730
9114966
9261469
2129787
7362016
887388
851970
7920604
3065860
3699257
317455
2677908
5439391
4136681
2148672
4515142
2081748
7337829
8143941
9471463
2624246
5082636
9067376
4104866
2149940
3832658
2254105
2794922
3000290
782793
3707678
1321611
7325322
2289915
6845899
1494771
1599540
9962527
3281655
2015685
7301987
5224009
6406714
3714850
8034902
4889169
1867172
5558253
3727807
7490662
3532467
4035747
9329987
8870417
7682950
2120192
3693395
2085732
1130536
2491828
6618321
3272879
5869311
6512896
5491063
1576803
8838371
8137587
928402
8598748
1443958
2902049
8032290
9382769
4410266
6096247
9935019
4187035
3843480
3719650
4892659
1568263
1568887
6736366
9149896
1560084
5620193
362396
2852828
3191413
5750962
9584479
2870188
6624609
6849640
4799147
9895470
555989
1528823
2378050
4986169
9068038
9524286
9046013
8199843
3557454
8601083
1705674
340307
8245394
3620375
8714687
9784457
9258899
322284
5580038
4305299
7195554
4280569
3722384
4093374
8370021
8731280
3621074
7752148
2425428
5041549
4297288
3433809
9067556
609603
1187683
6056564
7930967
4519534
3966801
4115681
9349653
730245
3802024
5428775
8540865
4160987
6156881
5207540
7714492
3553408
1264020
2543133
4006209
6402059
8972585
2341149
1330890
751299
1138089
6340171
3233956
2034262
6405030
2258906
150036
7476239
4944014
3271302
3473020
6410522
9391826
9888913
8166524
5884370
6309240
151697
6425983
7414876
806679
344420
1935869
3073570
8950472
9582255
370707
7323317
2912682
2560463
2971049
3113099
6754416
9601808
7100596
6234331
9675018
8971635
4307809
6982617
1470037
5271539
4302403
9100048
4506175
8632717
5656918
3837168
9726914
4254884
5353548
451991
9058063
424743
5359084
9422040
178940
1124610
9288359
4147616
2858656
9043225
2053366
9108092
9363744
3923171
433780
1458295
6543342
7763133
2093672
6937664
2058810
7049110
2007881
2764973
1390046
8894993
8458404
5917337
1778712
2860350
3391099
7645960
2603161
5828872
2404542
944666
1422926
6493545
2848794
8919711
8118582
3992365
224162
9595169
7019178
5275712
7831772
6399223
5264437
6382369
2915815
4243729
6855623
1250299
3821101
953394
2804723
9561309
8460480
7426485
2355083
2339128
9805103
8962109
5115717
5652796
6021218
3214763
1672394
330565
4239724
4803650
5676282
3510631
7670979
2120291
9999171
415780
4183671
7401287
2421914
8480859
9666402
2638612
9043411
5158300
1835575
6023147
503844
1737072
2825684
3908778
4453049
4979118
8527195
4058524
39271
3783206
7470079
9729768
1503295
3506003
1000221
2316899
7373662
3677046
5364290
3406126
3892016
5205784
377258
9252870
317311
2777613
4046597
5140432
1791749
5236305
1891074
6313382
3947118
2825295
5333025
2237449
9524327
5048427
4562217
482196
5997508
5757916
3967582
8121441
6783581
3511315
9938086
3541131
4835327
4838150
1174187
5191523
6108974
8122231
7497999
7993410
8484377
5273811
7280762
308748
1945515
9923680
5412038
7304943
2490297
9400901
1905466
8923536
335684
261975
969090
4797686
6471435
8930225
7105513
4399007
5590239
1969569
1770185
4115212
8989093
4477866
3902525
3108010
9648041
1585283
7113402
7527230
5097565
8767924
4450069
1808622
2976492
2594396
8722381
3095148
4390759
8248212
3726237
313265
1907366
3398964
4664370
8848097
9636732
2024486
9579677
9896336
2237835
5330782
2169039
359257
4435304
6691976
3960185
5627021
7860830
2626258
5309262
5818671
7447794
131007
5705504
3542740
2294599
389325
2116610
6565768
9927049
9482339
3763967
381500
2544036
252138
3199816
4499854
9824120
4689517
8052051
8057480
4598052
1897402
1362105
4064942
5864524
8504194
1989095
7763222
3585528
6306102
1390904
5792817
4286315
1569300
6358780
1747683
2972364
4605332
4239864
3411300
3086249
8249630
9457314
9326971
8388242
2584070
7251442
2205448
9142921
4168245
5362504
998523
7384158
1918212
5967167
425630
4637664
5821504
6142085
5080828
7376972
9953320
1257945
1964609
5027874
18867
7684318
5197897
3778885
8860580
6893269
4947159
1954398
5583213
2928916
9971573
5694495
6245808
8917794
27014
7014314
6379207
8983716
8268704
5786568
7963059
3850903
5707557
6842598
1616312
2666867
264595
2128340
5037303
3048715
2110593
7787961
3614656
3193913
9331281
4107703
6424306
8044641
7277810
4493206
371653
4291324
6019875
80669
3462186
5103480
7118903
380670
6407464
306557
8743730
2790462
9751000
2877397
823249
8966508
4975215
7806514
992749
4370871
2413575
958006
2767004
7458745
4722543
8839748
5222015
6502045
9089536
1811911
634742
3958291
4632224
9771871
3482583
9403156
7333581
8077923
509581
1905083
3183101
3939300
6439964
4129528
6161366
3185887
5090852
9968388
7854303
8905317
9662616
4727743
6541656
2807231
5110039
8405228
9402130
9979237
2023604
9181020
6035227
6037909
9619787
166549
6885570
9233978
9160051
2737775
1022892
1735995
9923445
549411
5528652
2822954
5627183
8420593
6445991
5238060
3322746
1030763
843141
6385990
3617986
7936215
3679261
449323
4199770
4049634
5579607
9627937
1522408
8445194
646613
8742922
7069619
3872172
9192300
6326429
2522327
6818576
2379428
5186643
5997540
9375073
2362830
5027655
3539202
9258342
7651340
7498989
3935221
5431133
5173978
7634878
3502105
8073132
795890
5750368
4565431
4037608
741023
5040553
7038356
405004
4176222
3302744
5839597
4074398
8133035
8737660
4428287
1602209
922623
5910944
9896141
3683250
4942126
395010
1481086
6140643
8932090
1306698
5919532
5852528
1451461
7120526
2626148
479175
1719252
4975093
1702117
643683
8874198
1772822
8420254
73418
3382305
9974151
9844420
9145221
8992114
3393391
4250090
785294
6076427
6975102
4552811
2287732
6949039
3702060
956528
8874118
2224114
292684
1320810
1630449
7844678
3868224
8676508
6050497
5974781
9527396
4644247
4611756
5695652
8536430
4115318
5942151
3089229
4129304
6632345
306525
4283106
305252
8300625
7853168
5942456
7882531
7608520
7130732
5921203
4162376
8164893
3634641
7476397
7909810
8104376
6667384
6826187
4128558
1561720
473351
4960823
6378499
4993344
4272422
9020386
4140864
6411629
2117135
5458642
6847204
3530554
967514
2995112
1600589
8507720
1030784
9589290
7482127
3335263
6285675
5418774
5461204
663994
7637017
9819389
5740882
9399685
6816118
432566
177238
1773157
3634876
8292946
9152218
7346760
2395845
8685102
2244436
3746982
9821731
7745324
6936409
7875108
8000560
6930400
6247234
8560970
6011000
8438865
6993273
6222193
3784207
4885644
1907861
875778
6064563
2654198
8229086
7010383
4795346
8049644
8167901
6717339
6188304
4006889
6295515
2905379
3362122
7325303
4044168
3705569
9221568
4505631
8353222
8990620
6534915
9952022
7686819
3657019
9492682
7248248
2078648
6781382
4543098
9211213
4832006
8737683
1823127
4061586
4474562
6951392
6158089
5187858
690046
1655000
7238247
7491406
5149617
4514745
9250544
5811536
3359019
4997830
9960821
8924301
2340968
4958151
8427513
9366268
5642993
2340224
2265088
5811943
6923054
4802412
89620
5743215
3442838
3149564
7647072
8464291
3715780
192923
4173109
9577527
5388518
301103
2883003
2558622
9953355
3855117
4264042
2157487
2612332
8993037
4309236
2449339
5548030
8574133
5020285
4087688
209240
6616365
5353261
8489832
895269
9741847
433005
7649644
2866828
9460967
9667556
4276194
8159473
8357927
6596474
4323200
6019394
9462835
73717
8609556
4959413
3184454
8903454
2414122
4605655
2093937
5821465
6356701
2480915
3503701
9099647
374643
7684644
2108472
2995740
9765937
7745280
6771034
9184061
6713649
9462152
8693779
3074525
808640
3952428
6390436
8882112
9892285
8539335
2906526
3235710
4598159
4991795
3880440
9263199
3112548
7711835
2784636
3969224
5551367
4209143
3495547
4754830
6618667
100577
6862476
3787001
5395057
4458754
9261832
8678195
8350484
431943
824903
9551177
4254839
7844549
9540559
6641044
2003647
2462157
5871182
5060585
8822161
9113352
2129914
3677590
4960668
94019
2889105
1993734
7986589
5199746
2687493
4509671
5031913
1232019
64818
1144031
161109
583612
4541688
2125207
1949069
1897143
6338772
8533340
1531373
4701935
816922
3571128
2328902
8334077
3749609
1717794
9538878
2837090
5019552
7393392
4637536
1619034
8868632
9291487
1970804
4554589
8857996
4509567
7143005
8423865
6422549
9145545
1144893
5642217
6460033
2356308
4559195
8068286
1417781
808764
9834167
3438299
4974752
7825261
2176244
1226038
6426622
3271408
5455065
1703287
1210819
954178
5776368
233170
8988644
4851577
5172284
2623804
4613399
2582772
7209935
7348519
9489768
5953915
5315627
7031070
2618340
752514
5968316
6136534
6138613
5788551
7079973
5632536
4911636
757401
651659
9514493
4873417
2323468
8819307
5965057
9005382
7966830
2983828
8481348
9386593
5744785
1270124
4504421
8699505
2657012
2294557
4538286
5471868
3659326
9514967
7135280
4898575
9192270
2867225
1862360
9282120
9829391
2238001
5403660
3353346
8264004
3157044
1717860
8625521
1396536
7533350
1130401
4794969
3555160
4868000
8854873
6657794
7365833
2114355
5251901
7248917
4032056
2025966
2288139
9479994
2368342
1670472
1366646
5237376
4519140
2888061
5300561
9909928
9088167
2312566
2873980
3653093
6800441
3296406
8971149
4748901
8715365
5831626
402148
7512907
6607469
9821391
8399732
8141107
4568056
8027953
9231790
4036532
6238896
2798949
4535438
237689
3837307
1400234
3405026
2686984
5107942
7938984
2608447
280493
5834817
2806302
7433579
3692880
7967463
1146523
4515808
4536611
7082762
8151367
9060478
6459420
6535905
5119778
8544430
2322653
4406925
894685
5301696
5703972
218371
2430139
6227334
1075950
1176823
1462725
1795884
1541797
9619795
852406
2740244
7511057
5279598
1718984
7329237
7124985
6474796
5611062
7943380
2228691
3653128
3465419
6412653
3844128
1111473
5100188
8061580
4256282
4213980
9460000
3653873
2611381
3890735
6844759
2287631
3463714
3412398
6458568
6316058
1014867
6637128
3106150
8476911
2633231
3391732
8145429
9959747
1720165
6653261
1318542
1510911
6328400
8323873
9044157
991108
4870203
4784184
9484143
9299539
9382208
1526745
7368844
7337025
9613726
9528636
9387964
5247946
6788184
7006661
3040984
5399262
8080474
8894058
4335152
1570586
9176962
3922257
525493
9875930
6388301
7242445
4397964
9423545
1559769
1962586
8074526
699195
9507452
6159247
205404
7920675
1435098
3848995
6800710
1503367
8613068
6663148
8597172
1803755
8747578
8341719
8681739
570266
6436281
3532632
2579818
9612559
1533763
485568
6132061
32369
2710736
9153930
7309851
3199477
9744011
7032801
9296176
2977874
4087905
8775788
9393757
5521899
5626515
3503558
283587
5110741
3641012
831729
298666
8418479
952056
8787390
2504702
3519848
7086092
178100
7038776
3902142
565972
5150914
9693035
1935441
9720416
9442641
4184418
4508141
4987251
5999606
8880359
4084170
2305918
193016
5870339
3243823
7025088
496160
5417309
7282009
7543188
2172097
7181361
5647530
3977806
4974069
6621573
5160140
2518175
1983972
2409046
1858431
1237494
3856403
4223219
1920602
5355006
4295059
9140672
4947458
6016619
5725000
3510739
3511019
3238333
5633603
2381994
8424018
2166400
1025089
665179
708688
5530489
4506444
4112628
9090931
9522692
8600345
158991
5049756
9812730
4291608
9983460
4109208
2694811
9969256
1790923
5196953
1225428
6819945
9890373
2253949
674760
2676325
6778449
6436447
490725
362171
7680564
5904939
9055959
7839764
5811671
1926029
7603755
6052129
7465509
2316639
462719
6496941
7182461
7596241
3803687
6015674
2046715
8376932
5721987
854532
8363389
3045794
9879865
9006879
1552543
8206163
3548033
2416814
5434056
3183599
667312
2377847
8145910
8649798
7636884
8113277
9850971
108066
8406378
6820862
9073653
5286402
1978592
3835745
7526443
2355755
500022
8601411
7300888
8339988
7403689
6545709
9113846
8659121
5715742
1862871
763161
9815864
9897875
817435
8342092
2509168
338486
1232084
8621737
4558437
6818915
2034051
9424329
4968912
3256595
3072032
1531444
8576218
1139519
5688994
4354114
9322109
5167558
4515418
8114760
6501993
7808819
2019969
1735418
599173
7643031
9845322
7900261
8530306
3312788
4523049
1123804
6244031
8764551
6344717
8735559
6389547
1975943
8701319
471998
4288572
8861041
1549084
7036921
4198918
1702719
5778852
2974602
11236
1217965
6601838
423839
6922654
9207913
1660148
3213928
420833
4571416
6145729
521970
7331666
5699651
1022948
3765038
3688669
7193647
8428908
2776694
3873620
5588394
3003808
9572295
9282273
728567
6761319
285837
2376159
2624994
5837593
4410299
8297786
3661363
3815218
9787603
6765451
1407570
1672369
7170930
9209165
6981132
9078701
9353120
1318606
5597657
3241350
5140451
7445628
286636
81197
4878927
2753179
5046264
1779596
4386261
1821626
8694042
3471838
1304564
302646
1273984
3029591
3667126
3112078
2456761
3394783
58113
5492491
5338585
5329927
2470580
6011522
9066009
3625310
295029
9576639
8522217
6704727
6481217
3521904
6965902
3051478
9521164
6289738
331558
7411558
5563282
3251209
4258598
6905135
1990793
8060932
1086095
8570918
9979815
6541355
4378429
6263995
3969006
1531067
5823606
9257327
797368
8049403
527157
3497563
3478416
4636065
7022437
8944233
4923082
2804082
2968228
8397079
3844051
9836208
8965530
1945788
6589369
3029241
8001621
2678577
8283683
1711195
9872294
7752593
1648607
382178
30285
2871235
6505126
3146379
84959
9269357
2326328
8520134
8375678
7622981
5194134
3663555
4555097
3365517
6616931
737055
1798086
605835
3925137
9374650
1678826
7960338
4891886
5695245
7805267
3637634
6766218
3889484
4111455
1266053
7155408
4478853
9864296
425913
13895
6200545
5585001
2915013
4036463
4884952
3540965
1220056
3963806
9204338
2147476
7731824
7139168
266744
3813633
5606141
1186537
5497300
1058137
1644310
5182734
3104768
7227517
9364503
5034509
5501936
4903041
5896129
8382547
1790325
7140793
7630942
9355293
1196814
9673114
3001106
7646023
4873884
4826670
5851850
9372168
8739307
2104013
9616886
6207697
4721104
8320806
1925919
3174206
542824
4464938
5045238
9781334
8433389
4346808
9360298
3866718
4424235
4055402
2746132
6434240
7373800
8802702
7887230
2212715
8682303
8796247
3968463
1207049
9275557
2539248
4910773
1383754
2494342
9039148
5194757
7837110
9634396
2507098
5095419
8013333
1518793
9790376
2853809
357643
9624551
9690456
3959989
6493005
5022292
8146076
521862
1917676
9484619
957699
3164769
8813355
5678136
1371472
7236740
6583715
6995779
7998275
4838849
4689662
3322337
3006551
779843
6842881
4870497
8828161
2633911
4864559
569393
85868
901688
3970279
1605273
2562761
9528703
9475886
4133187
6381194
2221698
2542670
9492016
5478994
881923
5447970
8504322
669677
8965900
9401792
4171336
3827724
326159
5630852
2160353
1451975
7427880
4899581
2518049
2400081
939727
9667254
2677394
6653094
5581389
6924757
8933665
2232842
9484667
3642007
5980758
4084534
1920370
9326072
6654912
674007
3229695
1379845
4131887
5683832
5645237
9427027
3807493
8408991
9949622
9314740
6683041
3078300
7552664
9738973
3640318
889925
7953476
8365533
6632981
2845038
2966414
287779
7942636
4802613
4852556
9047821
6300635
9616505
7885923
8535338
4733315
4267270
7610366
8699527
2002255
5593439
2324447
5246271
2436112
943318
2925685
6790116
2082263
4308304
3051957
4524373
7117555
3423789
1835474
9477403
2941894
4014911
6052375
214290
4622953
9812987
1752771
5712384
6421806
2104817
3949567
9997720
6017278
6466618
2947102
7741326
9330548
5332327
9165705
3737320
732696
6458269
3973974
9515868
8169630
3178764
1153666
9027461
3430093
9846512
9975299
8689214
6939917
6843047
6972990
7260677
2731171
9269634
1660984
5932066
2719382
311675
1825210
4011070
9451558
304702
49251
7521605
8996390
2460878
3995691
6988694
6914577
3804467
760084
8442504
4924999
504397
8599509
5542465
3317709
2315851
4398945
3419712
5483335
6982780
6207917
6580591
3963545
1964993
4492999
4733700
2100041
6147208
1973651
8655301
7179946
8201198
5924825
5007165
4047944
5812418
2517205
8877084
4827038
6888028
5712396
6032693
5214174
8122495
6145004
5011859
2824733
4503161
8521012
3660455
4723713
4842723
5801382
3033052
6204803
4082305
3833621
2239150
7267570
4879326
6465609
156215
7242011
3250178
6005051
9296268
1366777
9619236
3589309
7303512
8701219
3816928
7881493
9670258
6838193
9077438
5130165
6713777
1675184
6015121
2369865
2036054
4163628
5971230
5419152
2179748
6730022
9706463
3884660
2276202
1095227
9223073
3561552
8223878
7363118
3018901
8300680
1277951
9455643
7043600
3089384
389799
6013923
8740432
6764292
2177895
9740276
3030025
5869747
507447
3824829
1736054
9286514
1952184
7339346
5158173
5095520
1662528
6496055
5325484
8748234
4096036
5810449
7202080
4950540
1702353
1896156
4027780
6683872
6910799
1722802
4953182
4291135
2699313
6611
6534558
7878978
9233755
8183386
8098750
8091598
1185927
8961614
3877534
2861366
5114441
2609071
6038101
3947675
9821449
9307434
4963690
241498
6327108
9290113
1276310
9637981
9804336
8462597
9336032
3582455
9826539
922111
648926
3364293
7579603
4074167
6544627
706415
3696775
7876291
3070661
3703638
5738271
2794291
1289705
9466063
1635992
2210232
2196863
2812711
4678582
2198554
9802032
7041536
5829966
1597337
9184583
3442310
5088273
429832
1609997
7357378
9545873
2982877
1951911
9876276
7697146
7643553
1756305
3110851
6537421
3213245
8050636
6666810
6862125
5412784
4430533
2300457
2319794
5605101
1254040
3020555
36409
757747
2372950
8895699
6497492
5440702
2292617
5510928
2220574
1056399
9174620
9345679
4551965
5379842
9110280
3432738
1272507
6315611
4457002
1310387
6297740
4642827
8252554
5785437
6294456
6605590
6652136
9241434
4611629
9082023
1312623
6457282
1856532
876228
675311
3264001
8680122
1134490
6736630
1711286
6456163
9559676
5754040
9732379
3122633
4051026
8297003
9009085
8963260
6467410
1551654
6811022
9749024
8497930
2767063
6021023
9044040
4071223
1887976
2868524
8543763
5227862
3608635
4978139
3299949
4404972
1028196
5187164
1017542
7958293
9870349
5634320
963209
2645373
5770454
140555
4318015
6732505
4510636
2712158
3042903
2752410
4726782
5017233
8457398
3857949
8416416
7839141
8308534
1996610
6500736
6148991
484199
4200551
8480601
9644316
7912619
3779192
3677195
6194281
3866399
8858819
6175987
8914406
9326353
3178459
812503
6431999
2542868
9510654
9808427
2956987
3040154
3606396
9858966
7581689
4464551
9051750
7694108
3253177
5603671
4257569
7208891
4495700
3014317
1081613
3339923
969672
3003909
4429085
9321082
6064767
5237366
2768640
5150612
3924050
4984691
4335684
4248895
4564931
3130150
4008061
4139871
2526226
3920589
3082301
5217341
2107429
341257
5635745
1391376
9756032
4747508
2308405
6551673
6816776
4671169
4338874
3993503
1083760
3501461
1328433
9582795
4224771
1321748
1922997
833266
5918416
8340673
21628
1804394
8752352
9030142
1584705
8448522
4505460
409220
8004996
8376790
2606684
4419743
2413768
4711522
4904304
3197766
9955372
5984841
1516197
2212385
1401887
4632185
9338374
4420605
8108506
55803
9997285
5485808
1704716
7455714
7936277
94438
4077250
6937402
5785569
1770526
1136934
3867137
2104537
1508603
2799161
4257220
4847335
9017255
9653952
7920623
1571308
5760858
826782
2953894
2669145
1771245
4197044
185282
8459359
678033
3883561
906120
2298361
8821013
1461734
7758190
8950841
3142675
9014824
6361253
9990970
432010
6639622
4795057
6946962
1674522
1873484
2029204
4787288
8050424
7958637
3427134
289786
8690268
438332
6747978
7241585
3472579
4647421
700570
2013271
7776262
747179
1706229
4132632
4763301
4233422
7393644
6808264
8915466
6597685
9024113
2329046
5157175
9637820
7884788
642918
3506466
6878671
3068875
6796362
1349361
3607046
3603403
5413803
366630
2500139
5985834
8868478
2453716
8622550
5597091
7517193
2500249
7811766
7552938
2564972
9778705
2841102
1714085
5463105
6865248
327492
1046048
1203242
4663716
5611958
5040911
1831871
5753892
5154977
3410861
625189
8321577
8415182
4699156
9977808
8054622
7034978
155613
9951404
555488
1369966
4495083
4325639
7428962
8342471
1981140
50161
8666300
1777467
6103468
97899
9278976
8141627
7369787
3145784
6854252
3646939
2832604
4371595
3080714
4001283
4013812
4231398
5227078
1904571
5582092
7059241
6371432
7733432
5151596
4262545
8592031
11778
969182
1743447
7466564
5888065
3006053
1530999
8264065
7560207
5713294
6368995
8915972
3484207
4759909
1683934
98412
249590
4595402
6371448
1092159
1151479
1635239
8452910
9686758
2786168
9190092
9108292
2692408
36590
1590278
5189680
2769363
2485592
7404531
8128313
4455068
9219089
9543495
9937433
2071593
5619255
1465687
6952301
7166706
8745532
6507558
1625497
8414207
2150838
7698235
5165368
5150786
1992518
9186787
333790
3496120
2420877
9094897
117175
6640747
4046651
347753
1882173
6946077
8542000
4972971
7274475
7379076
408263
1313098
7369653
2845141
9189004
7900141
5079766
9602858
9180408
8158731
635547
9365632
4493721
730033
8720277
1064467
1788640
6468447
8687025
4734233
6440152
3853317
7163293
591023
994305
1550704
8531841
7982009
9429366
9645654
859621
7783602
6813310
3065887
4625080
7353207
1708676
3259330
6017697
2844018
6788696
5623356
495229
5334388
9365039
7217509
2861186
1969116
520199
7787966
9681015
9325844
5274473
4847046
1472603
6547340
176928
1102151
633872
7551149
5880374
944877
9456065
9870940
733651
2842320
7022332
660563
8634425
2090329
6328428
2958478
9949714
6200704
8036808
3908718
2106724
1876754
7810049
8339335
5672626
8700061
8181310
5859167
9937766
3229547
3872351
2750395
3798587
9343973
6005794
1826514
388390
5012616
1277575
131372
5343675
6370231
1447025
198088
4809085
7010138
5909025
4292478
6328225
5915397
996997
8716555
3603611
2833732
2642930
9938884
5233785
3148904
4293265
9292904
3662662
58861
1843556
1985670
8437515
208624
785168
4939346
4747357
9520334
7746504
5434674
2159727
7909840
5203425
3380265
8543462
6856260
8219389
1220082
9947164
5505573
5606503
3724804
8378403
1180526
1297315
5828923
5761689
9901146
3600341
9870290
3443753
8039796
6019348
261787
3163673
1762854
804091
9197644
9077543
6327436
8680094
3972134
798698
6587028
395124
4932338
3438704
8333889
5339840
6674147
554813
3947787
122233
1021615
7255043
4227581
3370106
7804194
1025336
934358
2931272
1203952
2459088
6040162
3799935
3289777
693818
2442604
2972854
6999469
8407605
2842457
6321467
7880284
9549922
7922325
7119015
8624864
3787939
6820236
9696271
3176415
1589040
5829061
5366233
6720498
2181535
3912590
5622117
7649116
6076610
2170102
3361056
5212073
5635555
869663
3419360
8244952
5442700
8828444
3548565
3121955
9023545
3044448
8347595
6676524
5696442
824031
9329956
7978522
1895082
9745585
54254
1375865
6786090
3613185
5907426
7954192
7423424
1112309
8539648
8242194
5848522
4861435
1138482
9569625
5575741
6013586
642655
9697003
2464995
4248351
3809927
7356928
5486110
8960078
4635424
4237881
9886964
5094315
6319801
3385900
8044489
8166974
7271090
1800720
7406595
2029520
7020865
2599445
7013945
3740991
8708441
7398355
6698759
6853367
1414680
5880811
9605647
9053042
2738228
8787033
4890557
1794895
781333
5482491
8636584
2892157
5494367
3461362
7772406
3032232
3549397
3312051
4001201
4162850
4188553
5261453
273930
116828
2711843
9807817
4608724
5644287
5909449
230331
1579488
6720631
5270264
7710812
4851110
7040208
7662847
7855762
1834154
3382774
2409779
9443583
6881581
4414231
9778664
5535048
94936
4271283
9176380
2298987
4897280
3419840
4931800
5134077
2352667
7986816
893827
9129501
9441890
7301183
9716248
6541674
1410378
8046946
3684104
641814
7127471
5984040
8324713
5697116
8599933
4925225
7498859
4005822
2177412
3273954
8407620
4826789
5178976
4944128
850750
6925746
8657511
3210936
9998076
8329902
3023810
381497
4029956
8641112
3311798
5803360
4779747
4823942
3197022
9307445
1422836
5750104
1461777
4814992
6384737
9343908
914789
6503448
9378679
8099618
4728477
2773809
5337514
5416035
5224126
8918530
6486847
9102727
1959455
6569001
6753139
2357571
2888199
7685069
5876479
344726
2281308
9204245
4745749
8028028
4589530
1827151
9502397
2320911
7301191
5154670
749394
102093
5441588
7552286
5641768
3465529
1576824
6112923
3379232
2917616
2817337
1847486
6751026
7569853
3305749
7021311
6751112
575337
8475332
3706554
4357821
7427417
4868537
303870
2068901
8561018
8217876
5902079
601745
2391309
4947664
522047
4537993
1492156
9255242
6993107
5829758
1652190
6201859
8769027
9759183
8083257
2861572
3454207
4425913
6587527
2757526
7136752
9910123
6600350
6118592
6643613
6004269
8400084
3491997
7481358
863185
8475734
909272
2088727
5445537
2024865
8183020
3756770
2729043
6807085
7751982
4268363
3225410
9397261
3667521
1924507
8845452
8657594
5893058
5397762
8134566
5649495
1676532
9795743
5618607
2236192
2695606
1204116
3563764
3751034
8438673
9409254
6515138
9483558
7505799
7501892
708852
9220783
1725751
7261650
7007757
4292612
9551052
5306214
952936
3097556
2038735
9921159
296754
2332459
9783465
2194344
3474885
3646493
9534480
5284677
3453982
7519851
674012
7355086
3880138
618336
2496244
4382088
8767947
2395844
42190
2436146
3033554
914460
22887
6459355
3006269
4552457
8288202
6429004
6813690
9271511
7561379
7982506
2064837
1424122
8470889
7513403
9173901
9594018
6490968
4990076
4366774
6980077
4667260
5067365
3483109
2540422
905105
8132201
4064280
4108725
1536785
3153061
6767761
4005859
7600477
9832455
8429889
8788007
5452121
2272374
4548743
649231
1249636
5697131
9088125
1754892
7834180
4667441
2894589
6100985
516800
7697033
2630523
9911557
559
3296327
3045207
8684000
1728201
4070250
1475300
627501
3894905
8563015
4879961
4138244
3753846
3742091
8863519
2691018
8195395
8544200
2148157
3923304
3328341
6059097
3280812
4181309
1026175
2299649
3737342
3976742
5776857
4061104
9780565
9665033
6080129
4190861
6201061
5377321
1073936
6926020
2538763
4962229
7400843
6095578
8203613
8508361
5262804
7313355
2130000
8175769
3510220
5134206
5656573
1258361
6733637
2726946
3822363
2037538
8921666
5423955
9650062
6346275
982478
8967865
8494149
2799661
2903168
9778260
7227123
352202
2029751
7209092
2719973
6692986
668303
9263070
9617947
2957064
2710398
3282223
3152190
8032134
3300523
5486900
9412480
5250897
3308890
4661228
2178084
6179215
1243343
7907286
2376470
7980809
6585539
3333107
9263278
6558287
917636
3677840
4676221
6113883
4418661
5199894
4391842
399799
405073
3619430
541741
7974161
5633978
6990800
1463443
8651981
7777063
6232743
1512680
7042391
1812420
5124724
6461530
714817
8267240
6938538
3913614
2815193
4438774
6293245
2010381
3823827
8991147
2134942
4694446
4590246
7993840
8824613
5392337
5135322
115019
8053018
3753475
8539310
1443014
7301816
8642392
8479515
9415345
1872068
6837913
5375693
102617
9634526
1562960
5475536
6568052
9301491
2057020
5897989
5077224
3254750
7757204
133438
1560252
8773990
2278800
8540263
7559900
7494538
3890617
6381024
7381575
387716
3479201
2392460
2500498
509680
8466551
9473751
6181050
9633673
6526978
6435147
6166173
1744702
5927544
7537220
6359883
797960
3379912
8796110
3009056
346140
7255368
8078533
401435
1496982
3642108
6520708
6578675
3705691
367548
2530840
2632659
418175
1607430
4404960
501227
6206304
8477124
596952
5683375
4923643
2152274
5258443
4319024
8636628
1409403
2492796
50638
8651682
7630638
6397368
7691001
9433899
7510755
522346
989476
3215587
3054132
741158
6946380
3262956
4346054
4893159
3194320
5808478
5416212
3403985
1999654
5299332
3055387
36744
1496814
4401037
3360846
8559497
748234
8686477
7934444
839364
8166239
2239648
6389379
1393187
1377720
8601303
7260072
887964
1128355
8468524
8682953
2660083
5230748
8041594
1543406
6147700
9050336
7068754
819634
3077387
4092295
1839792
9091718
4350876
5405347
9455161
2015894
781536
8466987
6461296
9416789
4487857
3415843
7069431
671580
2013414
2110035
6206335
3800500
3916188
1307062
1915885
6061052
8318387
1359959
9095948
6707134
8962325
3451865
5480754
3590436
1655780
2601408
2184453
6303167
3562423
2495546
9230944
625893
7927936
5609178
9302629
4146478
642196
1246205
8785351
964532
8477698
4482639
5895823
9648241
7621927
1480085
7422443
2428477
2481942
5515661
2088304
2566919
9693624
8207999
939695
3607577
6190384
8063002
4706303
7581828
4754480
2087422
673506
8633280
3123624
1261273
5176024
4346271
69044
8706211
6967958
4722329
8855084
1378588
5665716
9625568
5943024
9511995
5851703
5470706
46544
7891427
328613
205326
1862180
7044186
3921265
5649797
8853662
9355322
746194
3052327
7589875
7884193
1030848
5064353
9899826
6942840
6037592
3994601
2830257
6124546
601494
7075172
2851606
6283756
2218828
9954460
1519537
1307952
453738
2743126
8147752
6314416
669447
4909538
7847876
7912489
7374341
6748574
6973269
4820825
909237
8401624
8998218
1295710
5722386
8337818
2175396
9795434
7513692
6795059
1446393
1433886
7701886
9876654
5031348
8050014
6319484
2282777
7668514
7599222
6376149
8955381
6025397
5065095
102877
4474510
8162745
2690820
7115291
100984
1941095
555182
9664042
9770418
8319174
9255790
7165815
3295379
2398919
3131843
1597102
6233752
6764605
2748944
2010521
8807520
5247871
2104134
3693921
4740834
4729895
2684265
7526515
1198587
4294518
1183540
8907109
2861658
7618052
6417669
1450717
4338054
5485817
3953607
5423394
6219404
299026
422162
9616628
6887176
5442123
7669022
8897792
9855362
171021
4400572
2725073
8192363
4561178
1577709
7182524
45643
9885235
5663686
9208422
4070038
4737673
3994220
5137437
1290277
8184513
1791947
8354402
3393948
4727554
1640683
5861957
1515368
2473058
1567191
667931
9829079
3308741
1502339
4804811
2840553
905235
2221523
5685289
3671131
9308228
8641447
2247575
3816936
1041016
8417914
2386829
5228879
5152769
1599319
7805628
4403507
5401871
1853796
2865241
8604536
847191
5983639
227744
1517755
6010902
2071541
5933736
6347538
2375643
8934527
8243075
1056993
1073985
2271190
2074271
1642512
8628952
5434346
3795760
2554609
9227260
7536470
9232345
3839455
2735596
3826665
157438
1689956
4055966
3316080
3321156
2762096
136167
6946296
3515429
6828660
8029714
6696096
6697480
3165236
5616321
8766094
6497187
2981016
1405599
4864428
9537847
9334363
349129
5823148
8583426
1907482
4819363
5914613
3294920
6246382
5518503
3008483
7029934
4307596
5867051
2359137
4952629
7060530
4664075
8671146
3615978
1732101
5729146
7052710
264374
7933837
2775239
8805493
1309940
5388242
521081
8099518
2540441
8576544
5280551
3166359
7155776
9084624
4568556
1901936
4822690
2686054
6974286
7749125
7353558
9797202
1537759
7488373
7114398
6163551
2631496
1618581
3843211
7321439
3413326
6304335
8901141
5597103
402008
1339585
3011299
1173249
4609320
7731780
462698
8803725
4073712
78801
3576997
5145187
8761227
1717126
286966
9568092
1944502
8708952
5942670
2632308
8231922
5185949
7808481
1405948
4137218
8320615
3498349
2541606
5916404
7653401
9065662
5804576
3930362
7426017
8498746
1601308
5364367
2619362
2134748
3177267
5337269
9630152
370768
256570
6932399
2586458
2335543
1986339
4141453
6943005
627214
8373688
631
9470749
7714701
2328651
5475894
7724444
5723896
7565425
6856732
5362302
3405898
4412342
8417740
1810783
2119061
5361755
4694292
7071339
3380504
6208788
2118486
7424844
1312603
5716180
7974337
2043413
8691629
2091456
7785535
9801933
1367178
5169956
7420573
8876802
6742725
7214133
4074271
1287113
5706266
3435454
1028206
8677386
6086298
1522360
1849704
5007558
3277001
797886
6866191
4808119
3078605
7783124
9130303
7427163
3219505
411373
974935
118859
7041
9124393
1994127
9445650
3302149
9764680
5123446
4171118
1462074
2258372
5861566
9114237
9344067
5077805
7869890
1539132
3291960
665110
3901184
2639603
1100915
9607111
9274205
452570
8069926
8158320
1573712
4717939
2307242
8145297
4028142
4175897
2134688
5206139
7398079
4468612
9058787
8786345
5034237
2101422
8837346
8298199
7671929
8397601
9136222
3804660
537475
5513902
3225478
2619688
7578095
9191721
7526499
8654586
5905001
671632
6717155
3271174
1961547
9341904
9883152
6915790
8421364
5169381
710558
1297153
9830786
5995663
1990494
7828754
538745
9236346
1962598
2137740
3044296
4641476
5008031
6446198
208149
8338546
2137436
5828831
6928833
6334862
1859854
5727558
6712382
8549437
1488809
645547
5489136
9844519
5445852
9151121
3734511
8540315
9758472
2245448
5840422
5786329
1795554
930048
3507613
8534679
5587737
1788582
6030380
1265516
7398373
699593
4671668
3196260
4889588
5130443
5417924
6032733
4552923
1363634
416214
5255152
7550169
6226848
6306194
9041347
229139
3477438
2880717
7980294
6443004
9857811
4619891
3990437
4225130
8567739
1813744
4265364
5861346
7398165
6685059
7590988
6547103
3773800
4393634
4854119
9069056
4155447
6860825
5392355
2124782
8159024
6777229
5062208
3890225
5733899
7247514
8379004
3459188
9803312
1731614
5220570
3596793
6550834
3840784
6859857
2850716
7663722
3609732
4077364
8752003
6174494
8082235
3327923
1543649
3927174
4567968
6689519
8676284
4585295
2376309
5915918
6056978
3120051
2636404
3331102
3712660
5824555
2204338
9338286
4584418
384327
6291233
246775
7876878
9870143
5122050
1325586
5986743
8365501
8825380
374648
9958971
244692
4591205
9490112
4142794
5738431
231941
1066487
8145897
1985075
8585676
7121899
8520412
840642
3304524
7837493
5445274
2419830
778201
1787366
7192208
4040531
3853755
4916309
3760341
3562270
9430706
661198
1631836
2469384
993310
7457654
8877076
6703565
9249319
5004333
6013238
8445130
3111242
2348035
1494798
3204843
64378
4903523
8334432
980310
1085913
4437436
5206653
7142510
6159354
788893
4681382
4097115
3384015
3360764
7826887
9361748
9961222
3755962
3002605
6054892
3905692
9743567
2871655
7745611
7382063
3372188
9976972
9956713
9330491
949046
15298
2993512
4670935
7139412
6313491
2443897
9319057
9260043
8954782
8892474
1607152
8838228
7024347
257925
9973490
5909584
947693
414049
6865732
5427602
7554047
4307381
9378919
5711205
1527361
5772235
7115697
7482428
4456210
9657704
1607442
4799577
4728324
5878913
6210335
9959589
4228834
9381679
2792038
2798055
7704156
1544929
2187668
7944627
7647536
384262
3499617
7401811
3225761
5604004
9054913
6491024
5733125
2569777
5327606
8706012
2927157
9692424
3059809
8282468
5199382
6868823
8372542
2534116
9064762
3770057
1843264
9979156
9704663
1789288
5572738
7806582
6792498
5424063
7978530
8670353
3159018
9513915
9786000
5406070
7890163
257731
8594874
6091676
3422190
9334960
3568005
3714570
5604725
7005426
2447826
703831
3256172
4974215
8259142
8519490
3374415
360369
1153700
7036356
5997183
3858858
6713035
9578218
1176760
7008895
4466570
8142428
3226411
7338648
3299059
8936223
828485
4114430
8480235
449183
2716936
725043
6290955
1812093
9783958
2532779
1814521
4951744
9908017
7526972
9644618
6833637
9160266
6355627
9629219
2444017
9536920
2812685
3255740
7799098
9701287
6225896
7236755
3461045
7438092
9144821
5237996
9318967
7822784
3311181
3324255
3267716
307782
741508
8866569
8591664
602526
3867002
8904058
1095522
1127325
940478
6061818
5977415
4182447
2736083
6220432
5884235
830441
2167588
6902397
7799476
3228817
8394978
1063517
3043322
1002770
3038146
3327624
2707260
2538402
6579074
8853205
3195978
502898
5117806
4658497
2752080
4597526
810170
371244
7393850
5620115
3703072
2213129
5684823
8968957
8056128
6883572
6116104
8782187
1997172
5793443
5155820
678740
1246168
8305859
1990584
100978
5097387
1356441
7512625
9818875
7806578
2930735
1245839
5049646
3322362
8337763
5511342
2070845
3532276
4394345
7950531
6951425
2330568
384929
9623020
1247014
6128992
2412278
3264942
4567698
3191271
2256769
2440501
5185764
850441
7952057
6505353
8433938
6620296
1378878
2671636
2028648
9535036
4138904
1917148
5251658
1977822
1248826
727013
5097943
529001
3714809
2642374
159528
778790
548532
8118920
1708174
7183316
7049044
4187638
925126
7942948
1905691
6730634
1765540
343073
2331836
8665901
5990624
9700979
1345915
9992724
1522710
7801157
6678078
2754446
3181000
5779500
1507962
9462743
3079786
6000706
7749167
3313778
2951288
7058945
5660389
3788685
9427592
6947096
7461532
5631213
6909150
1390181
4972127
8525718
7600575
6639989
5946023
5911462
4981494
4151491
8448643
1932635
4033964
9788044
2997610
1862141
3193917
588063
7468905
3094281
2894629
6712948
218346
6641021
3323885
7161441
7254378
6506326
690830
9997938
1099059
5563312
4755867
413351
6937871
7406017
155916
8747623
8865763
1866104
9460949
9519940
8678421
6936609
1769200
1179345
5806196
5599872
239820
7169781
6473628
9001718
5950562
4442563
5235603
3477254
6578387
4901367
4402149
1950564
7911809
5039392
4474895
7518621
3067862
3711299
5156893
1196693
4088336
8999092
2338749
6008819
2760110
3979066
6733087
333885
3429006
2685392
6067882
35185
75772
4061279
3692125
1853422
8412836
7538601
8711057
5342188
3232150
8889013
3143135
9263518
2049279
2228235
6469489
2510632
2268213
6970631
469336
7180578
6976389
6241438
9495522
7729529
1638274
4974776
9594097
860350
5833480
1958752
8478045
4665033
8491340
6243717
9675487
1894731
6020373
4739580
4081192
2428098
2589875
3843440
9897791
1677255
8884511
8047913
3221078
4393827
1366903
65042
2456962
6265129
5258172
6659840
6053594
5330989
235977
9964419
8802146
2870102
7633038
9881571
8516287
1174601
469179
5789523
2685842
5302939
9360388
4421595
6894814
3326524
4577834
3451826
7549613
3326927
9617057
8313672
1779103
1921226
6024422
8200312
1650810
643692
3710231
9708203
226544
8563118
9351933
1423843
2082732
5064842
4381000
1626402
224333
9240498
9676860
1932493
9629125
3059822
5198374
1378606
609295
7485192
9696487
5011159
8482208
8407266
7105953
3352664
5586317
762921
777844
9685142
1532409
3298133
5902681
2098964
8203531
3117599
7894150
6213850
5585923
2535387
691044
5648419
6470324
5419318
356091
8742261
9959112
6557116
8071825
7916503
2710995
3488002
8672017
9408155
7035301
2222631
5609519
7768476
753711
6236260
3224478
5445307
2794720
250005
7849025
9715562
8674805
2769618
671018
3325646
600633
9603132
3885464
8743109
2569971
789408
6188318
2311721
1442588
1994203
5749598
6224635
6024660
6401903
7376641
2277252
3957320
202896
9026541
2584189
8373420
9793759
2466034
4772248
807976
2542735
6580929
7087623
6467507
8642935
1532470
6662484
6237424
3798699
37052
3061785
3152012
6624885
5446172
5711604
1749
7992250
9813462
4612411
6055398
1120052
9304604
9119375
7697869
5689528
3982728
4481019
2631082
8459102
2461746
9466281
938009
2139744
4933707
151405
3270642
1350847
7738659
5678792
7693455
6580111
4140014
575132
6487879
7502989
8838891
7212867
201241
5573760
5365359
7114305
5237675
1422194
5911922
3856111
1750669
4056693
9094945
125957
896815
8734549
1961754
3145501
8601809
3402855
2462681
6377814
9155139
1655576
5763952
2275765
1166010
7642788
1753632
3451154
8056185
7446499
2794055
12122
626691
9487415
9208375
6261500
2606769
4179234
551326
704644
4417003
8673108
1001079
3283440
2708891
6255348
6990814
7086533
680459
8587333
4302408
4999452
1706642
8541258
1874509
5628014
2885357
8610218
5712850
4602186
1688113
3299487
7861511
6425213
9505004
3826614
52927
3387948
8996088
6920193
9194293
3797908
4516415
713633
872461
4045867
8474754
7361884
4372801
9508323
9042972
7303232
3617790
668236
1987964
3824649
4506328
6250778
4235254
5280637
8774596
7226222
2484736
927571
1474296
8668386
813487
7578515
2875827
3998604
5465852
2530911
4978864
6115267
8265435
7863240
1746665
1256856
8603368
8696009
4641231
3486993
2138538
4227705
556498
3502828
9791162
1766856
8466013
8349718
2869081
7394349
5680692
1599181
4534402
995998
7938812
3806074
2056583
5978041
2099664
1719795
1328614
5251858
6014372
6533554
8311605
6873302
2710354
8994625
8824709
486173
1672531
7963603
1236122
5908878
2659430
9526248
1267489
4166716
4536554
6962940
5068394
4815284
7168925
1713748
1367299
6450263
2245613
9272203
4766594
6281058
1798416
9603470
6654233
1221490
6266149
2882207
3345544
6276619
6966964
4031387
7006501
9032145
9726328
5963548
5205332
4379505
4437007
9827123
7495587
5621936
4137923
3532430
4051226
2065760
578223
105085
590186
4261964
3845666
8407544
6631468
78812
4103355
9149022
6541499
9607174
1466683
455393
4150131
767357
4929924
5162422
7877017
9136383
3665606
704210
2381974
6341815
8946946
7396626
6518400
5294932
8766147
2878064
685642
6969332
7753364
2832395
9802190
4414369
487596
664468
9190655
9386205
1669886
7686909
5578473
8453902
3157149
8710764
2496418
122468
3842575
2795792
3674547
3073473
3543185
1138161
3804863
3660797
5841792
4672553
689254
6216884
8757946
8011167
6949980
7776621
9868540
7356257
945041
8190022
9785424
828108
3434592
9634247
3716506
5897686
4533469
7545974
8253295
9888387
4572045
3548654
357916
5077594
5384990
5251738
3227476
1445112
3822810
5674677
1828997
1532319
4333261
2323864
1101407
5027775
8618382
4120431
206771
1800467
4947090
9837825
6513051
9702266
3815496
8346368
4132324
4447959
612569
822060
6591788
8981504
743075
8805012
2069125
3654041
9427231
847653
5510063
5863813
184285
2383964
9413674
4182408
7869533
1437231
9191127
6194985
4392972
5885315
3219144
964145
6574935
5482036
7907468
5780813
521260
9294953
387525
9084810
7329341
6950092
7414119
1122142
3333939
2750983
2688311
8629361
3070285
6242967
290820
5433354
2209196
3158333
3084914
9845123
7463579
5454723
4082154
8798123
3772644
8789274
9058804
7079944
4062263
59814
9378028
6348508
3499085
6244908
162723
3198011
8599766
2882542
5074327
9036415
4094312
9908652
6203198
9986085
6646300
7976675
6535124
1469606
8589490
3545020
1027855
8168800
7158935
4613141
8300486
6845708
9913854
982354
2145775
3020918
4250742
1199016
7099088
7374576
8394026
8852413
9507499
627344
2752311
463043
4865733
3687157
6075355
6411934
3114677
7756238
6540075
2609003
5235221
8070921
7943902
6131989
7520229
9801796
7413151
1882770
6303611
3652361
6268360
7338555
9698687
3268864
8764444
6733712
2787052
1385194
7046509
5801241
2017410
8916622
1065649
6094349
4775984
3182995
511685
834417
9957730
8763500
1047073
1864586
4863134
8904089
6204589
4065609
7787340
4935529
5433179
360
219926
2910743
6831515
9050719
6365905
3759703
2554943
143176
5159319
7342905
6683986
6025780
4860538
7154992
2282189
1622485
1300843
3165769
5137734
474430
1328463
5517388
3564962
4735897
9910525
5088619
89184
6804086
3157915
978272
5946251
4286341
110382
5811439
1162397
6403472
6598951
4463311
1349544
967516
628714
8024636
2606779
1069045
5583722
2425103
8277850
7069061
2563635
7725278
5168184
6095013
908655
3105114
1742307
6490283
7001922
973212
8263403
2070097
9361307
6201404
1086610
4371781
1043414
4519513
8379461
5779472
5346377
7889035
9562612
5552127
4754628
3929263
1346655
8417724
7404900
5856025
1580244
5522613
3282389
1190381
6764594
7456879
5932862
934171
4920120
4782031
3092812
9075506
7910541
5954391
9842323
7035325
1885674
6532547
5904996
8570502
6447833
592966
4404951
2540266
3642280
810364
3185184
2522174
7919347
5481551
688983
4636818
7124843
8422311
5674967
7910077
6518177
2490581
2701296
285986
8541553
5943838
7453552
5718618
2906198
3245542
24166
9831360
6817105
1151681
7507770
9924230
8834165
905235
724066
590767
7306048
3043619
9160874
9289250
7722780
8442778
4091700
4614172
606679
4750230
4361442
9847559
106226
2937102
8162259
4928942
3554333
519793
134873
4710265
2362980
9089773
7440674
2581589
1060892
3027803
4971013
6485544
3561904
130873
478760
9680757
7056438
3785700
29482
3844708
9294780
5403271
3670441
3040287
4775869
145723
3720923
5359443
775922
4057933
9802371
7506659
2841654
9299831
4179733
6163599
3698915
342870
7757577
2048280
27227
905669
9263179
7304270
9893209
5897665
6959706
7952893
3054681
2867259
7416751
3212120
7184472
3233001
5220797
882264
2215133
5064537
4237169
9779107
3011083
8254318
8468692
5818824
7845281
7909119
6187287
6117352
4582294
3117852
9434438
8172860
5208071
4733179
5186532
1295793
2632941
680616
8268888
8606128
3998097
62657
8395085
988644
2214451
8055280
5362302
440310
5238323
1510571
2422281
8333698
6485329
3096371
3608795
5258138
7238855
2678447
9968704
1063315
9992641
245335
2779030
3418294
1150151
4240935
4554753
4040890
1350691
2189626
9079693
9729698
5109939
65356
6847851
2258102
9021302
9316366
3063849
7903795
4375423
2242724
9003836
4330552
3700994
2636434
4490576
5361815
4254768
7060801
1080770
6551107
5718650
1328347
4922860
5667501
9573485
7597240
7807376
4981468
6273968
617724
5407361
7130031
1749790
5881176
1447450
5699097
5075658
9103627
9088354
8406673
8882426
7375871
5344373
6918550
2376256
6612244
2451176
2274196
7133808
5210866
2695986
9822148
8911829
2478869
2985123
8992686
3563488
9309339
5846085
8486068
4974297
3890838
9616117
7741134
5063153
3325716
6669841
4861962
8770631
9075498
1089198
5631234
2370163
5650823
1676570
8424393
1237148
7446610
6457037
8027126
6438354
9304845
1963880
3281176
5968458
6561338
1308470
7296321
9992610
1045738
4970423
1610869
1474051
1423798
3811997
1346403
8939181
9133029
9299938
3010060
2047911
7818835
7552336
2125881
5052374
902511
248711
5119464
2422165
8073673
6886866
8789488
9150850
2549298
8456204
7163449
4952337
7095771
3050136
8739769
9343549
604873
3306590
7111785
3215021
3032709
8667729
2716355
195194
585843
7064005
5499413
7584534
1262834
9971961
7316979
7406877
250197
2785078
3858356
2001989
7666463
894328
7928097
6575930
6933912
5086071
2373605
6485176
9095517
5389920
2104461
199755
1750374
5950622
4872471
9444310
9317704
7815626
9660508
1028625
4281009
175178
209073
46439
3785662
5171056
2630397
605660
1542588
5049780
8349036
3242060
4483839
6809676
4758203
3791723
1241649
1649778
3733799
9314609
4663381
5314568
7910786
8343924
2681104
8195484
4773818
9794175
1847446
4281300
7342598
8121965
5725937
9425101
4560693
6878811
3212778
9835795
8729209
6001465
6199616
1277840
24387
3219062
7710510
5979509
7008869
1597787
9200562
3273331
2629905
4565976
7907772
3443947
879469
6534177
9201413
7504106
7053387
2262184
8976699
5636427
4266859
6774127
574132
8171433
4697130
2554005
8055083
8687433
2737417
3017480
1856397
4327174
8668933
8258479
6847773
1214117
3447824
3776045
2850465
5464440
2500786
2444932
6694560
1007434
4810530
9422084
3280353
8725240
8497871
7090462
8344287
9377807
8629293
7061090
4344982
6054648
1784896
6863452
7371400
9289607
3872527
2484673
4045652
8326949
7036734
8845798
5717602
4755114
6790692
364771
3074767
305784
928222
8284009
1568644
9804591
661797
6233545
3806961
2199637
8263037
6194484
5342225
3703231
9075401
988841
315409
2790404
1462717
7928540
8181757
4415351
5826552
3929910
7036738
8962362
8593172
8356840
6645000
3288972
2348601
5115505
2926646
8469890
1792293
4392102
6861010
869894
8206769
6236590
1321774
2649746
3886202
5147209
2263315
5923531
2727829
6172773
5203765
8973450
7329313
3086459
9529232
2722549
5409806
3012613
6422760
4011043
9885403
4265160
1543022
831220
9739937
848411
8318381
9993801
2152733
2014878
3823632
498521
9508174
1964987
9429046
7254525
4619412
9814768
4953803
889941
9724204
9071385
8903954
5786149
9093968
915209
5499375
1032632
8780763
7594678
5673808
1004141
8957879
8470614
7000031
6402156
1102385
3149576
7519965
5783534
7510564
2488698
7372103
6218039
9578641
9748372
7859502
1132639
8008793
4229559
1825980
7004319
6159921
9550027
8976359
8924333
3638806
3933066
6651961
2472743
3798578
2532439
5392276
8732761
2068314
3845334
7115354
3410726
8022598
5329507
6874763
4601159
3359660
8489445
8246236
4522991
2316466
2473077
9521206
1916506
551285
8377859
5085908
6190180
5259927
3857609
7809747
1129826
3557396
4825205
4901335
132716
6983015
8265723
5867898
496968
4471358
2990784
3141123
8305293
5925622
5150443
2547
5590176
4597397
3178628
3618
4311028
9198492
9497414
9505483
9420607
6421670
6024094
7896613
4337219
67478
4131157
7656999
3127949
3610980
8683721
3937864
601695
5408325
7832014
9540828
2082168
6540872
9128908
40363
5443514
2917371
9184933
7402902
3463819
9640446
4728153
731099
1293873
2641026
5955785
398573
987861
3860517
567552
5541739
3506570
3787102
9416870
8188768
3900941
3721732
9438518
4956556
121929
3620295
9785447
5100215
8283904
1808104
101563
924511
882666
2405173
1563577
6653890
9024231
3802702
9486919
22753
9875091
3543072
2960023
2031334
3126285
9188390
944501
8760399
4852656
430778
9734543
9753456
6525259
7652451
8881007
9181719
9856060
6315311
3974809
8092752
5040231
6391612
3651377
4790554
4592159
4536276
8746837
3793413
2274235
2316558
1879796
8036515
1077838
6610497
1264400
6152998
1184613
836332
7015975
4083593
6022772
4765854
5893458
9925100
6920802
1810851
7337814
7364006
4731481
2233252
6116286
6922891
4541170
7783821
9447341
9767786
5061147
4344658
9366562
7583683
9071821
6215537
8773370
5268538
9378807
3406567
632410
3149604
3122211
567817
7789
4376940
7687865
4999932
3438651
4788453
8446666
2990619
3959800
590882
9265182
8864451
6075606
1335916
9229251
6151163
9173193
9950305
4628895
3621557
213079
125737
8715571
2954937
7517385
6041979
3564398
4010810
2675963
1248105
9959607
214532
267405
8393915
9911007
2447397
7891351
7793491
2671402
7954636
7881883
9265695
4815384
4048320
7380075
3030805
3436718
542806
2889944
737971
2024285
802655
5723622
1141212
2813970
1184172
5909323
6401917
1157753
1975099
9878692
3652275
2431453
1205129
7888863
3285147
5737796
160939
574072
7848552
6598992
8424454
3177556
9041029
1161265
1347240
6099865
5494646
4183835
9749145
6997911
7515886
6434771
2289008
9825460
2176691
3710447
8884009
9790
2521645
9365918
8166348
6816774
1248803
8807558
6691359
1997779
2998607
1935771
4091484
7987212
5047915
2317701
9138203
3389876
1742267
9913419
7445582
5223783
1819954
981752
4275719
9147951
4848127
1159760
2202380
3111389
1568138
2675333
1691217
1238337
1039073
70832
5484131
845797
3778818
5365004
4353387
8367702
6606899
570595
7206841
2297320
8644789
150857
7962461
1318448
9087685
9080225
927896
2303196
7208113
4499419
8800185
3159866
3288779
9225339
2815866
8046126
7253668
7220017
3052733
569459
1163439
8506753
7917820
6392415
651810
8562346
8094733
6046071
6904891
8097936
9875271
4256234
1284810
3389617
5016913
8929756
9745371
5483256
7156472
4889507
2984231
8240254
9718372
6093618
7442736
7590330
930802
6886863
1620889
5938359
1951433
7903292
8365508
7775467
1738849
9875770
7324023
6530927
9489241
8566743
5610321
6923812
9864315
2762937
6757372
1948834
2964216
8942844
1088980
6669842
2229959
4256352
152943
7330340
168570
6568852
8611940
1119986
9031942
9270221
8909311
6958295
6540486
8521082
7657167
8066122
1395743
8912362
9220766
798441
149351
6194116
4452123
8079654
7164680
6089688
7962758
8990641
3338557
1877438
59615
6804369
3824473
5274951
7588438
7674155
8585221
6772665
3337152
5942966
5113383
6390440
4786865
696619
5461851
5841867
3076723
1736231
1185524
2759237
3550736
3761372
595868
8779102
1066911
1316088
2455484
7652903
3247054
1003341
9706380
9293731
6576035
9465842
2696991
6980699
8750540
1627369
3234199
2790935
7304837
5227719
5095752
60885
1850039
1907228
4803055
2542774
2002147
7699229
9388537
9610293
4493850
4713907
4566312
734011
7395311
3613231
8208870
7593657
1124259
5666385
729808
9592437
4828314
9450763
2311118
6536127
1662746
4079075
401919
7329323
8208713
3896805
5161612
939012
4239193
8531771
8457046
8412856
2343421
4981807
2152680
443910
415076
6675357
7366358
6756487
7526809
661478
8732083
6760428
6612517
273416
9150259
7526650
8293848
8442213
1249371
8794749
9071154
7941007
7469090
5952340
5807358
6427188
7415005
7741215
7987503
8781923
5001260
3813156
6502805
4177568
5280855
1558387
8217320
8355857
5247693
5757867
5563321
8301041
5193990
2754431
1290840
3619798
6280769
676026
1820337
3266206
8946818
8530979
3401698
2293619
2858165
6497412
1225266
5462581
3855050
6534417
4854965
8782243
3138255
3636413
6922567
4538180
2509262
6235008
7175246
5553106
6308002
575962
7212681
8532121
4145338
7318305
9451818
9429476
6275695
3571334
8828592
4835653
5770956
7209614
2783034
9049962
5322847
3372011
6668859
6071422
5976083
1425756
4733998
1036814
7773373
113327
3766516
5945633
4936488
6133466
2623113
1844054
652
1608980
4843575
2827055
7620434
4362968
5351910
6139046
8821435
2077543
1121599
243233
1529575
4398784
4638289
7481286
8575596
6028898
3899361
4232246
784185
9735420
847991
4839613
7298836
8836818
430389
9922886
9029772
5102362
4264342
3278121
3773494
8847743
9316917
2975667
4552199
9578044
2363855
7675416
8638819
903855
3937890
4029224
25825
7847965
2857635
7918820
5443302
938226
5078115
1156735
430425
8448639
7773685
8593673
3997098
2262186
8425516
6636348
2663176
3537023
5024828
9026303
9829693
6783116
4198199
8714817
5712335
9628945
300742
4442675
9969553
9418701
1870108
2013662
9914217
2793617
1828245
2738534
5932760
3578555
2357504
2944311
9977650
3084928
6617587
642034
6017026
7749629
6344501
4188120
7638881
5651427
4055156
927408
5500687
7687842
270277
5486229
312949
2123059
9646928
6177546
3333019
4674251
3734062
8337541
8681969
1629046
5786098
9183488
8409359
3191035
6792355
5538405
3000943
1302707
1343450
7073091
8744843
2521034
2034092
4997073
3939570
5135019
205183
2786556
914415
8582200
5023846
7928522
5666290
1787609
5684679
3325731
6085133
9763165
1122458
1541089
8631298
9756064
940316
5934575
4845568
3932307
742818
7447278
5418149
3798122
2949411
5241433
1578956
6702307
5793550
6944420
8719682
5947480
1656890
7010540
768701
9843307
1854158
7149823
335939
8492542
8165692
3863100
8268115
8079510
7765903
6712718
1783894
8101219
8388856
5076492
7852725
9705749
7249006
174138
4103559
9223014
2303448
7078638
9532616
9523069
5310831
1355906
1110978
3661234
7466978
1653633
5356266
1979976
5145000
5345790
6850185
8836199
5265853
7799838
6639664
3831679
8810540
848822
3766525
946990
5230139
9130337
8260318
8525505
8794669
8610283
3223685
2553734
6264309
5054038
9803797
5259547
8139045
2527375
17077
3775567
9033707
6932874
5529203
4529503
5299867
6994018
3057278
9119445
2724764
4542392
3900748
963851
9616454
8704142
6161065
9219836
1964115
1298881
3016620
2702565
9369641
1367937
6915178
6711962
9958694
6926188
9774829
9205408
3110485
7881496
2356096
6990082
6560448
3277811
4867845
2881043
1600058
731405
4960098
9887488
4500273
7580687
763858
6694271
6962178
1798755
9096927
4362720
2087012
3749625
2628291
7630676
5345202
1406891
5914385
8355603
833280
4746521
7623670
7400487
4631754
6211969
660157
3055685
15887
7154498
9653608
7540336
6306662
3507503
9729435
6073908
9665976
9467777
4173013
9714749
9632212
9071887
7527394
8071956
1300022
1848224
7250507
9016144
3511140
7790306
5007164
8623271
5792723
5750379
2384146
7416699
2263712
9476835
3253603
9490438
9688638
45561
6438125
47265
5549278
598577
1385763
5262178
7369233
79224
2216070
1354045
475085
3876952
2467121
861510
1246183
5777709
3790573
8234235
3825925
7058087
5011416
6157874
1688911
7738235
777270
3380350
4624469
4696317
9234403
3849998
7819828
5734423
32724
9628517
153087
5601423
3364089
6871249
4731696
42353
7949032
3391855
508912
6015320
1994442
1938949
8948440
5342302
6101489
3325559
534024
9322669
4805937
8291831
6590789
9679489
3341594
7665781
867854
9047480
3212948
981387
756112
7722063
5593720
4572692
1782169
136116
2580517
1457271
6560867
7507092
6181496
7218423
8386751
1889464
8407472
549507
3348341
8643829
9816776
3422855
7047198
1377036
6906700
1520354
670090
4994992
3177696
8896963
3534216
3081224
692645
620304
3292781
6040099
5566676
2076893
5431376
2408565
6017176
6314635
8254834
8183781
5435864
3907098
4984560
436803
9458184
9424921
8215841
9624564
1778950
5123261
7936931
7511973
6553626
2131969
5096734
4329099
7189606
8007353
7455629
8631831
1845786
2885154
9179222
4696724
957749
8839501
3215867
7988679
8491921
5507261
6501920
5230694
8755680
8929778
1776109
7141169
981137
8292187
1792221
5040598
6912725
9573666
9651085
9091017
2949108
5406719
1235252
6975537
9318452
1828413
1265638
3773253
1813410
8332280
3162756
1310535
4305196
5712701
2272929
5320975
359811
2200182
3689305
9992925
6802956
6357993
6193209
4477062
1553988
866953
6711623
390588
8963739
5947099
3102712
8649947
7349010
8279321
6697505
7956919
4884035
608101
6210235
1638771
9789396
3119784
5313237
2441744
9078018
8358038
6989427
6920271
5641849
3216262
1980026
7862696
5974422
9549544
1015054
2886882
7478675
135848
9746227
8946679
448404
4519160
2790212
5626141
1960250
9580262
5827490
17280
9776333
6466561
640975
3901904
9394952
861927
7068078
1908109
7830531
7316363
4912155
7605269
5666548
8601038
2352998
85581
432334
8831036
1332414
4511214
5363917
4283906
2205083
570349
5880673
2007698
897792
5474484
3403470
6255771
1440360
213164
7483157
7823261
7709697
6021047
5181074
9415433
8202575
8858080
665482
7801410
7182124
452400
693422
1916458
9085309
5106051
45743
2161012
3876294
9130542
8173251
3312056
2979129
8961693
9314
6563311
7073217
1471397
2486303
999837
3945075
4132263
6777553
2097706
7352
1548405
8681285
2307415
6913218
6191210
9770954
9050
5759576
3996904
9937659
2775769
5781570
7022136
705180
9629209
9719452
2247794
7573140
1050244
442794
9444683
942827
84612
4310429
2125324
498136
7129084
8599502
3983453
5367448
9453423
748059
6634586
398672
1241523
7916030
5776324
581435
1711990
1722007
5038287
1524746
3851237
4176143
8052969
2633907
5484441
6633676
7831653
8814924
9100261
1878395
9982885
1621612
7939106
6788109
1174446
7349996
1730539
3446616
7296133
1976828
3704648
7016017
6658141
421800
8525773
6077189
9351899
8566181
3310637
5061366
4992455
9148502
3019513
8225987
4561917
7551539
6964616
9501005
7706994
3342005
8091710
6972457
8244102
2529111
6367374
1945095
9219817
1886771
1580135
5758730
2175793
7707284
6550659
9019961
8014318
3453508
414694
551209
9963414
8839291
9632476
1443498
2002493
8221391
5008907
3869897
5574620
8824315
383266
6268678
4472104
838994
730265
6327102
4783719
8106692
2391599
5289194
5923081
9583283
4412527
6585884
2506025
5823555
511655
8590362
6559738
2827600
4773548
348544
347253
5758090
8041445
9988984
5615214
5796242
9898115
7307197
5502740
6975966
1914442
4853570
859433
5248782
6776902
3942558
2409659
7630726
1858518
8510406
2866017
1796323
6705131
1745352
3377650
3418425
5140973
5836362
7322304
378008
764731
4509560
6530946
9451072
8018699
2813769
9559542
8435105
9117993
5819525
4124461
7001666
485803
9496819
8273482
5769960
4655725
5724537
2203255
1938377
8633769
2926499
2387349
9813610
8858163
2649307
563678
3040002
6310194
4455586
4016467
6772112
9854094
9752440
2617286
3476376
1232092
8084591
6792795
8160599
3993960
1288737
3196386
9408286
119376
8561554
5685701
7474447
3740612
3126125
4741877
4435780
3982473
6682301
508004
1630735
6361326
5729470
6184362
6193898
8025553
3864131
6011650
8804939
2190664
855296
9468293
8375125
4401742
7115575
6462538
4656311
1243751
9692820
2507495
5663405
869734
6578596
7310311
2987477
363121
2964377
5668700
8031977
4487018
8024548
3767579
8532966
850810
4570500
1273168
2600610
4329568
4360001
4783897
5990543
6336969
4291087
9201422
9460331
8545077
2540793
1355846
1342835
1352636
159150
251747
6417685
1884661
8985149
858884
6642827
6356556
6205813
484604
5892249
3234418
8698853
6611821
188337
6724948
7740223
6201788
4720919
4025370
3643155
4659723
8659237
8703872
2113793
6095010
9244387
985341
5633746
6226670
407203
7287818
35153
1475234
6765894
2542330
7688739
9025394
3539152
3153748
2901389
1766805
6366407
2012700
3462332
6668780
3816691
5085817
1957302
5412854
931005
3767123
8531256
2860900
6517506
2985558
1559911
4394805
2685666
8330041
2759073
4505571
2978333
6945522
7695381
7841461
4271437
7141288
185783
3928819
8774697
5636191
87519
9361173
5271138
5588031
418339
4615530
4368434
9962508
3245365
8004940
3081710
8695321
5057542
5363568
9673761
6607196
2860316
8964805
5356044
1944100
2620120
8491315
4039857
9464044
8490947
2793455
9389895
4302929
3307870
6643235
5231389
8649194
5692380
1575417
8896163
5175083
3182717
1249557
4654693
604357
6248931
9445408
7552332
1594669
1491825
4234042
3706740
6559404
8138908
9863709
2777223
6250080
8100415
7807539
6537662
7913863
4637109
2968768
677543
4785070
6883386
2539952
3584131
1050543
3364766
7221205
2707286
9806489
7588680
4121502
8661071
1702533
6936155
6754595
4154063
5088262
2811168
8036763
8686749
8671377
5843671
1995574
7727237
7963721
6823016
1748293
7693036
7774225
1115068
4269274
2300240
6856104
5797865
1629151
2142225
5117195
4463004
3782615
9159875
6846254
5462761
5313452
3394286
1751076
3102291
6919377
9309713
2447164
5607518
5299744
5114559
2742605
3461995
3685650
8435042
5661598
9929608
2141649
3193241
150927
7724985
7787573
4549799
3648710
4702611
5004839
2898003
4785491
8580396
8852877
2164880
8480310
8532168
7374927
9366911
3850817
1834131
9521288
2731345
62210
7285087
1670473
2930259
9516199
9674471
4122463
9281453
42992
6276461
7152777
9673152
3587501
5238566
5838797
1600572
5750918
1289202
2853804
9671227
5080451
1805850
6913810
9404500
5704698
7902414
227440
167754
7200851
2577626
2979098
9929759
4921660
9652860
2187409
6412934
3416193
7630155
4060756
2812889
9994678
2434816
1709937
441017
2700626
5299586
6245838
7191611
9513234
7265004
655025
1315346
5874914
3654999
3208858
2094523
9714258
3175533
5344288
7375213
452513
5015470
4742613
984504
7536221
8085504
1577834
1216016
2113404
6464360
9146629
8318001
3272816
1577631
5544473
1426664
5371286
2806315
4878587
7612953
9123638
8265960
7534862
2177763
7502751
7249337
3258856
8546890
1195089
8022543
5373996
8200723
8686189
1955167
5941374
9241409
6280055
6543556
7530074
7933865
3406056
711084
4131544
410185
1335378
5039490
439416
4900527
2080310
4207426
5632665
3853767
4510122
8880877
3127818
6149090
2112796
4868038
6881325
7029859
5729663
238223
4789465
2658405
542205
7526633
6099594
279410
8076346
5549430
6016321
3247356
4194344
5069610
1829353
8375223
1614326
350281
7724093
5029790
3573622
4433818
4974526
360294
7755239
7330610
3268042
1016172
8359677
4233780
3931476
6267798
9387223
2761178
6901347
8971832
1879214
3987896
5837033
239738
6167789
5718473
4242476
968724
7883861
7314587
9271581
8253825
4204693
456921
7118779
1594277
8410577
3526490
4656709
7545525
1782809
5386699
5613962
6955181
5763787
5428893
1085951
1981298
9436410
1259314
2979640
1183341
9484342
6990554
7781053
2992258
1709559
5414307
7953005
796575
4918853
9531379
745221
8658658
3045874
7079240
9319043
8410242
7481347
3324656
1402492
2248831
7633782
8174074
2724530
2315871
4205295
9377038
2633513
9576153
5210994
9391794
9489441
5001440
9591684
6709250
9835737
577969
6057565
2671891
8013168
7332713
1377496
39419
2868463
2190053
2664024
686232
1310194
2158382
1049852
8724018
2275234
3537834
206911
8690043
5607683
9184591
1304379
2703287
2594017
6946633
854276
9673086
138312
1283988
415019
6255141
9123743
6032689
2488081
1769575
4369913
6798414
5580841
9616227
2129838
284845
8018894
7766994
8336709
7369626
8660327
9335931
5371324
834682
4080701
6091669
1840623
6414844
1193955
3028421
4435506
7248021
1532882
1239712
8900628
7883833
387930
684556
1441837
6935030
7043980
1440559
44211
2906162
1916641
408650
7001848
1828270
8931200
458187
8675755
4729212
9797604
3530320
3762097
928286
1776932
2013764
2817880
9935396
9291180
5962278
8520074
5866380
3044328
1881566
6346247
7675457
9103440
7645422
9335459
275752
9315502
8342914
2497449
3351893
4234905
6421704
9099719
2777653
4894918
1053130
7934870
3128484
727437
312962
3607237
9474570
2809317
9499626
2982932
3796158
154530
9740203
7228427
9000701
9305236
7151259
8642412
7253779
6549518
1042305
1947318
3020583
5973342
9940728
1643303
4538387
4312203
511072
3601793
7286278
6676114
5047356
7286535
6977270
7008550
2666647
2434858
6028944
9962224
2193739
3674236
5771349
8315548
1575374
240492
7568887
9540148
6169615
7451088
9659559
1549273
6006650
8043741
8496910
8163792
307388
3667087
7048127
306137
410283
2849910
5506501
3002368
1103626
8297099
9618686
4070729
8959616
5298730
8132525
3030579
488958
8558976
4064725
3652702
7621566
676181
9763612
9804179
3770842
2427619
2008811
8580953
9041153
2160487
1341169
5595178
9070946
8380270
1997843
9227506
7340759
6585628
422648
1744475
8834319
130433
3692010
6337923
3419260
4250210
8856402
9608664
1721698
507899
8679548
7054443
28681
502306
6249724
2123597
8457747
8965777
5748035
5519751
5748389
3570703
1243037
6031456
1950551
2421751
8974323
7295375
3517253
3861746
1837704
383946
3314796
7548197
3047701
1122687
8594108
3877306
5479132
1655322
1273084
8413118
7774000
8008375
5284246
1967630
6562687
7536633
3085512
5105952
9231220
9051689
4998810
6545761
6524397
7319685
3813018
287491
1975154
6640678
7464534
475574
8898195
7027655
3536542
9531899
2525958
9813107
8098273
6414344
912736
8762933
3941477
1370115
5753601
5518721
5979185
8734587
9142917
8366582
6484228
845608
8689303
5047105
2360689
8737383
8115401
9230824
8856594
8331208
1958078
9102187
4664420
426846
2441539
4771275
7084617
230945
4109791
6219683
5461964
4441198
8159413
958155
5208468
151265
5927119
4143335
3522768
3363241
500812
3874143
9920372
5324932
7433715
7275806
2459382
7836878
6204741
8875297
7043494
1825829
7712688
6576750
6037676
3932532
478086
2885225
2050598
6584628
584423
3286470
2736356
1661664
6134340
1437953
1851525
2245075
8565456
2574577
1862305
2676035
7524705
8779258
9537294
5288235
5056261
9544943
3129077
5537316
6410905
2697746
7104850
4030778
5846405
4802897
1239262
3887335
5237627
7112031
6246138
3218142
2812241
8656697
8756243
2463907
5669701
1261626
9433020
6997747
6842868
81326
6627645
9681024
900309
5441991
9934319
4999642
51035
2137541
1033820
4743866
8765503
1271299
731303
6427055
7078029
6672333
3119062
287676
8541196
5768600
7678325
783825
7864040
3507422
4824322
4701079
6248618
1055130
476549
3493735
4895600
904208
8879505
6181581
9153377
1993820
5162081
4288546
3797336
1481961
4691167
2118392
7296061
4145684
6110019
3344338
3699660
1377358
6318573
1603995
587776
749914
8818787
4603425
7156444
4989517
5800987
9086410
6757603
5838853
6040931
9468695
4592844
8880565
1457998
7307147
9335228
4296519
5801109
8674464
8291257
2678220
3784268
9742325
3964567
3983247
5224154
1396434
634778
8817731
4208719
3209623
770209
2628666
1687626
6971756
5731928
6751553
6335422
2967737
6807990
3114075
1575132
8667964
6255588
2425278
734829
6018874
3903494
9406799
9212807
3395446
1636925
9910291
305828
9112949
5369197
3301922
7065166
7661080
1449408
4876635
3787264
6947865
7438713
9846088
94729
4798846
3415280
5587242
6678177
8975737
9712131
8126643
7100246
5804056
623521
5155980
6061404
7065469
4201028
7297392
3543428
3182811
6443242
5187038
7852853
4374353
2269191
7511217
5843301
9277163
7504835
7881128
3937807
1949543
412179
9843184
3884932
6489611
7722810
947647
2081072
9610782
3752546
5382361
1350937
9424260
9503477
4190235
4045379
4376508
7623628
8235254
3373185
1477105
104861
3744160
8801441
2811637
4050924
2501649
1292584
5475885
2225554
7874761
1318129
5029703
2886245
3291748
6503074
2312693
1811001
9927015
3042148
3397137
5876933
3678046
3650998
6651104
6975593
5881486
927442
5364550
925043
4005734
5356484
2340420
9595819
1582643
2739402
1170906
3053842
2035274
5320044
9933270
6821007
1930917
6910228
2715556
6418167
7834351
153190
2436218
6234260
2783329
9041359
7448013
8158307
9800410
865873
7603949
7964936
3497212
4560263
7132408
875267
3388972
8891057
23179
4882499
6838301
4581456
9143742
7079117
3748418
30009
2128605
2472158
8152697
2788223
2630133
8111602
4917347
1921547
5773517
4519913
4993379
7449503
691381
8279023
5742811
4726786
2107111
5668082
5700804
7978426
8977336
6344697
2600070
2794379
2538724
4184481
5193161
4521104
4831980
1740368
2408752
1654524
3882688
398298
1310860
6191554
223107
8514715
3106480
2748283
473353
9541362
5059981
335189
380048
5010525
3412379
3759934
6371338
240562
2028993
3588015
6260871
5305769
522695
7407766
9040669
9017266
2183493
2601064
8594045
7511715
6832676
6183407
7109601
5571425
2492582
2225268
34964
6761720
5615234
6396797
1216357
3416382
3637544
2728298
8971346
8223719
5463239
5605558
5326049
1275195
315082
4226467
8075265
977890
9672120
82355
5313074
8188007
2770837
7669609
5363512
2102202
2629387
4167861
2493897
8735603
5089783
639047
4557691
3842419
894759
452065
3473734
3753060
6523378
8244535
2770577
8891406
2325026
8934716
1676198
2076052
8213484
4167357
2623768
190261
6254223
6096971
3067694
6729782
5938912
5385411
5770550
9211298
3014357
6601195
71450
3975076
4243270
9355361
274764
3332421
2700108
2418789
171018
5450360
7580155
3154592
1482755
3323730
4956365
1846884
723868
8514523
7758207
9431115
7605041
3401917
4885479
7259392
802955
8690374
4057770
7394241
6592964
9849454
7340609
8537442
6055849
3171284
9987750
2561038
2085079
5630349
7030377
8368483
6922769
4004371
9880808
1804049
243085
2695617
5604989
9512018
6667025
5767429
5440657
9484401
3017931
9588180
5762967
6937057
1733658
6665686
7128252
9281242
9243690
19481
7738528
8884140
2421291
1760841
2882231
6983016
8337115
4164490
4521435
5703803
6086849
2147208
8944861
5628955
9422864
5043181
7034723
9547671
6155030
1062977
35746
9313739
678701
9556352
6467166
1173782
6958731
289195
7693398
1780302
7759820
8078642
8218745
7017020
7093550
8352571
4534054
4470247
6534658
934839
629898
2262487
2559972
473773
499315
745414
4153837
6411097
7923941
630445
3546977
5681584
9655917
872219
186256
8745569
189928
3215132
3035388
4166849
6746177
2106615
4643460
3968044
9796072
220673
7248922
3332632
7085582
7533070
9335697
7056948
1748128
3483620
4191907
8269561
482426
466319
9739711
4342748
7203874
2351467
1547152
548909
930925
8663647
4691627
1448704
9312461
3454506
7084107
8651484
8881821
1978477
5673713
8927859
8681975
7515852
23657
2180098
7018352
2454385
7414079
6433182
4553392
5872866
2466489
4614557
4430795
7898341
1084624
1130344
9700014
656113
5217107
9205539
5399183
7441931
224423
5999992
1892582
2842484
4227269
7714853
4111318
2893608
4044561
2690370
5888562
2169056
3594048
2309206
943214
9089092
6849978
5315178
2997244
5789635
8396534
9532731
8916932
5413715
1078359
1858946
3132574
7459784
8498851
2888338
7491504
7253078
5487430
5144765
5559959
7570053
8365378
1369689
8848546
4174633
4429189
7722818
8403437
4566402
8268295
6321628
8895637
2277336
6752786
2732958
9595194
8611209
9795585
2163294
6443793
2631707
11329
9220246
7345206
6085274
8956113
4421319
149590
2254040
8534849
9131447
1539485
3269942
419326
6219574
91672
7062850
9145525
8276163
2379025
9231150
7579260
7344663
7478399
6553579
7427402
1716515
4056080
3537545
5991941
2024924
8185380
5441721
1665001
5036718
5742089
7376274
9694375
6310987
1998132
2578532
8366093
3727491
4637962
2988907
1411438
3440851
1743940
7856602
8406077
7481368
343191
6477660
1643274
4701477
8307863
2530245
2011135
7762826
1766988
2433398
9111550
1905614
7290620
5802956
7260594
6177063
3945147
6223830
2953830
7895849
4819777
9470573
9747312
6033674
9285939
6187493
1849791
1574638
8539866
2153328
1888057
7743653
6367740
411294
7931516
6498702
9415877
8458379
3604064
592352
3656098
611448
3249580
6617690
9521441
7615569
8711936
9186611
2498271
5361322
3745499
9415255
5705620
225892
542884
2056842
685120
4816818
9314954
9949930
5739024
2630898
8157255
3860114
9491728
198364
8825158
9577672
6777843
1639749
697018
2216102
6016761
7229064
2603307
7182141
2296880
4039802
307544
2413720
4013101
6716221
3917631
8561595
338095
2859211
26377
754104
3957567
4547401
1341354
7139751
5327496
6008438
9676001
2319842
4420123
5532805
1447056
4098522
4971929
8016351
3101619
6548275
8688411
3420921
5658604
3726770
692172
7494670
2067844
314724
7001182
9361228
7482461
8194399
1454410
2426532
9907656
6782900
9614723
190209
3663691
5352491
2181660
9024941
3147280
8743876
2762371
8591522
3895202
4953501
2164682
382104
1320731
3985939
4598182
715128
4464538
4279730
8044956
9692437
244816
5728773
1815732
3470294
7970865
1766720
9341707
8790620
2030025
6632017
8204214
7235195
4697435
7295886
99133
8081131
2659358
8138574
6848848
4684442
8165357
3476185
8428765
9650078
1679593
7139715
1193774
8904682
8364491
6224670
3690463
6691192
1181331
3493571
9421663
3364018
6077655
1409592
2698419
9067057
6870145
3174325
6202982
7348607
1380914
6388758
6544096
6876597
9836141
4951854
2058748
4764143
1767043
4258446
7635469
4287056
3804721
2846000
1013213
6203975
6150933
2380530
4243013
9473371
8040268
7984369
9015924
5191804
759364
8485004
3323442
91459
9464018
9209667
8350288
7502943
9949293
3253260
4130616
5442096
4213291
1728188
5862885
3566860
6081231
7564979
6334553
8082497
2951301
9441234
2977861
671051
2880441
5407854
1211587
1044233
7324842
6528377
9501362
7137100
7437154
861896
2821149
3868168
6467775
6349699
1434541
371736
464968
1211497
6958533
2789368
6644877
6249768
2289399
7142878
7693217
7751581
6085743
5851465
6085001
1450544
7920460
5465361
7964790
4151503
8822924
3021643
5895070
5641143
4364100
3132640
3550159
4543858
299202
9949454
4694317
3062788
3789061
6978210
5041337
7262184
2999769
798825
2548010
737201
4010905
5596072
4883917
8006116
9469068
6924572
8446420
5307707
6717166
3588755
407259
2681812
8615258
3086559
9346735
9427157
4452838
7214653
3002992
3088022
537238
1777696
5271860
4435629
394350
9954989
2060184
8104915
2051994
2892427
2592059
3932330
8233245
2995772
3057623
39973
9355166
5100123
1921562
8073854
2762022
760309
5620260
1786529
6219977
1126389
9737073
4435562
7613322
2731884
5622706
759948
4826798
946520
7054636
9126078
5229642
6365436
6024526
1973533
1599553
1330882
3018665
3777927
4129958
9488066
3584029
1711420
4551904
4577393
7077220
6339074
7033111
462810
1635250
679476
233204
1246025
2651297
4264629
2414891
1634545
8943531
1008663
1062495
9733357
6782875
6021492
3462777
3535492
3257393
5362172
2768243
9147722
1325918
2987733
4546224
462011
9349411
8222536
3652560
9529617
8147643
4803285
3873169
8201804
3849199
3511460
5676727
1614437
4711588
2983579
3329551
3930212
3124491
6112584
9330460
4911976
612590
6099917
6590738
1959104
8841806
2907829
6948648
8954065
1724116
3047170
8930829
5327825
5731078
1286232
6142257
6087127
8755379
3295883
8047502
5002537
9933229
632355
4075032
2906891
1569743
8487820
9468000
3738493
5411480
773443
8244957
4682105
2110063
7112316
4273996
1723340
3686328
845321
2915078
6461663
3683435
2744378
3145250
7480619
6899556
3878763
271918
9176761
488255
1196010
5468768
4040649
4610194
7365265
6839492
1590620
9450725
7569551
6878562
946869
8024797
7848996
4787492
7508058
5909168
9579587
5779018
9032299
1440065
1879586
7287371
9536536
5413765
589478
3855442
1635549
8588023
1213833
9160995
2220696
7182275
1057629
639295
4612205
3677551
5714547
7029038
5466490
2860294
9029101
1021350
2812584
9505158
5954359
7560494
2217403
8979328
4388416
7528111
3833186
7493518
4476883
6701383
8933473
9503976
385113
6570708
3068366
4540368
8158641
1494315
508204
3875406
709689
9323763
6297908
1519758
7687329
6278341
4292717
2030950
3261266
5913499
7513147
3398288
2003508
5926755
2906327
8444764
9478422
8777230
6629549
3747711
1949955
3037978
8035255
9171857
6744503
5979402
8538933
6020230
8775904
7984451
5696103
1799811
3398406
6715123
103818
9273215
726819
7521189
3028790
144274
7676777
4198612
7780118
8334296
2583740
1166332
4873371
2575852
6520467
6725927
5457384
2308026
7329090
1967689
1421341
4797732
3868067
9631182
7639803
6550881
1683351
1955633
9043340
3674662
6968720
9880056
2330222
380621
9750038
7312881
2601819
903042
3880887
7484256
808783
7756446
8680415
4958750
9881793
3826717
3654751
4116473
1299119
1947242
7969849
4976797
6702144
9557395
3335632
8162975
5060206
9444682
3911538
5478152
1245582
38758
6466173
2358875
2211759
6571166
8039656
1465827
2359728
626110
6249247
3587836
5682865
818815
9943167
1843414
8812399
914126
7290302
109995
447365
9892170
4644479
4540833
7568676
8028672
8374317
1295611
4112187
2097721
6535047
3691977
4068737
1507176
6025169
9815080
2351549
9999980
7982113
5818400
8341255
660026
8599588
6966355
9793755
6295166
7658259
3781490
4445122
6917687
3209983
8292572
8706190
4306945
4846335
9566582
2500032
9099980
5313823
3177165
8664361
7794927
624492
5075084
4443798
2991732
5036248
9539867
8694390
3570367
5145787
4156176
5265643
6554580
1884648
4747299
359431
701774
3880523
70604
4566258
7838157
2426458
7288084
6428656
1066334
1346345
3803824
8828194
4065432
5260749
8150963
9365971
2539210
9880186
5431399
8355744
7523955
323843
1895206
4330543
941786
3398599
2988735
311458
3269312
620988
9770010
4117055
2575223
4893144
1318871
7163960
3107695
3463762
1722272
656673
4185767
7973324
2942304
4806406
1876978
1653970
9656450
8932053
7003074
3054534
6060532
9022004
1578908
6291398
6548759
1748256
55782
1792430
3779450
4339970
713723
4387291
1506962
6147193
5865818
591502
2630918
8867343
6198378
1493867
869806
2082692
3722675
6099011
8089825
618551
9762138
7654976
7820952
1160224
1383867
1449625
2718568
5873207
3355578
2328147
344944
8118800
8225725
896415
8173116
1475117
7411392
6026840
5329327
416825
1769700
6850372
3123134
6879476
3463327
9854168
796967
8970767
8945754
2618768
3872787
741897
1705784
6958313
9711461
2739675
6211449
7858958
3675488
380309
109398
3130547
2772268
2280279
2543374
7635818
6819354
1749431
1343276
839683
7774163
6742987
2092643
6689529
9339228
4962084
3231568
1708247
711476
376277
4236499
5569355
7625969
8379835
8516810
5565610
3316100
4346518
8739459
9187336
5592129
1486710
9637113
7715568
6850401
4352347
5157284
468931
662107
8550904
2261650
3908748
2946596
9014809
4433900
9309953
6267999
429528
7661826
7414113
2867685
9255806
9961094
313312
6515164
2872210
6873390
7825256
978250
3391501
4877334
875136
7089148
6229011
5788934
6096998
6095777
970813
7539327
6057810
5554679
3700433
5298654
5337512
9302665
2783445
8574906
2063732
2146011
7078448
1557086
8349676
7552024
800998
1049166
2088892
6337609
4213480
2055879
4686365
9211878
9199297
9865151
2847982
9425562
195537
6924807
1909026
2267259
457955
616625
2160160
3471628
5116202
2459040
6153893
8728927
585169
1676159
958211
8812339
7179218
6531109
3729471
4128209
3256910
2252121
1293705
3353652
5435354
9735524
6824428
6612015
1479112
4195887
6754416
8089599
277600
9175132
6158570
7851245
5254707
2502722
2355436
5268992
2660566
1392101
122208
428254
7001300
666644
8156824
7195501
8790082
5326563
3419972
7224712
4433763
3549879
9445233
1651423
8098425
5340488
717847
5203754
7415684
9424204
8978391
1420303
8063404
8007648
3097287
3832625
3054251
4676820
3582793
9519226
8240701
5972127
2531808
6134239
522609
3519427
5969704
1067368
6025920
4944735
8774455
5988396
5045084
3663479
5424234
5640368
7821708
9872929
1495881
269693
9579382
5485054
5771411
4744387
5998147
4216385
9360241
4466984
565096
2623849
5960442
1570755
7116151
6697000
9879158
7769772
1636444
1365205
6942188
4719495
6538834
1665773
1757769
9444993
5912796
3762702
7138275
3597085
7706626
5316140
1031685
7087933
9645901
1116003
1833669
2689608
7153467
6153703
4334519
6429480
1489322
1693321
2990722
5951689
2899766
7940894
7919376
5498857
298711
7493339
308995
5681978
1759197
395679
595645
1794731
3263286
5721577
7013976
2712244
6040387
2237442
2167463
4465649
9737444
4691976
8233090
937986
4812235
3483729
182025
5890115
9237807
2325431
9799833
7680367
9924499
1793469
4961734
3473056
6967530
9064576
3883587
2594345
6135115
7250901
9845213
4891597
9625122
5245837
9537986
4989595
5981230
960799
8399574
7179972
3451424
9403438
5124714
2419745
5947340
898135
5039098
3693922
8907385
5154224
8244095
566832
4309470
4463619
5655253
4265049
8296529
2905363
6523981
7246830
509692
5978552
4270367
3122471
3203841
184688
7430736
7641129
58101
426296
6398205
9544076
3451291
4478339
7854311
8415177
8698943
7062353
4188378
6305644
3042846
7376969
2184317
1819090
3926557
7706463
7789428
8389854
7954867
92359
8480876
8946364
643682
3686884
9027882
9039977
183107
5533349
9314460
2934307
7094319
1151802
3281952
5356493
267527
4912501
1526355
1655107
5925411
1944215
6566026
9585759
3191514
7379670
5491122
4304795
8273618
2681069
8357644
8919334
2868730
547721
4935078
8505844
2337964
4118685
9830992
9414569
3472509
7944388
2689600
307326
2327201
4844364
6551878
8047493
4304705
3093363
5799989
2869640
2419685
8982592
5237973
3729131
654786
5361461
1776655
7345065
545212
2837418
1821057
4450926
2564966
1800404
3726137
9091885
4543207
59769
518668
105461
6623365
8470405
3231055
5042728
567975
1760537
3633265
4264235
5365144
5496895
763065
6099774
1902748
3557628
9919816
642114
9466596
9519090
8335090
1152732
324698
4550552
9446482
5207817
5395376
694134
3168220
1076849
2490735
4557374
4160367
3286649
5115403
209942
6878148
673904
5076295
2960022
2069141
4920598
5134236
1871929
7185631
2349913
3759562
4965306
5080273
4336641
1134270
1333295
7484125
8992359
6091452
765165
3419274
2035403
4036497
6614141
8235580
993309
5319180
2478103
3956766
4130180
2124519
4861819
12992
1145690
6744575
6971488
6541159
2098866
5934575
3674194
6784066
8584061
2680401
9467581
5515954
499791
1651622
1931607
7745163
4472369
1505280
1094709
47688
6198236
9473380
2380150
3646013
2102300
3011740
2919495
4680644
751007
8819864
679649
9423416
5891481
3562029
4055578
6990974
3801918
4320465
6764999
3130666
1020419
7016447
4099621
6346459
4541485
5324210
2683601
9837256
7351245
2303357
7938059
8467897
3344727
9132885
8243955
4643391
4829688
4137105
7986973
8083544
7717552
9974967
1651432
5465603
6126645
6000816
1471514
751398
9754051
3412057
4685144
5861816
3766379
2613188
3001392
1058657
870665
8920176
1215433
9830197
7230213
2151307
4043755
9838549
9310384
2482702
5135537
4860174
7887172
8559894
2068963
1843126
4082329
7268009
2527729
9323468
4117753
1464452
5266265
3728579
9750192
8329991
8556338
5749718
4597735
5039025
9533057
4618036
8841248
4059415
8292043
5061997
7981460
3747365
8339895
1981971
5582312
3797162
2233048
7767445
8917712
8026373
664050
4653620
1563916
3274815
1991366
4566641
4210117
977660
2245673
3984401
238269
5095711
521446
8545585
7041163
9196275
6448795
543559
3678317
7880699
120747
1416055
3804521
2134467
7941544
347083
2493633
9679896
2984815
1252119
4842556
1107930
6275075
1548503
6109717
2571808
2392363
6351082
4823106
9036099
4262998
6477068
862434
8452383
3539839
963107
2814532
8607035
7391375
1355428
5334133
4371162
9705033
4146663
5468782
586963
6467450
3128742
8920120
5260406
8214870
2815535
1219990
5013450
919762
5208294
5060680
7452594
6412511
4578351
2189461
6220692
6653670
431503
9316091
251555
4683648
6901209
3722091
2438641
6562036
915145
9558218
8631602
1367141
2597840
6286284
8089504
9082555
9928080
4120155
4355890
2368607
8468428
7353368
9027495
4382320
3125725
2873808
6752048
1297358
4942081
4376350
3809671
8118294
2586532
65909
5360691
9605477
8475938
8861942
8099821
6242617
931661
127780
3202325
8256592
6397256
6677500
3692199
7730479
6177884
3632489
1836008
9981535
3028629
6934607
2439579
2814730
284542
4423102
7980350
1910255
9698914
1347579
16065
7911032
9427099
7362256
4016741
5129191
1088217
1869982
6593950
1798234
6442357
8763910
4262358
9847514
3353549
9499427
5006010
2722495
9580204
9668091
8694464
3593361
8065907
5509060
2211860
1856247
1549292
9661119
2087601
7058303
6982417
2465181
1449602
1831102
7559748
991273
24390
9990074
2348744
4138556
5266023
275100
4269585
203051
8130116
3804361
3228889
6277194
1265514
2140132
5290767
3431603
6480059
8803937
2653314
9012911
694105
3664277
298364
8609350
2212206
9843800
9932857
8434225
2213172
9575192
958228
2134820
903587
9973753
973071
1849704
5055697
8696104
8190993
825413
2164211
3647412
2535738
7645239
8435342
5319393
1104781
830279
5135718
5204926
4633993
7577008
4197516
1977440
1684717
9643484
4030987
624745
6802791
3079859
4401802
9662735
1242002
6066882
3221511
5561988
6697692
1922216
6679319
8329
6774064
1554267
2961916
7307384
5271946
3723756
9049139
1033236
8819844
2223080
1371049
7249723
1956345
5912815
3362755
9336311
1603921
9888209
6384231
1496624
5537236
9763882
546747
5783769
4220974
8485995
1980832
8724737
991252
2453160
9158003
2244861
5754783
1432232
4661441
7543719
9500857
737795
3795932
269792
567365
1848476
525644
7470979
591703
5046484
1680598
7015745
1660512
6521398
7729913
8505899
2593574
6197449
3992971
8680177
7096538
2306966
6467440
7756079
1422168
8714722
7568333
369155
8920282
156244
7265400
4218468
7964804
7852654
5096827
186777
897433
4893076
3612087
7209987
5865784
1143292
4313610
1577207
2705401
1714836
492262
3981235
2787308
3898775
5128042
8976017
143144
5964338
6686860
288631
936784
8884577
1190597
3746943
5169506
4617489
7234812
4253890
3846518
2132782
1449772
8523273
9363983
5135448
3979644
7439224
8426406
3411113
8091522
2877186
5486990
6339757
4822369
500448
9297950
7628616
3092157
4383834
2073932
1842968
2338182
3834134
9343734
7069234
1185603
3439126
2244971
176464
710920
5072383
3070992
3303963
4155553
7657557
9003099
5125459
3003804
4680283
8676470
8682719
910598
2949008
3051152
2565280
3338710
1839320
3168361
788849
4972886
205318
7503609
6073791
2434753
3725793
3527438
989420
9927138
1176756
8543592
7822327
6358818
6812712
9873868
5643936
1498461
3736678
6798471
6478169
5146773
3296991
7879700
4081995
5375867
3252780
3984552
281583
6211776
597630
7176334
3091435
1985877
2318576
961586
9662554
1241036
3707982
7035374
8585253
1821952
5000509
272381
9960401
4816071
7589596
463558
3066428
1879614
2332992
3992175
8670930
4667834
6727656
7041144
207747
2606454
7239554
4359619
2907945
2835490
728758
9122730
3936323
5201081
4711492
1522719
1108774
1874755
3803899
8159121
6173404
8673648
8259893
181697
9749801
8223893
8455584
6139486
4671572
4655560
6537448
1606538
9462883
5294518
3451966
4879884
7055945
9233839
5793
113619
6697605
3530499
5322070
7552346
7032278
1769755
6911233
5739044
2292630
2797287
5812858
9370725
9497360
3537899
5744499
419630
7345642
216619
3120688
8714600
6002445
2763565
482459
6320288
9318493
3695199
7378020
6921941
1016476
2972904
5327321
4005560
7188311
1416913
8720119
9888146
2228141
1368693
2639738
5905967
9509683
3026323
9135142
8920969
6313721
9267339
7436543
1889346
1244880
2439002
5981454
6865410
3732167
7887663
1761679
5089739
6794012
3370739
2918810
2468679
4561705
5440518
2056838
9801264
2520044
1060186
4091213
8225377
4629953
6087414
7156792
7056110
7946693
521522
4093255
9908875
4719135
7204958
2523187
6268967
8570215
3437037
6468008
1628757
1048244
3858521
381759
6932308
3146119
1484272
3303271
9216391
5498751
1325956
1875108
8294812
6946591
3309378
6281240
8911672
9781821
1667645
8398035
8240338
3796240
8536103
9648532
5586219
2062213
9093814
6403643
4096776
9409086
8961039
9688021
1308470
7945761
6196668
2076923
9593541
771001
9505307
1344654
8871317
1863631
5495658
8532495
8691143
126077
2897618
723885
5341508
1745590
6779599
4828447
778274
4518460
6455414
6505007
8378803
2309603
7553391
7544314
1992107
668391
7551515
5751322
1275328
8877767
2973279
8612404
6961215
8307401
6452274
7549197
4729034
6151850
3162910
5370664
7295881
8714659
122597
6622085
3833603
7099010
3629253
7949833
7813658
89603
3062046
5258927
3042733
4457039
828902
8792529
2051471
6168654
5329107
9854117
4917966
4506836
1688882
5274864
3897380
6812582
8776779
9388457
219614
6901684
7970300
5126839
26290
4704791
5139205
1684959
7246021
8285827
4425397
9086628
9824289
3154202
4715672
1822346
8817215
2851932
7203857
7836534
7505837
1989859
6341481
2824509
4172652
9935368
109034
8310105
3474325
4493778
2989777
756098
266119
9616504
2241917
9128046
4539143
1184368
3733864
5005608
8343168
8564077
5042819
7243
7743116
6931678
5143416
8088300
9155241
1166038
622131
4231470
4572360
6451607
4170455
7742753
411849
3204561
4922237
1220832
4321777
4711004
3446432
793406
4617335
5731739
7050601
2132189
1200150
6613005
8706320
1703102
2042210
1565218
5425091
6895667
3746758
7309720
7840193
8166790
5256803
8734432
6059776
2491963
2575741
3023552
3109091
3694671
9076265
9759124
1279561
7805310
5973712
7481532
7472777
962368
8844449
5056393
7946061
4281766
991762
6879940
4985341
7071479
1461119
7719399
3817503
3448994
5975629
1100414
1396334
5115158
5355122
2306875
4519330
181881
9067761
1910250
7082913
3720672
3433589
8343678
7640181
4319983
6629145
8130373
231727
9357774
9805513
8570159
7016162
5572439
8332688
3714992
5069652
7900860
4592092
7042347
2041930
4802335
9457798
8448100
1965428
4437910
4485563
9972610
1924975
7068939
2756455
1937751
6985859
3989498
2085576
3703539
6364194
1129125
8515350
9808426
5276728
7727184
9789011
3699197
1532950
5887250
5364538
5573531
9711358
668565
2049568
2115800
3866748
2372095
8655963
2988765
1294202
2365218
2755368
7782100
9272549
1851597
2738766
8536602
1348145
4050907
4281436
836197
531813
7063905
9054765
6361950
8026936
6362911
3778766
38030
2829072
7958367
755796
4313607
5429448
2605742
8372566
4727650
4823633
3092679
626781
7086852
3916077
6529843
1158849
7571668
637374
1699774
1604731
7710123
9088809
8135743
3008685
2576156
9932509
3360279
4104995
8115891
9863188
7451896
549952
3717999
2694137
872265
144600
9226566
7613215
6473097
8227296
1077683
874378
3727352
1243042
6919968
5054369
7032092
3044579
9681613
7229659
4546957
90994
4030720
8228517
2093733
9223499
9016093
9880628
1935381
3398430
840470
8034819
3990436
204568
1907757
9423635
5602541
9510333
3035660
5669654
4033511
57935
1390076
9321351
5528959
97971
3892912
2559448
6980680
8856023
3341261
317716
7047179
8514837
3140228
576616
7532861
2223450
1175125
2506401
8429218
997086
1175260
5951777
2887414
7215369
3393497
35760
6184050
9011640
5463546
1042053
9206905
4287129
3302322
4037623
3152701
8584251
264756
1158476
6276213
8923515
7773834
4119405
5549705
4051607
4764406
8377078
7416832
5033607
1089100
8366601
369340
6777571
7534184
3385869
6854532
1054903
6222168
474169
2127923
600199
4469796
4478340
1536133
8861667
8482412
4891609
7394143
5786341
7530493
8440176
754029
3586029
4330629
4793724
4166081
7291914
2886286
3122814
6366858
1870603
8051659
9321127
6460010
8723322
1643007
2729759
3122944
8606057
6703937
2238246
8948286
6109510
2486370
3555591
288020
2452229
2192850
3228745
7008393
5860337
6600437
2303286
7023195
550707
7349232
1345391
6576048
8588241
9375852
4718283
537193
2442005
738004
1436222
11519
4468477
9567847
1053583
8528003
9067883
2993344
7077782
9445857
5140813
5917828
3264964
5855572
3699363
3045028
4790006
7378829
5798545
1771377
3931962
9834918
6837483
296914
8161997
6542224
4784242
8398246
568588
3672348
2911049
1172460
8032824
7163609
8213743
2756239
6114283
511367
4273915
8169789
397927
9900307
263462
9078382
1049556
7169835
884455
6055978
8044101
9058481
7339581
3496040
3347751
9247997
7418032
9463204
6315803
6220784
1767474
3834348
3013063
7012762
4194328
4358379
8336453
9274400
8704076
545881
4574191
884969
5884816
5755009
5401732
4813276
5290158
2887489
8232802
6684072
1661545
8015782
2431855
4115580
1495485
3145737
2279337
9751417
383109
7096709
6273855
3206627
9052340
6762778
2699542
1945851
4461718
9485503
6423455
3115660
9638258
6642193
3547892
7019413
4520760
3049569
3733525
6882418
5504923
9970548
7588068
8331423
3083976
559491
5999472
936974
8273495
6565358
2298301
343017
1095832
3207281
6941297
3953030
3172527
792064
4667068
5260037
9979246
4263302
6460441
254948
7711697
8547572
7246868
7432172
4206958
1679529
3190780
660931
1322062
6997632
8159343
6881979
8867935
3257341
1692261
1100407
8458145
9574229
7554323
8677542
2364436
5156983
698529
9455004
6868886
4196857
2306792
5813242
4712793
6790290
9557906
6948889
4012147
6347875
965765
2966144
4650139
3482603
2915119
3977607
8643795
6245277
3013737
1871736
9679310
7380556
6889595
3674933
6262759
914611
2907755
990553
991833
7105737
3410293
7414842
5018023
3502378
2444343
4185310
3298692
9624120
3872436
6108343
1272472
366990
4844791
4767294
7007609
7892535
6932205
874086
6560085
7082463
2492372
9702009
9701976
4485953
7624671
7058086
7388623
48002
2352376
5080616
5957543
9867837
2616554
8488979
8928521
6349005
1036269
8191454
7956435
4540480
1649441
9601071
449478
6543619
1049054
2617695
7053905
4077995
5723001
1013133
827359
4352592
2147400
8972291
5894722
9474696
9198389
1995730
5507448
54339
8571789
9378407
9433522
4492627
1815270
2956261
777406
2533919
1803482
2207729
1174758
7397643
7168050
536746
2385470
2841973
3264175
4157677
7432060
4186548
2104129
5601097
3214511
576723
5536198
3208283
9826765
6323831
6961334
8305148
6152492
5851021
4375530
2154489
3276283
9310615
5413615
2163942
2948232
2376713
1795700
9291315
5712773
3025868
3705703
7124976
3309884
2465904
2916253
7399190
3021122
9374341
3833975
5054902
2706648
4573060
8007849
5962831
103846
9845883
8183895
9237068
2056221
9302084
8978946
1647074
369166
5307812
544331
9532044
6980416
5554341
7753620
1834387
6185475
7181105
8044528
4372812
6933511
3779395
19317
5419415
5968240
4761027
9282296
3990414
1342596
1706872
4661617
1027145
5291539
9590684
8394569
5326527
5033868
4236918
4926559
8930665
3786026
1937471
3034797
3328258
3937991
4181609
9029327
2348076
9849481
6637086
5470043
2242283
1520945
1675640
197455
7057807
3564635
6860575
4792352
245380
7015035
2346096
8058849
5771705
4080419
1957323
4076945
9630861
5129625
2836621
496493
374643
548644
598375
1342823
4733176
9602587
2851122
6864114
7901833
8493800
8441233
4459296
7475683
405761
6514651
2053743
258844
1868056
8384871
1330927
7279600
7698675
7462204
5290309
2999496
6363727
4247827
3491405
552971
6677431
2185437
6743284
4094127
1541497
880151
9345329
5437369
612677
9637433
5113927
5487181
4371683
9044131
8183132
8514058
4290031
7029311
2219028
9688220
5258833
7945507
9020970
3425002
4667830
7772888
2643184
4751360
2866232
8504284
4760136
1639714
3979648
653349
5588915
3716188
9101593
917238
6403307
3580289
5973917
7042358
2234461
1427583
6901964
6340603
6330118
2866643
7886292
9700371
6903467
9041757
3345486
8486925
8448718
5973898
8504886
776474
6815457
4682204
3667511
6260310
3324310
9227495
5253132
5150833
3003975
4093593
7239667
6563384
472917
5671112
231611
6611884
8367946
4456727
3625648
3811021
3696961
836411
1357980
6383743
6545484
2955694
8034518
3020407
2797540
8066307
4616889
8244646
6473230
7635767
3801109
6774288
8702999
5669234
4344393
333713
115398
6533941
4508095
357226
3665729
9752881
7157018
4221232
8207652
8227415
5300522
9899876
8310891
1789767
3765178
9730629
9728073
9233432
4603298
221362
3982233
2184151
5058591
5555733
4371722
3619260
3008876
4860223
9221864
1475510
9113225
1037584
1297914
8145163
1231449
3682685
598793
3454962
7186485
4461953
4002469
1161099
3604372
1077629
5781147
3424750
8047833
5343269
376621
8923628
346714
521925
5082069
5084512
7543465
1955660
4776813
4439736
5796002
5069777
6347452
8189474
3243570
5457323
2765324
8843878
7749385
2123614
3131731
3951205
1837727
1495603
6182625
1248297
9872944
7684073
3448796
4489062
2657479
6671208
3825376
803508
6546907
472521
5851580
5492839
1857047
8224435
2381999
6482473
4960808
1714758
4878232
2739451
3863616
8533700
6316874
5524552
6453974
6659568
4901916
1441287
5770008
4426518
1787515
711486
1305840
7090137
3853481
8161837
5644936
1464340
4465053
4532075
8881397
8023534
6518972
5220819
3926395
7064424
7443496
7876297
8126873
8138322
4013931
5044407
5930542
6376590
515248
6288501
8206033
92867
4723542
296704
6187011
8132715
6145377
5210100
1526750
2794463
527980
7709410
3877706
9496205
7336216
5226830
1179628
655688
8191593
4443305
9796673
8370979
894208
7379637
1043725
4893139
4954647
4529098
8230279
6293033
4582908
1204490
1466478
6863591
2097134
4406772
3999464
931365
1016781
399076
7402043
672487
5380490
2023360
1206150
1358738
1143946
9083720
4880704
4982630
7088004
6886893
835387
9878591
894057
5647807
748626
577336
7272703
8630437
334997
228106
8725630
6207603
6130406
668286
5398184
7069895
7237042
3800598
392329
9736403
980756
5942109
3428277
9844501
7003099
5863990
6272714
2692712
8769314
5973618
7988763
4328404
4052345
2279664
7873547
8942557
4961887
3359393
6913241
2264159
5842217
9712856
5253036
8619548
9800619
3415109
614983
4345313
1687295
7806536
4753070
1105358
5992275
1734738
509183
2279689
381296
3740093
7887625
5672826
5616778
853027
1686722
1493
7305183
8753569
6538104
8238854
5859972
544372
1544736
9879564
7736012
5020727
257118
5425986
1307424
5751325
3739392
9554008
9249798
7082652
2276458
3861206
7557996
7985749
2764887
5591903
5661793
4092901
5721270
3644059
139841
3781581
8231113
7238769
4402070
3687185
8184193
188103
9392797
1323805
368041
8946612
6992779
1389134
249884
9095260
9590684
4240884
5733785
3725687
2019582
7787793
1193468
2930673
8304069
4447638
4417240
8266466
6006210
9829080
9805395
2358327
3430130
5312989
4373972
555658
5002444
3896070
2578550
7574225
4519061
5817635
3715785
3086426
9734832
6140955
6867461
2714024
1294587
8407698
6658503
5689907
506657
2388116
5210265
1482126
8738974
9419526
2410144
8947234
1200376
1908036
8554
962936
2505525
3804209
4075471
5448063
9389805
4850661
5319071
3696985
2182707
7846526
5612071
5043777
8370159
160382
833121
5144841
221551
3050794
6559196
7800455
5208090
8732031
8724362
6174644
9592976
2492413
483023
7818583
8064916
5659504
6773592
8657291
5225240
6339656
1324905
3675260
4413652
6794492
5374306
7145053
5263027
5604508
6160632
4818831
5761446
914884
2228038
1214511
2101640
8926729
7707474
5424532
3476603
3684887
8677011
9357928
4725978
6439746
7336360
1095893
2592195
7580076
4682564
6150111
165390
1729723
2142464
1260541
1043798
9418441
1566277
5047352
1218783
8552377
2186383
1701384
4696182
4290206
2348086
3366346
2511043
8825675
5178816
3587063
1386025
8737747
3378299
9002100
9097771
2221559
4052659
7794566
2331784
147756
6219231
7200746
5737698
7892485
7810540
2332117
8659189
4955919
1958204
1837970
5458928
8996086
7600024
7121457
5034398
8153024
3625693
4759949
5266604
3149609
8409940
361490
1699876
8261980
8506163
6495621
7556916
8048020
4743415
1639413
9392985
6134558
9702634
871669
6365045
6766616
7447289
9241766
2066461
2912920
5628090
3135729
2825867
6822189
8008959
7137203
1892783
4554130
6513694
9347050
9312656
7427965
7048276
4397237
8020816
3622354
1238770
8711629
5773413
7460260
9836182
4065102
9501849
8718473
3338177
1814044
7645244
7026892
7434187
1556034
2434647
2851602
4271670
8588199
7273588
8135963
3920534
690525
3830072
3355656
4078814
9095842
1692048
9397182
1093940
1950831
7971282
8064244
4732683
3872437
7801516
1490601
5855320
9081650
5997624
1135843
2990911
6120235
6088426
8841028
335470
2913255
2726739
7906093
777507
1872848
4075425
4646453
4275798
3174465
3984366
2321185
1145403
5824766
3743593
341363
3165472
8399399
3364848
7384648
8030123
5358264
1777094
3523940
3988685
8405701
672958
5174446
9897732
7722687
6610944
1084431
5307536
5195730
128282
6386136
7873459
4587093
8481403
3367074
4663514
1760400
2850210
3299082
7318304
9212284
5584754
710556
2262112
1693511
8751591
1273385
5087775
3527194
9457917
5930845
292560
2392631
940516
8715701
3564997
797778
85606
8821527
5981244
8245639
8758332
7073039
3773220
5609499
2268975
5684780
7763309
7100453
6417272
1576827
1159393
5353513
7512944
7559084
6203484
8681570
2002585
3024437
8191032
9145037
7190217
5967080
6181007
7948751
3302584
1549023
5243585
898386
8640581
3285628
1531176
3220993
2289258
6112329
3005301
6456560
276182
9687074
9704131
970555
4334767
2518160
2097511
8520179
1162342
4493246
6660842
9698623
3263964
7802267
2796085
4723356
2762655
3197713
1839728
7872865
4198199
8462698
4781391
2501245
9374436
5104373
1009132
1503136
1524281
8270709
4727895
9744221
4409661
4311305
8775937
1901537
3828612
584216
9100195
3187775
4119480
2995212
475649
661202
7202495
5301086
6184106
3590882
7858632
481565
2798083
9353932
7335751
7850409
5131018
9966126
3202134
3307791
5658771
4655870
6207195
5150903
920694
306229
6135369
1058437
3452779
7353685
5030415
7587273
716702
3157150
9426828
1148687
4342274
6849821
3357698
8238961
3376464
3556482
1168494
9536734
1405864
647452
280223
9969009
8275064
4742174
4986302
8544536
8449781
781977
3374119
6132485
8748360
9190330
1382707
7860948
3415443
7064385
4126030
8588486
3472983
2113544
667837
9582740
5844855
6163013
8338437
585993
5941748
774135
4581595
4717246
1233864
2836838
3787778
8524591
7592955
1417959
8352633
7867262
2865114
7740484
6735850
6502131
712387
5816031
7557383
8655134
9247994
4189719
9771085
4706296
9338905
1085631
6768701
4325101
975508
9834147
3961851
4876652
7601257
5889967
662544
4903049
5370758
3748481
2647714
6756689
3470476
7152310
6594304
448809
5173639
3714624
3432331
832585
2196809
8166517
1222628
693587
4662699
6227651
815941
8499205
6488233
4558300
9174396
2645165
1551227
7337850
1547789
7244621
3096763
1889105
8078399
961528
5570884
7777590
5964278
1278357
8685939
1567527
2988669
5321436
2257821
9003048
1879407
4497343
2383723
7376762
2753269
8397892
8382677
310442
8090807
9686519
269904
9082708
608348
2539183
4799971
9316177
288810
4188731
5654799
8790730
8326927
5541381
3018314
6089019
4663212
1545035
2083048
7951043
915689
5297090
9916503
3296687
3235438
2794060
5067070
5964208
7707062
8292235
6376464
3043881
1426010
1470482
5329721
5173324
9029476
373588
8503538
8681490
5058346
8973160
2019776
9035139
2148422
1532001
5348884
6349300
1611684
1371536
8724355
1880050
3300852
5294311
1729750
9390763
9626004
8530830
5860419
7117576
4249229
9099076
7301615
8707348
6708837
7523033
4553737
5194883
3002355
3077141
4471864
8853332
2750873
5974024
9364920
350477
8876875
8452675
1335650
273430
5449791
2618853
8869241
2672113
4313493
2716423
277312
6564866
5000555
5673755
7001098
5397338
1449412
6068512
4679262
5764895
2548793
1451163
6683877
6293492
6924386
9956863
8038973
887401
2225400
7656179
4785912
2125086
6020433
7417196
5808665
5673037
3798098
580836
4292349
49122
873501
1656341
9804327
1670776
1678089
2613028
2911004
2978557
2482021
6099405
7981209
7782794
1058725
7586728
7770184
2551823
9516479
6146420
165618
4689079
7893798
7242804
1481809
1892118
4848621
872327
5888708
5866644
6226311
3258684
2498763
7258239
4630360
5951106
1446127
536210
355773
775691
330085
2845618
5843562
1241729
321153
9422355
1615388
8800681
8302717
9725886
1515348
9005435
6297432
4447724
3196927
7177486
6148699
7478808
698932
2864828
1958727
3940482
5458104
447723
3345280
5502064
9337573
7717017
4898045
5474855
7068889
8940642
3203067
9234182
1743882
6059036
5890205
6492983
5905695
7473092
1889755
8403889
1894885
3824996
6612877
8949255
2751922
1338948
5520668
9172219
6545909
4400887
6532389
3457191
1713120
6925421
1556577
4059380
7797335
2369608
7351267
4828250
5619669
6217420
1509973
3170625
5700454
7811801
4170703
1624119
4596047
5957890
2035988
666592
8330548
3450088
3613379
2978484
2825089
8908475
8565277
3620589
6271300
1204102
1799197
5960164
6890868
9211700
5686030
1910824
5434848
3318468
5187394
994588
3457386
4524181
5401871
9983632
9378059
6697330
8877239
7480726
1105667
4763200
2186386
6071720
9173772
5607507
1198511
1520053
4872998
2519511
3137325
906580
2282028
8068097
7399929
8449557
1228393
1036345
4249897
7786160
8385854
6408443
5265845
9927428
4063272
7215208
2821728
2348702
9136394
7655785
3472113
6127949
5347534
2447116
6607309
3427465
4321285
2540152
4903127
4724456
1103785
6045346
162482
4757675
5794786
5534490
2744891
2108597
6009830
9009330
7463426
823418
2323011
2503877
4044327
8231656
5715680
2526882
7289684
2027708
1398995
1138743
794871
1901257
1740067
5777445
3951046
9175687
6472906
9360918
9653557
7009055
5336487
2015140
6541294
9305478
3252621
2004741
4126227
3433729
6650293
9399166
2641817
3177152
285603
9689599
3598176
4622882
1061453
1670616
5193216
8471790
2076135
680947
5626941
3134139
4778778
8497505
6071068
4400687
9470007
2191177
2883450
4486994
2772625
863630
3642559
4284396
6884450
5845176
1178776
8320323
4024120
2223477
7740774
7365485
7721116
4498840
5196743
4670514
8745431
3106362
5577230
2067635
9641886
9044980
4365870
6441473
2410607
328987
1549005
2814584
1134053
4596913
2468853
3877486
4610145
3123515
3427061
6514753
3494187
5576085
2132824
9285392
5587150
557752
6477766
461143
9332630
6552980
6235923
4308765
8734739
1817250
5665359
3501265
8505227
8867092
7114678
2252010
7985128
4992971
6703506
3041036
7188296
3478038
2156609
8755152
4019657
8182545
9538677
3903390
6121448
9080715
3051785
2021675
958278
5993663
47374
6394762
9386096
8307902
3611939
7468360
4637257
2729555
3601578
6125395
2530820
5749228
5963938
2062912
7074738
778829
7959215
2321176
6319225
8818781
6167036
6222099
4700169
1816709
3134349
6975428
4279643
8039876
9199061
9237774
2040338
2609340
692158
3762794
9973798
6074201
8728893
6359731
6441106
3107196
4475562
5598527
1210790
5218790
5740340
9532119
5757848
8773522
365297
196583
2962088
923698
7175490
9689612
5988894
6941989
6674739
7750322
6865464
8325030
8690338
1006865
8038391
2837937
3621866
3047539
5394116
6566489
2278755
5439648
1142174
8632900
3080328
7989248
614785
2845168
2072119
2933845
9424179
9211631
9862909
3255097
5655449
9999910
8263390
2413982
5649970
1032837
3042200
3994661
814718
7973706
1652366
5711364
2278018
5556743
4033444
2290459
4962955
2732657
9026460
1932094
7997686
3319757
7580393
9209804
3920634
2235611
7748861
9680302
4676452
6707874
360518
3034300
3493711
7235222
5728669
8899494
9931704
554175
8956455
5820151
3515069
6181990
7017069
3804305
8263406
7529720
9926557
2817892
3910362
2598896
9604310
9266548
9687940
6697002
8613947
1519131
8297739
4210762
1169479
6363299
143
4201666
3646032
7706305
8340739
9896234
9456110
9517405
9733233
5940728
1995260
3791411
5795072
8506302
114104
7275039
3419684
5675669
4273365
2523278
5467349
4223101
7109519
9555627
7950307
3210060
1462524
3814039
6885676
4207648
9128600
5916599
5701680
7382197
6409252
4807296
2111915
7770521
4464637
692026
5234415
2739623
8743569
6213703
5108178
5911572
3342476
5915843
481087
9852134
9296987
600659
4227999
932597
1790104
3477413
7728082
8010181
3732591
3482181
4166075
2118090
9713361
5619145
1646477
7090366
929679
1738385
7039778
6423854
2725674
3486587
8694189
3722020
2196554
882709
5204198
5187661
8854083
1185701
4659375
471798
1170496
2806030
1900800
8979543
8324371
8379856
7910520
5480290
7302388
6618763
7994889
5473120
7223711
5261360
7391667
5732689
5381097
6144347
6298564
3362781
4518798
1749663
9907621
6965311
2140190
9331323
6242901
5225925
6778191
725442
7156045
9783388
4111526
727219
6375782
4390898
7495943
6660575
9229923
603157
6806413
8379640
9400255
6243911
3963074
8336701
9817500
6853385
5808854
4786593
356847
1334617
9546728
2624756
517650
6445191
9581580
7621218
9589064
6042014
794778
5535749
9225455
9811391
6822766
6600861
8069488
9766408
4898158
7834339
5639053
5037024
1453276
7517175
6921235
3370516
8523870
6791347
2334327
2405825
1081870
4124689
901165
6147882
2220144
9544193
7155
3853328
6359706
5235193
8099868
3483742
2582285
3407969
5696760
4954825
2492649
2622217
2653714
3276715
1026805
5853976
2722895
1070061
4966635
5459609
5622991
2253157
4842556
4147194
91830
809777
1417701
2158437
2327661
3434342
6375364
6991879
120678
623821
3939521
7968711
6947799
3892215
2975110
5950887
855791
7344456
4287756
7773726
8345889
7786888
4709784
8678323
6193992
1042199
6679208
6800321
5695776
7044077
861873
566801
3455077
7239810
2882930
5243126
9204141
384535
3212291
5796099
7341788
4017835
2262300
337360
4728521
1128414
3265737
5716550
7173925
6314870
8819334
8723990
1027739
5799523
9527707
7006986
542138
2722182
7182461
4447562
9915370
9313226
5058538
5041702
4541633
4204804
9359181
8179530
3298208
565953
9611278
2642605
6819361
3510608
4935208
5269650
6320104
6718565
395638
8402364
2494737
6306486
9054413
1897568
9592828
3578908
1897540
9879071
4137820
457608
411125
3428015
2253553
3867025
1679271
6567024
5793576
5551058
4096689
4145482
3680513
7676867
6418644
5535155
7464844
9573706
9470470
6060433
6356015
8740845
5490630
9508055
5472534
6243371
2421796
1362346
8802364
3301801
6042680
7185683
5154276
6108120
4480953
9280135
4369332
2447749
6323480
5790167
4746129
3498462
5535061
4632445
5001661
4026960
4062430
811938
1345912
8787893
1533120
9384054
5337987
8179419
7439484
302554
9227213
4645252
7767529
4164753
136497
8276369
2026075
8041987
804915
2319035
1330512
7007568
4283682
6706539
3789334
3095677
4950507
7966323
6905887
4677124
3304538
6540809
5911363
3882556
9353394
837745
8861177
9950469
5017784
5826574
9453071
282227
8679530
135017
7700731
6688945
7630144
7442235
3163894
2829132
1583273
8911698
7578504
516508
9517588
5948251
7999705
6839468
4096332
630517
1136065
3309021
5929716
6837570
9846851
7242003
7911092
8362427
5860381
6998094
8575871
420956
8738622
142895
6660133
1540820
512047
5139745
3359094
3577948
5233851
2352334
3412495
9957399
7716056
7131089
8348830
9157810
7161144
7646596
7550861
6379172
2713011
8898695
5947988
2759978
3584542
9470997
3546934
8948012
8438748
8463474
7000265
1589617
3433419
9527779
2529347
6606919
7952114
6784508
1726280
8355009
8579097
6830251
8303814
6025310
6969409
4066553
4979372
7831942
5581004
4175605
1399636
8982372
3419861
4588097
2825495
9707935
6653199
8958437
9821401
7852413
6349067
8490697
5886010
1305569
4181953
2885269
2984158
4626635
5258990
7226851
6367402
9061504
9458212
1647872
5287928
5241832
236690
377205
4141326
7932330
6269605
1342459
1515383
9292042
4848411
3999750
3335429
9788650
6307853
7398476
1062453
9702707
2871140
886504
2389869
7183320
8644919
7670385
6888257
6382325
2675015
3104761
9538676
7559223
1884814
6455381
1841100
2870829
7506357
1612880
2469396
4090887
1432650
9932708
7951442
4003041
2829545
9036357
2076187
214238
5418184
1042247
2159687
7059070
9840708
3627774
4492386
5436066
6362241
1976386
1670886
6332686
9959949
4093872
2658618
5017905
4971118
761406
4748922
3299876
1012243
7593610
383978
6999736
709275
5780361
534611
172582
2587007
2530313
2352349
2070024
5469622
9047556
2876369
7064915
7401418
7173529
6242647
2160150
728740
676666
2408637
9294203
7599236
3042126
2886471
9457713
975815
1705040
2309358
6735773
6861133
5521766
4528569
2910855
3750080
6287052
6785788
6161637
6466079
751731
2252699
2966489
1236667
1202778
4705535
5579730
3813990
2883025
5612778
9459285
7364007
3739800
9469734
7429710
1915995
369029
1127130
1424738
5636603
9818225
5382296
7484190
6592231
5320904
4862598
9966133
5802126
1914808
3430800
3212288
4477824
113814
1239307
2863010
3483502
7806392
2747284
8154765
1286511
1593423
7826279
4862650
6148707
8087754
4470182
9437500
1909407
4748538
7641410
7965195
174158
8419909
4372447
2503373
7950101
9580514
2783182
2645087
2472223
8136631
7390563
8664385
5527177
8270751
5951928
6302699
7985571
5724299
8019915
813469
9936719
6183000
992043
5160729
6753422
6726900
3244363
352381
9468801
2979667
4052372
421058
1148139
4772815
2463990
6211138
1192461
8851063
4849379
2807808
2583514
2333679
1973769
2144411
4243064
4707383
9628709
4264657
5407361
4371941
6273159
3779123
6351988
6228527
4904678
2440657
920304
8740550
8528504
4282313
3171742
5479890
1517887
5375841
3073925
6308673
3099253
6344854
6116472
1401073
2783076
685402
3585673
3202844
3789722
5903274
1642092
8255359
3342587
7730084
9656705
7997023
305415
8603799
9833592
9526117
1749683
4750759
7984636
5785765
7448552
9880733
5539925
7108918
8252698
8881776
3270450
9028313
6170036
5913896
3214962
3413257
6362485
3050056
9623731
51342
497171
630622
3279939
6934743
4029248
854120
4567905
9394711
9232866
1977245
1300266
6152588
4857353
6926945
5552150
5149576
5854850
9084770
9169801
4029253
4737900
7421295
3995506
9517187
9004459
146314
4881590
9750201
3852940
773441
8134059
149664
3689457
4187339
2213459
4978128
9312534
1349306
7661441
3921904
3089108
9462281
4333321
2465475
9922491
6820525
8215915
2064510
6315871
6850162
8559137
4552151
9781245
1716033
5382522
1794264
4012982
3688961
454788
5412228
4707819
7556063
6189573
3415444
9060572
9949414
2344585
8547361
6859265
3512468
2590212
449067
2754940
6344325
8877440
8815955
7086985
8759516
6185350
8300306
7552142
5742601
8122412
2415586
7363338
7803775
4953621
964821
8130726
1570759
1620530
9923894
5548656
7090971
5338991
1145316
5095233
3280895
6234513
8562490
2438256
6875100
8182425
5620782
996692
1594887
4009589
9963110
8249730
2098287
5097620
4060370
1018494
7059858
9641428
837269
7781019
4478409
2840871
1424465
6810629
9862735
8414146
4977344
5130617
1561842
1821899
7216811
2505996
1115354
2622291
133562
9936872
7479423
8754188
2753614
9943296
5324784
2144116
7232254
9371862
8246043
4682787
505638
1950961
8800952
2993280
1642070
9958873
5116017
8986573
4601570
6414973
41673
3813273
5006739
4766092
6827589
9401998
8920523
5075680
7767215
1990108
9447214
9882763
3057654
2308566
2685541
6936743
8294994
51179
6231750
1415216
3629414
6629815
4254321
1659518
2715110
6968503
9635469
309621
4435185
1023517
4356359
4977288
2392560
148034
4599937
5493015
4799207
708632
7826714
3755624
8002566
8264854
4236606
8479979
8965218
6445684
7205265
2145224
3640092
5896596
6693412
762119
9572260
3416448
6528536
5095236
3104908
6683839
5382562
4180418
95931
1838804
2517698
6093993
286287
7000175
7780099
2087011
1958039
2657677
9957436
7471301
6300655
9783377
9705750
318473
3600007
61697
6496479
1298992
7478899
8491048
5181151
6391331
2152880
748008
5133477
7436671
704455
2550968
6050011
1401993
4556388
8240201
9558205
962937
9566228
1136118
2322135
5140083
1997338
732936
2819257
4816322
9020477
5461406
4302812
8415049
5156164
4249416
8320694
8712279
1188681
6483460
65773
5657972
4951289
6009499
1158339
9403345
8190560
3160743
9159238
6201868
2436468
5031938
5017497
4844577
633941
1607788
678796
6600914
8127672
6756321
5440808
8850748
5428272
8931351
2710052
4298914
6240986
121543
7392599
7501647
7528619
7329979
5481419
5086959
1389285
3417116
9841796
4372819
3819537
263405
3445590
9314703
6234769
5266204
4285677
4865185
2170722
4695131
2234614
309081
9759268
1563111
8282133
9665279
9883391
306876
1840138
8313447
9629697
9550187
7527756
6200988
2385029
8662401
5596540
881101
7323524
6284293
5671386
2294808
4619771
3142869
1921585
2662181
8205224
4445477
6427559
4751768
8008811
6632473
3265614
4049151
9161243
6830980
7987828
7749964
8676371
5195455
2011002
5004828
2582815
1480456
7199501
2996830
7114541
2644231
4846257
7985289
632498
8070381
9504921
2244660
3563061
2752655
7210743
9188880
3870376
2677144
8347467
8731247
7557863
4769561
7495531
8712771
7191646
3300014
3869028
3197373
3152354
2194955
1187534
5061669
3620553
7762017
8410718
7277492
4979298
3339321
3387461
1902356
9383263
9671895
7115322
8250662
9259141
7022831
6138416
6702101
7397051
8614161
2473630
798619
3081759
5780916
9320185
8377507
8461401
4741636
6788949
7850066
1408836
7728630
8118662
5033674
8442300
9860763
1093968
4928704
7796698
3293664
5179512
3085200
5146724
5369906
5777504
8296972
6913943
6710934
2145319
4318468
9311622
8334974
5562224
7425716
1217755
2216685
8063821
782152
9789051
5620483
1038379
1120870
8348377
7657602
221550
3033186
7207479
8050956
8997700
7413972
3815595
8578964
7478888
7250756
8642047
2270164
7365528
1214520
2205594
7395915
6996667
5565038
4213527
6374937
1300689
5333588
1876504
2297846
9187829
6717663
7973132
6351942
2806117
8636187
7553448
6142103
9045364
2685917
9314702
8943672
4574329
6329043
4393877
5724546
1724572
1421715
297409
3468899
8141245
4787377
3738235
3774343
8601754
6544609
624881
4879790
8903862
456709
4214827
5220198
1390122
3465405
4462857
3774986
3867420
1120583
3781189
6718730
9012553
8268207
7177279
9542538
4724579
3223532
5375314
4378506
7841552
1632986
7284083
8019752
9685259
5080715
5151535
6147463
5408733
9878996
3819101
2826425
891031
151992
4720750
1664752
7336104
8376495
368304
2524808
5415741
6894017
7383148
6576734
3361094
2513397
9501327
3540074
7735350
556095
2618944
2250409
5396408
3520564
5050238
7491010
9677157
4877095
5375035
8081361
8125291
2384195
4067195
3404500
3853022
8674285
476082
1271161
1933829
4067418
7687899
6489054
4280241
8777711
6265364
8265336
7608329
2131243
7529089
4867059
206424
4715374
2308665
9844682
5357769
3402823
5695093
4837950
4724225
7349993
3079183
9756856
5780242
6247736
9225420
6170876
3273495
6170494
4743808
4463843
3289682
6111071
3482779
456062
3281304
4890292
7716535
6550790
1071207
7267965
1667588
9320083
490729
8456001
1048766
7840618
2062564
9714959
4939996
5540677
6787647
4029205
654359
8288545
7969330
6435562
4456327
1891563
6756503
888190
6994575
4140181
9076753
3679103
9280175
8935532
6433845
9423491
5214831
7612373
5164344
5394275
7584629
8831277
1261430
4742044
6151697
3469064
2573211
6719875
9943293
6402559
6198914
6209984
5497052
7609725
3766000
6722417
9085746
937953
2913757
7388695
5306442
5880885
9377990
4500473
2248976
7713563
1556026
4382142
7093422
6727909
2607779
2501334
8360593
6102128
3065656
244856
8675251
9469835
3356452
1669204
4323585
5925296
7885663
4870040
886300
395511
7986521
5205684
4293202
5806667
4940268
3340066
2378815
4429138
9019130
1044576
8636920
5998735
6544811
6365939
9016058
8973886
6804250
7762673
4310403
8426134
4275221
9269270
279810
7367466
7072763
607011
6374496
6566534
944723
6724883
9812534
5313316
1975125
3092707
5769414
2118832
4503001
1019832
5878433
3208149
3653107
8525730
8550510
552543
5092985
3299278
7763545
3271867
7363925
7457706
4539332
991752
4515812
8131480
9505642
7956040
6947969
8093828
7692965
2221980
4590625
2988334
3485016
8507610
2713122
5844695
5322117
6129515
8646106
2592450
3963317
6884671
335467
697138
2087196
1976424
1117713
8241989
3870872
8165055
4104558
4681037
1910798
4016418
6024195
4463501
6879624
2196483
4499459
9223060
7259387
9166535
6094194
7142751
4329129
7766617
305587
6025540
1080848
1103792
8846413
2790154
4991250
5437137
2669520
8985438
8498165
7451623
285040
1258318
8727792
6727936
1906375
8213009
9256878
8608521
3901389
1930002
3380549
3125255
558436
9422510
280349
122746
1797105
1456977
4305138
2392800
9523775
2187122
4910096
7464498
5800611
7061105
7597059
2441571
5433836
3490141
2981213
8168853
8252136
9599979
5138546
3767757
2875158
8179110
402726
2683790
5666802
1958923
5580688
7562956
1673988
8416003
936745
7070694
4217668
1064997
7923568
626543
6366146
6519783
8624186
8077910
8548163
5837229
5626348
2946294
9276518
7820636
3497097
8704424
1358663
3151541
8983878
848063
9099393
7433100
6957355
3243946
7930508
1927566
5478024
5962058
9866233
8842598
5591114
992484
2609425
9359007
8576417
3846635
326953
4215150
775450
5285192
4899999
4452435
698612
3202590
2188185
9373015
9748975
1591841
6128700
7917047
27633
6882531
2435137
2607271
6492158
9664932
9898852
5506059
8911028
853456
4440085
1691812
4132792
4119241
5860863
5172355
8331025
6768257
9799356
7348019
4515807
7331092
5700021
5071091
178690
5128273
9868054
7753887
6320551
1685969
8986488
1738675
6893435
1192121
3517418
9614733
1741539
8316047
6435023
1405637
63873
8389628
8163928
9172660
945901
6662576
9354286
9518617
8046177
7757380
4777133
3325042
3810865
4958782
9784844
9312182
558414
9960468
112392
7724367
4961843
8569772
8174921
9490236
9737826
9389095
8890900
8371184
8633789
1683434
2187627
414323
4488845
3792714
6361524
140392
7335592
6999457
7240518
4224014
5971818
1074989
3076458
7126158
2685419
2448992
6105948
4112407
4362540
5302446
6244086
214846
4951991
5169794
1173460
7161372
1800034
7927431
8568170
98893
283952
8835269
633597
2766201
8858359
6925958
2332505
3647816
353461
4008394
8169486
1018893
4895803
4911714
2789968
2892371
5657251
2095103
1324267
1456940
461478
2324623
2594867
9303056
759853
917166
2314087
5424552
7967777
6897946
8375337
582204
2157969
6850911
9827158
3645498
8311730
1584181
692600
6703933
3518302
8796834
7524789
4163777
3872984
4382549
3435384
6156251
6418990
8436382
3154348
5561797
3834162
5489862
5644151
5543599
3551917
7035494
8843645
2908039
4163877
9109274
7310955
9029524
600761
4692000
8405382
143393
411005
7767530
7780924
2403711
9895481
45860
3031270
3172405
256294
5720330
7789657
9070731
2549301
6890660
1458332
3243131
2719952
6565113
1894699
2221772
9088878
1001945
759024
558770
7296466
7350487
1021910
8571685
8474235
5386007
5180723
6901501
2189456
7639049
7894947
9434000
8498305
9581824
1638283
7221138
4107499
2694631
4874553
6854570
5184771
9521133
8939496
5410046
5098004
2148497
7140244
3964402
2420471
8463956
7896548
1437299
3765944
588886
3120611
5631079
8416172
9029635
1660762
788995
1679287
5296732
3986758
3749218
813338
7078392
6765010
5538728
8657256
7577008
5770613
651214
5731253
6798820
754942
6633851
3307374
4101846
9679128
2214144
659840
9066792
811939
25969
7666342
3537127
9917526
5021113
5854835
6272230
6114249
6529337
3772167
4386255
7642806
1956426
6268639
5475034
6035216
7514238
8380141
9079201
9422284
2029294
7835173
7970299
9293967
5445343
1103028
9382694
4623252
156154
941209
4822787
2634926
5799143
8668771
8561213
7426859
7850485
6606729
684308
4165981
3719514
1118128
8232542
6053232
2136567
8807695
7856521
6088597
9160114
1561291
9750899
6102521
3862421
5993540
6900946
1221365
5159237
6180135
4934154
5020460
5307250
225961
3877866
1867843
7426171
4523657
3069657
5918931
7067032
3203207
4704693
1223827
3301579
7960907
451053
7064871
1037692
3917738
202519
5845052
3216061
4364309
9903549
5114901
3498641
2148409
6982611
4835348
6484428
7376559
7405005
2982138
218424
6550294
3393800
2939629
2375552
6065139
5551826
4730947
3642575
2785904
2781338
7082723
900423
8738868
5460427
3633339
7421514
7471933
737513
9906025
7226439
1729344
934576
7530519
9167246
5887255
4882123
4910592
9837014
102759
113227
7702009
7785297
5394364
5443478
5956411
3037860
2670305
6157
8969436
1656071
3301055
770700
4795474
8286639
85117
7500107
7906982
2515319
243136
9099672
6058674
1628977
8218061
1154459
9873479
8045746
7657351
4613044
649823
3726640
8348122
7197237
3653876
3914563
6471761
8106311
6283594
303187
3317105
7598814
6986376
1411621
5345519
9428987
1813656
3694734
2978511
6350083
618336
6322999
3480147
2700643
2009598
5737833
6844965
8546185
9409310
6470824
5552557
7163906
3805224
1133219
2242765
7081746
6622203
3797342
3610963
8291451
9904047
9431830
148910
5704569
647061
8390329
7086102
5488987
4664327
7789039
4916426
8087269
66897
2927426
3649672
7860582
6628349
6000289
8796966
7601166
534353
9754807
3585436
8360893
4069670
4256728
1450001
4040743
8061232
8785657
2709154
9279283
7796071
8159929
6449256
1751769
1055536
8867737
9865867
1123568
9945385
7677228
3179162
2342841
5055971
1468603
9670838
9540708
219246
8347612
3267219
8700276
9503834
8959463
6779104
5235665
1411265
177474
3166701
350998
6421979
5677485
6391448
4817337
2287754
8264659
6926690
4098567
4513340
1591282
7959611
6833435
6406792
72294
2803140
8890648
5445526
2875191
8787064
6984400
3111404
3310991
2023960
3836835
4478862
4937761
3347779
3510638
7119275
7829145
7165076
8576376
9030987
559766
4272568
9519571
9070874
4626424
57043
8638042
6680415
3008555
7377150
4451601
2493811
539828
2494951
8089342
7908459
3020139
7489676
1682559
4303479
8977829
2144172
6174515
5251667
953802
3482997
3033417
7059030
3474841
2691470
5341572
4727967
9434274
3529949
4340714
8119313
8441830
6107550
5005932
8038073
2569855
2425676
2882990
5114986
2195438
5720804
2984231
4318762
460797
5971552
6057307
1005086
2757548
2646671
291982
6511021
6188760
7462944
4282432
4485239
6439968
4130513
7608506
61659
3722622
5164127
5022446
4698436
1386687
1677635
4478316
4634127
7603539
7010507
3986650
9817543
7566206
5118673
1839666
144304
2948270
8972936
7170735
7903234
5064418
2097061
9528161
211491
159334
3871224
7510088
3804984
8706287
6095074
3483518
2987530
2658425
812598
1486065
5910180
8164704
3432256
4673860
390096
633924
5518185
1256237
1495439
2429887
6847113
2625692
8239866
6517776
8994629
9473554
6457361
3374459
8951976
6570520
3661990
3478000
9324691
816945
4416856
7573884
430735
613463
9061241
5981114
368592
2315365
8576422
5208367
2146230
461665
7716690
7927270
536351
3063470
1248834
7292935
5101880
7242024
4444630
1325683
1877787
5534604
610081
8366038
6206722
5322467
5259722
746483
445951
641606
5158505
8941333
2635296
7706761
1129354
914703
3203986
7448860
7601991
6567764
1842332
8337921
8289983
4635161
7089362
641974
261214
9658655
4368145
6969277
1614100
396191
705639
4832329
8347726
504094
3642842
5161675
4397887
774065
9674052
2203354
3745195
5028985
3910251
9735870
1991151
3549599
4663086
225668
2439277
1692933
6779699
6988275
4306945
8465605
7567044
543753
105734
8377638
1461875
5424541
9219965
7338900
1810040
1419711
8958500
1104014
9941977
2370729
4822791
3247850
6742701
5196906
1644103
7204644
4883827
3516656
3181503
635410
5337113
6403610
1251055
4497838
218167
5566011
2044132
4118818
3070659
5111369
2037801
5552419
8489889
6929596
1328725
9770926
7627955
8843990
5566635
4577384
4546998
3333438
8475264
5077786
3998412
188559
4977864
7967929
5801201
6987087
6676033
6578433
336358
5795122
2715539
7981141
2807310
4148662
2388389
863990
2797200
8873250
5167518
4011243
4868490
3892130
8623646
5135780
7906176
4881577
8675553
2401832
5424919
1178218
2672570
1729534
6782882
7680253
7501653
6480401
4893248
5344081
1162818
5596672
2572523
701461
5721162
3805363
700427
8234000
6522499
3020679
6331925
5197792
9842211
8028975
5193129
9547251
2298730
4053690
9542908
6479539
863780
8908836
3933407
7175820
883776
2707354
2957611
7536996
8396596
1134774
6864961
9342335
4158609
216264
5576185
1292903
5267777
5648670
3973878
8586857
3002027
76239
5600392
3466181
3822319
135615
7428407
5019566
899581
1035047
6860542
7178000
5314681
557225
8197007
256986
3532303
121286
6689096
1236670
4176532
1191684
3407701
2870909
6596175
9239046
7120093
1095209
9047853
5363013
1806821
9608781
6430756
4354640
2731664
9329118
6342931
304830
8394257
481141
362591
9410134
5619712
7468391
7605906
9176097
4993635
8515190
9868544
217136
1563436
657472
9023353
8297280
5250276
273128
9119115
8423125
2080820
8456709
6248262
1539191
1660657
803031
1306620
8272955
4215318
6987854
9225759
6327979
3913671
5200556
447251
3774767
39450
415307
6799240
9831815
8732276
6240378
4645420
7695113
3093740
3625018
4997680
3901632
9944591
607030
7084797
6862294
7391669
3301035
9212925
5927804
6350026
7322691
178575
6242488
4188397
9379376
3053051
1511066
6737220
2859755
67991
1570976
1015807
3342210
1460878
4515968
3688512
8513456
3203910
3109995
7660936
5661805
3615013
9238607
8376590
3613027
6449190
8532793
920499
6459756
5203008
2451791
6014426
3329402
6121870
1178000
6117154
655238
4262373
4025312
9921726
5895562
8285435
3988794
8409338
9547581
8107436
5034909
1193227
9569401
6540246
4239321
1943879
5404237
7032356
3871346
7360892
5904276
549925
8540732
2995797
827598
3974030
1908309
1449927
7050649
8387844
3200244
4253499
3264886
8888451
1583806
8984040
3266671
7098271
8009577
977786
3348033
6342023
7864568
783670
539106
4233490
6789849
9662064
5255009
3844451
4794688
3674335
2610449
7222235
6008157
7890818
680443
8508773
4775896
5071379
6327360
4444881
4872366
6558505
4817302
3839404
1189588
660313
917315
7715429
3966346
9304687
6376488
3382256
749709
4088821
8521007
6807698
8594908
7658425
6780534
2513345
1482140
3089357
8313450
9085438
5078915
1774873
6639800
6066813
691950
2699475
2551915
4546431
4786054
6573599
7903785
8942428
2750677
9483275
8096638
4478961
2780089
4108041
3015891
7649716
7962199
1561754
9055454
8280148
9630718
2992653
9531566
6395843
1880053
5927436
8107732
2854160
5932701
4666430
8350801
4249298
7568384
1390920
2971225
5502278
8733054
463334
3888101
7600396
4271411
318500
7488709
2292940
1142741
4902538
5591098
2902849
903629
9238082
4924656
8842152
8638382
2560207
5186821
9759451
7972267
6498045
4473671
2637030
4625990
506550
3480177
4484318
6282887
7028606
5264664
5802999
1468640
2360772
1466340
4896976
6363805
4284631
4751985
6507903
5126690
832336
5286229
6732899
2624257
5924793
349546
7365973
6272437
32647
3048706
5226381
1079985
8469903
1938439
8277896
3544281
1714647
3958771
3706370
4317237
2582245
2722480
5074578
5986816
2979159
7931343
1120799
8196729
2437360
7148897
6219942
562352
1453212
484260
6430347
2519499
3866906
3883966
8444090
477249
7742141
4993939
4729389
2263458
486021
171025
6621420
2815571
3983851
5517972
1599959
2946577
6883631
5130070
8892147
5479992
7744625
2744772
9129921
4191095
5401937
1289704
5364315
6119605
8114102
1032287
4437268
7625023
5072399
4652756
9335191
3527437
2088173
7651757
9958417
8953266
1310756
8360077
5411259
604526
3674852
7129928
3135298
3472907
984792
7438462
7583051
3227153
5991978
5093332
3270658
1485935
7036639
535772
8552269
8612865
2645038
1904934
7909527
9332067
2988945
9076163
5564856
8808752
3647398
2720409
3669313
2625106
4905616
4940063
3009488
4972323
4896115
3066060
7626614
3666204
6304370
4140658
4577639
4855181
3102206
3394047
3422791
3800442
2678421
5524043
7270386
2653363
414597
8251042
9124310
844081
949743
1450864
5014556
6563076
4673414
1034493
5027892
6100366
5419419
3824682
9333608
3769896
553496
851699
7114993
9084073
3467585
1206498
818366
688551
5413487
2241249
7859253
7561224
4902394
5922817
4865906
1350718
235066
482681
2808953
2649908
3631186
2644651
838205
9845717
9691324
1450158
4977426
3369813
5396737
399318
6348190
7971326
4451308
965391
5330780
2072602
1926428
9780990
8192461
2645989
1994099
732006
3940914
8492317
1088614
6288500
572154
6859825
25789
2980381
9293722
5856018
576305
6996302
4507721
7249072
8758236
9626072
843244
2778370
5754275
4163954
6610417
6275406
3818629
186579
2954706
3973541
1086592
9671269
1326528
8679928
3498961
2400140
3306044
4758616
3368275
1236537
5360704
2166786
6046693
6000975
1495160
8905329
1461321
353436
9054648
327495
4528696
8641765
3613680
2853640
6768336
8482680
4902630
6569293
7591683
4807701
1839010
6369162
6538151
1305026
1894830
6926628
6207737
7084710
724490
4437172
6411111
5569648
6965946
712560
5744490
7821282
4344334
2894852
1529952
1322612
7459859
3525212
8175053
2241019
2302449
7735000
9831029
3135546
9648186
1318271
1988717
6147602
4188490
2620527
6648590
4971615
4250849
353376
2599086
5186066
4387928
7915669
5338455
5579914
9252853
6477620
7406647
7464541
5980927
6327904
9752743
2242013
2455595
4793206
9421918
6652058
710872
9357365
5515678
6413844
5772665
8096885
1703931
2707796
5336441
5048926
1810391
2966035
4404
1644672
4132623
3190145
187470
865685
2015347
5159866
1416625
2570508
4130456
4471443
8094400
3878962
1089811
1685026
3174398
1851380
4301814
9902512
9423845
5892482
3928741
3581713
8078486
3068004
8109924
7850166
4428614
2993773
7121614
2483523
1355734
5081707
3589081
3061828
1832218
1892516
5261795
6480882
4750241
9061118
9627268
6266636
1672679
3104445
8041709
5942949
8583777
8376331
9648687
8166216
7441854
5082313
2543482
4055298
4139975
7492644
9925163
5471759
6241487
6232565
3370407
3171822
1344153
951117
5548771
5018130
3949156
7414286
6633263
6336294
38429
7213345
4569954
1647799
1427923
876057
8046520
5777041
6062476
214916
7981310
9937321
8734664
6646684
5175596
2859600
6035492
1499757
1122875
7079940
5052808
4208066
4278249
4829913
1778954
9410290
4372113
4680518
5173443
3811371
2963710
8363688
9670934
2110805
7905737
4031646
9058324
5783509
7171541
9408752
2983253
387488
4065707
1268194
5581814
7773589
9877137
8908713
7728297
8691041
4021392
2462724
2067184
6599003
9632392
6325521
5108526
3523776
6165112
5748298
5087777
2114889
4598623
8522637
9536839
154762
9155558
8470575
7831503
3116013
8633206
8896696
6479810
8629573
7513432
5311855
9248725
5681340
185917
9178352
9293024
8549249
832745
4470610
6756157
6610859
8578814
6230516
4164901
8360521
6607577
146222
2225910
5593805
3305754
7267429
9849247
4612586
9205476
5428590
7064940
6965113
386330
8725456
5770586
6876169
2571486
2839293
1713598
6689108
9356782
9033709
174481
6476973
5140846
3907846
573497
514156
5545177
1348523
2933814
7655179
4050725
6456709
4981901
8981373
7723125
928613
4165607
3847768
106142
7480503
3738513
3852212
6497934
9777237
6519180
9973005
6670158
5709429
5973476
1473083
5966020
8841907
6829135
3946435
4280661
3736087
5592894
1783306
6045134
3949650
7471532
7002125
9500896
2835148
6289044
7491680
6381591
1904874
9209694
3684018
2658430
9207270
7845929
5527938
7128201
9432250
6428505
6501102
9307111
7412964
8542369
9501818
989580
1449953
7938279
2523904
2435939
1269987
3972925
2244217
4367496
1039075
3698150
5754684
8785033
29806
6719842
5193783
3977870
353663
8822991
2369349
1730547
4460532
8358841
9360213
143012
3301467
2164247
3517960
2302876
223294
3514161
1431126
2423243
4080782
3537393
8039260
450585
8261713
9282954
3932735
1336734
7261661
2569327
6099990
2571290
7151173
7412776
4313999
3290182
4375504
8607073
8251418
8670378
7441268
593496
6016558
9349617
1420283
4150379
7776080
431553
1082274
8872548
643565
8747890
499077
82362
6209362
1488018
1803835
9956955
1367151
4635177
3195517
1342347
5042277
253022
1759521
5399721
1812487
6242542
1130869
8880508
7624399
1546597
9017082
7250395
3817981
5130431
6810177
857486
1587266
5823329
1104621
4885150
4817823
4679002
4541259
2156789
90926
2310159
539222
5140373
2383960
5559697
1871002
113643
9020293
1102232
6775114
1219524
388528
1596375
7763953
1033561
4376286
8123204
8193874
9670020
6182182
5797026
6732394
7647440
9385099
57297
5545414
1937240
3488504
710905
1869144
2215883
49445
3616196
2422437
2874875
5219843
6375176
5941759
8042446
492196
1986455
5881917
333887
3780822
3332709
4440516
3925386
902439
9642834
7721885
2279471
6505226
6663933
2689187
7851013
7484039
3766264
3071571
8911221
3112176
2897364
6376473
3612451
5702649
7587481
9937161
3495712
1822677
9379721
5558686
5944078
4267925
8237965
8739786
5647747
164532
3979920
6469340
9634312
6744432
1136323
7951476
291206
97803
5791733
6542249
1564095
7226689
5933966
8176089
6131535
9764920
6361626
4868916
5539625
718342
6308684
1355450
7264262
1861095
6803877
7939929
186041
4200543
9383971
4502029
2174692
7542514
9482321
4479972
3819191
6158949
5504017
1594020
4163259
681857
2575835
9540007
8680008
2205380
4166379
9837519
5885131
1404813
904455
2247524
5534893
4210460
9317027
7280277
1791949
9332047
4213474
2180372
3077764
2287291
2419986
8448731
566964
301172
2996351
7661295
5038798
2240879
3520867
9854571
5569812
7848486
1295238
9946321
6424465
5208937
841816
1603989
3367948
5000106
1870074
4092478
8459322
5467662
9370074
4387782
5595341
8695599
68037
5004619
8943852
4086160
5843661
4395022
1231352
6673364
9693494
7628983
7563624
7834131
8299472
7816380
9801672
7318320
6774863
3233212
5520909
5596594
3762908
3377728
1442437
6463571
7124769
2939658
1200995
1544398
6342496
7308640
5717137
4107396
4117645
731239
3345872
4783080
248610
9143495
8303730
1400330
936687
2467407
9624927
4081735
5968636
5440276
562795
2834842
4435863
4409139
7262575
7646281
8866239
2646472
8459842
867735
7933809
7105199
895773
4998450
2672336
3325253
4796649
3723299
8982897
6850224
8187293
5742033
7541335
3584220
6747095
708756
205764
2684114
3840214
4733764
6236865
1019602
4283979
7608819
1530166
5545797
2306199
4158541
9392787
6455123
5026895
6903333
8187300
9403102
353567
2642308
5031416
7275229
8487568
4385143
7390979
2835863
3782134
5135085
9593238
67983
2564157
5705766
2270971
8654464
3777155
36284
3969002
9691863
1075189
828666
7143550
3153921
4591381
8168069
29346
6832655
69113
4456516
3356831
1987151
8507531
770078
8761959
6144694
5695662
3887794
7008097
1229264
2808243
6904622
8156367
2736073
9959010
3592578
1755672
9662668
2639210
2821174
3552891
8936462
7210625
5505673
5632289
7708850
6762860
691236
8670895
8135727
20364
8443564
8960086
2422758
8327279
4299556
9414216
5344128
8182105
4327638
3310708
2781524
8917473
7279433
8321155
741478
1986088
1883971
1513023
2137677
9071209
1334962
3616023
5698176
2688791
4271953
8791620
2554781
1497548
8558349
4625809
8233021
9911522
1830620
4774410
7038756
2097603
758304
6884980
8026034
3027272
4012955
8539874
3991125
6498550
7069102
1190662
4014181
4407712
5372024
2458119
3628571
5723907
18577
5332057
8585724
5461318
2700886
3768915
7550073
7719983
9375353
1984718
7133360
6385933
8251317
5586298
3415380
7083817
5576842
6507734
1794277
690277
9588227
8413889
6591620
1492337
3414129
3187327
5873180
9361767
9770631
2234963
3596321
4984401
9990455
5159681
1267022
7444812
3145481
2912164
9442073
9566874
6611821
1639213
2026739
8819070
3949224
6299766
4477115
9320545
5877893
3127016
5103417
4755679
7916759
9178055
7862113
5731971
4185347
5926263
7865757
7569303
1158132
4665095
5397947
2564805
932036
5820173
426113
4811358
7347092
6508853
8833595
2776815
5579539
5673243
7750149
5555188
6259355
8555733
2399984
6322133
2771870
3850737
5722127
1597830
9233739
7863485
9989010
8295338
4497468
5507050
9132248
8940751
9409312
1786220
2152643
4085799
1627168
227471
224537
6120315
2660286
7613326
827401
240961
663253
9038024
1147515
8689603
1839192
8985265
1854397
3749044
1244179
3642747
3480301
820918
4568595
8035746
1120205
3279451
5296603
5622014
8906583
9366841
4185602
7152574
9018883
1450159
4093362
2656542
5824901
1112443
8751587
1412782
4660215
9454727
4404046
4785184
2164345
9963994
4141199
8446501
6624124
6104105
663560
4529469
4696070
9250734
5776393
2028919
2262099
5292454
6002330
3096108
437613
6562571
1778530
3556276
8756022
8721892
6376825
5616354
7915141
1819415
8805267
9827345
4455342
3073695
279396
7642408
7277905
9829911
5930392
9089043
2802631
8652000
2749014
8037318
6323629
658269
4134496
8110165
4072230
9885685
7587985
1594171
7208504
1316148
3527218
6422323
2503936
1578910
4204990
8410512
1103666
5027099
6021148
7638514
755328
3278668
5325119
7640007
8278411
9193389
3856317
9320759
9413587
2202914
8954005
769088
9845994
6923825
439561
3222857
6495221
5403392
5852981
6862608
6075267
7439730
6858414
902233
1424161
2500297
4756301
2460161
2145174
8046969
9376794
4451536
5230037
2265272
3444190
5405605
250819
3147588
3546257
5895999
9946892
6601295
9043435
813693
8572335
4408144
7415498
9002872
2063639
5312881
9100228
4432545
2642520
3422250
238864
7258640
5599240
4006189
4305102
8699615
9329688
4631548
9680638
6852330
596445
8733326
6106854
1650444
2195333
9675673
6766667
3005578
5968271
1732774
6864872
8359303
853604
8318469
7432053
1070407
5957551
1940386
3019356
9261135
8986308
5816773
5242329
6648819
2551829
1342465
2972350
7632698
6410749
570424
4095086
7636498
9210033
8139944
7983026
3764637
1372297
9510430
8011483
2142733
8686130
160310
8472288
9993744
1309825
6180720
1512416
5342469
3508733
186543
6716208
5754987
1684770
6637747
7695142
4875103
2694830
4576383
5292374
8411842
3594268
9908961
7455604
5338110
3229854
9633381
9415931
5600650
8989466
1385333
4528971
3725136
6330525
2577556
4841543
9887044
1125257
363709
1692959
9375152
4477992
2574994
9177992
514171
301183
7812502
8666826
5600297
8836196
8392472
5250419
8224205
9674413
8400155
9885887
1008816
5966786
1783559
3765675
9428879
1706975
260991
8110845
2580667
8208718
5811180
3539601
4880656
8711694
1275313
5767485
2206349
3837549
7337100
3199915
1453184
5929979
7868073
5693188
613673
906317
7898546
6396128
174820
6459162
5790551
1522535
6472719
6300382
8851277
8669775
5943872
1233958
1200556
587161
9675646
2203307
2038995
9420455
2477616
7344501
850988
3067768
7943628
8715365
7113996
4056215
8608510
2970791
563282
2125258
2239049
3020592
5647289
1202538
2163301
9964284
1607171
2140610
7472606
152980
5956878
5673515
5202591
176347
1824915
2558159
4955525
4071784
8181439
7560456
6390152
7070913
973877
8457450
1621286
426559
8410589
1309192
3211742
4876580
8162575
3912602
1286066
7524743
9606335
5227957
4200531
2923923
1973528
8452558
4289140
4878048
6759907
5387979
2528462
2042385
4586155
8114638
2782643
8128721
7975089
7033429
1541791
557662
7690119
5023126
1126904
1692502
6694682
5752272
1332297
6352492
987607
9961514
7662282
8438698
7367617
7785766
7044344
8254316
2173907
2586099
2305876
2769720
8217332
5492236
650782
1141403
5519276
6767601
1712982
3925534
6182701
8266512
5716273
445797
9778432
6220813
8749608
1331828
624923
1755975
7392582
5095448
2042877
923333
1437715
2990678
5016684
2409047
1632760
2053063
6782758
5775204
2007645
2989954
2988092
6342850
5443568
1936526
8079162
6616798
9543694
4871215
8209274
6352290
1479514
2101260
3931519
2553745
2531087
7924870
965054
1581517
2318743
7031899
5741773
7282500
1179773
3383422
5228825
5388540
4821384
2475682
9117725
6536656
6119303
946165
4869130
9591935
444102
1587250
2547790
9891474
6548214
8735677
829324
8763757
5144216
3819228
460954
4603310
8729044
2672858
1807810
5913855
5887130
9182317
1426119
9725693
4752643
8809946
2424409
579657
1299502
825619
271298
9328832
5970350
8346250
2144870
8228850
8758920
8647119
2458743
3035540
7621474
4142005
6730520
7848592
5541204
3349923
1900439
3962381
5680230
9665543
6210449
5177896
734887
4847119
3199830
9299342
6710997
9660236
6495241
3230213
1468559
9346304
995747
6748293
395489
5741373
9886665
4997186
2041696
6748872
9238593
6981365
2916329
5936378
6982438
1254052
4013266
761592
236873
8053794
5126213
786588
7772347
8862465
4583892
6909134
330675
8025171
5712256
7142835
2663407
3997321
596321
2691676
1296209
3505619
1176445
9426210
3692374
4224394
9588949
1373693
9215582
4311039
4726121
1744314
312579
46363
1506304
2623953
6725113
2641192
1907276
940338
4510031
5002743
3752163
9588627
3574884
620283
7228906
5547360
431539
17452
6708758
2927764
2789980
1432348
1292848
1622130
314669
4635413
9812171
8686464
6533671
403531
8269688
8063662
7612478
9955224
4842623
3735003
7081052
842950
1904273
5773824
5856609
3303066
1293846
3745906
4828472
3751149
6557622
9183765
2683235
9256081
5174987
8259624
9899186
4054531
4110153
4679829
3099285
1028719
9358597
9816227
9308383
6728121
5943338
7428940
3502280
3492349
7516251
8957599
7985512
4084961
9196831
2292358
156995
6359180
581008
5507250
1728769
1508631
6813079
8030780
8012004
9465688
1132759
767183
2687176
3510240
5765432
5956022
4726887
2752095
9851750
1882756
5196789
4345822
5389189
8202677
5324944
7965401
9225505
1968489
4296024
1518885
196397
592554
2687952
8995861
4250735
4303706
8482157
9831517
4376011
9123198
112822
9126875
8827208
910301
5278723
7865123
8622063
993610
3236456
3622705
1102567
8336568
4948737
2665096
5269094
6262962
7107337
7606966
3517354
1613507
5996317
6473388
6930047
1467635
4949873
1855825
8267093
51463
6672370
8254985
8922883
102484
5196199
5312257
3787824
5574112
3856278
3509807
7687401
2160849
8489168
5473745
910944
5184353
5333066
8618246
3116440
6557256
6609830
7621569
4153985
5466818
2879921
9351852
4616378
109767
700402
3664988
5225579
6987868
3433333
4963803
1625433
6032519
1134893
4982091
6076020
6255701
2769558
5698035
6160278
5741217
7556790
5792863
2863711
7852349
5173730
3708824
3981661
3285828
3517228
5317664
834876
2710148
9260136
5970840
4868887
5680717
1574454
3387789
6032275
9533526
3148228
3794223
4964189
9814411
3249404
8955675
3068507
2854401
3751522
9985239
5713712
5584771
3873992
5622743
5408996
3462537
3983168
7777519
1655621
2936220
7543487
9037260
7650275
959051
8517084
9311966
5741984
6322061
5107459
158404
4625221
4924098
6170873
5312350
6928998
9811799
9651906
6914886
2691712
4094370
9359227
9030770
7756564
3799840
8679289
7769744
778641
3606227
5635874
6195970
6511411
8927760
340751
2317856
4547594
598513
7680317
3081887
2824363
3857533
3537781
9711970
5388197
1748286
1252265
4841275
510357
6744999
768933
3389694
2407670
2959785
4863947
2549278
5917820
9874835
1408963
2762442
2470809
4384487
9335828
5934920
2652694
3730639
9205576
503947
1690812
6959928
6246553
7644186
4271564
2445350
9515046
2238803
8954448
1650496
943082
43142
880444
6428525
9228033
2087355
8439775
1237097
2203515
2221466
1498798
3668363
2653750
9470907
5217693
6155028
3984007
5502881
8260049
7317793
8500184
1320228
9925557
4670719
3573309
4610082
8730208
2618088
8394122
4461722
7874031
93154
4281404
1209027
3783008
8531534
5696746
6949630
7317762
924970
2197711
7057047
9834478
9329429
3892962
832102
8096096
5657944
4215097
8277331
2866179
5598124
271377
4680987
2171229
6562781
6191703
8416288
9849972
1269237
5510998
1736483
3042414
6533842
9052588
8226324
2314055
5071887
2906352
3125130
2604537
9451077
4618587
6430532
4872076
5953956
6458096
4809142
505877
8704219
9499981
3432149
7141450
7818097
9608665
5740799
6049346
5133852
2030084
6933522
2838686
9245463
7836429
7977357
9660483
2731378
7072665
2969374
9032978
9465116
5694385
9039174
6564162
1389577
9607953
2163812
5985821
2734604
7414731
7772210
9505733
2766649
8000723
8890782
1616311
8037485
7021364
8458844
8561856
5367117
1425387
7517190
3068001
7595863
7029708
9878246
2262131
4451099
5427939
3238421
9344739
6604450
1842430
6768582
2423145
2223170
3001632
8558904
7983714
9112234
7577469
7517122
1572450
8736529
2698555
9584897
5458640
990310
1549376
3930625
6665890
6579043
1323566
5971824
6221569
594868
8492085
6543124
1732438
718993
1694056
4351193
3138903
9519296
742965
1325676
8230477
3940070
2571662
5747057
7412106
6516133
7373765
1880251
7308346
7704929
257506
7723328
810193
4266581
4257004
769257
7607673
7900728
5352214
5949429
606402
8177546
7294857
687048
8430838
3997760
6363829
8589105
1600858
2926437
5264751
9175702
6921938
8312284
9821699
7161807
4987054
1822543
204598
3177522
9943044
5675247
4714868
7134262
8614845
9137052
5620745
1289342
2916825
7513853
7572909
2076808
8845711
6338985
9468688
2596811
8876785
1544662
9719769
8817606
7613804
3723320
7019237
6297106
7726404
102885
9749828
7754652
9146648
8439014
4327211
2959633
1588699
2105223
6032186
4749583
1613544
2685740
2369936
8786928
8833579
1992972
552653
3245702
5173479
9096985
6413838
9622708
9103430
1405671
5436581
6168559
6493463
9639508
6552520
1513327
7491951
8646326
8776974
3724577
56446
1130473
9422362
1089151
7406771
8003299
4070071
505794
3322249
8648330
3266404
7356644
5288234
8481942
8966554
3257679
7165367
406994
9784769
2709471
5123865
6522899
6561421
6596114
9525172
5226182
978144
7180828
5524479
7210874
4115410
8332240
9148520
5961741
561051
5322575
1695134
3298957
7908304
712745
3571924
773877
8907692
5817159
8533374
7347244
529338
6570550
6006256
6712762
3213353
5502355
5248464
2867714
7672120
1704236
6611820
3492547
1315655
5625216
8937716
9191954
7610824
4642131
5586711
3308666
1916464
6692176
242745
576486
5124747
9501538
2546061
521391
6482322
5147819
2718448
430657
6312897
3821785
5895638
1351958
106127
3936142
1397318
4685027
2067829
7095392
6481783
1502066
233300
4472755
1470777
2915799
7059558
2667977
9258586
6213921
3288778
8632505
2392621
6486152
3927683
104844
9150038
2651812
8235844
6915068
9868567
2577816
4884066
3697095
7518077
8385943
6449562
4729631
1993588
1528899
5338407
1676678
1747448
7012316
6940379
4862479
2776797
6281263
9390471
3422716
7248253
4297166
1228064
927534
6524343
2218407
4267071
2259637
1151801
2807924
2563452
6916211
3373088
9440125
9828526
2494496
5307342
1022109
3150034
2108938
8147224
8365403
650582
6976697
7154917
4432170
429308
2782059
4328274
4686193
3110687
693252
4851513
7881259
84385
9657280
8041727
4245039
4634893
997591
9882358
580971
4559437
8629395
8482673
8287671
4394069
8931534
7764609
2434794
4426082
2998468
2317451
3295087
5753946
6537559
4636470
1371806
6137265
6301017
8059737
2837548
2398579
7284768
1026767
6486974
2874849
4680292
3293950
683324
5924527
3307772
3027047
6448375
2690874
1028401
5661633
3601933
8601771
769346
9971027
1686484
9861276
5646458
3581765
5287040
8877783
716413
3607123
9699151
1262303
2807839
2126400
7176591
7753293
322295
1182478
9686159
3110887
1222799
9375610
7773244
9190995
3353323
4785803
289765
6711340
6625019
7592605
4894372
6881254
7577662
3475335
3524207
1151375
5510147
3785190
8183453
5451036
1301419
1241676
6668855
540218
5847212
1088600
2343212
4246114
7579150
1181446
5737105
4546512
6706420
90058
7568745
1417805
861208
1062264
79229
2517195
9009424
233244
492420
1616362
9360207
9047228
79376
3314693
6237910
1894194
8048236
4321732
319247
5374268
7225636
3971102
2046437
8864121
7611560
3981083
6273206
5384131
8040143
4927601
3815780
5162902
9713093
1040241
5588553
631500
6790414
362007
2847385
1494793
2661083
5551905
4984286
5331407
3169462
4883099
8772457
3128383
6050723
9453994
7561383
9732397
1271316
2702085
5450869
2246361
6366897
3022610
9983321
3012861
6833844
8194757
3529880
9812208
7220538
8606560
6671031
5167974
4771313
5964624
8396231
491825
9114816
9089336
6515854
3558549
8753343
1571137
9206294
4250657
4606137
1559110
740827
3725804
7763039
9695233
769824
7358955
3166078
2518785
4646910
6647309
7402075
5514052
7434824
8591715
3337295
1863375
5811972
400205
7493282
3982402
534039
3561895
2144862
6741489
2864699
259412
1849237
172009
7072210
1034810
8128725
7804164
3684325
2453362
8617846
1943632
1791184
1022276
8655428
3797827
6127389
560254
1897987
6494790
8588558
5070375
5764440
4516112
9892427
4472003
2031249
5093592
9142075
7731765
5242519
7317468
7910853
1081880
5364773
7979891
8521603
7608301
197678
2664026
648731
8331771
9888245
9120103
568569
2737232
8220222
4791098
1668577
4136430
4277406
2965335
6582381
944115
3155518
5072849
7499352
1006357
8244488
1968193
5779619
9893165
4235985
9131667
3517728
7338939
7434164
7767563
1076015
9701185
2583837
1033749
6163966
1254548
5492785
5374151
7418750
8815605
250464
8884401
5329901
4876899
2476774
928891
327586
402624
5157510
9598574
523158
6583564
4179903
6661495
6622970
9315237
5044707
3186769
386743
1048833
9413322
6815628
9306553
1100651
7545153
2641323
6933786
5169481
804773
8637543
1120811
7416961
2560132
2134481
3952049
7145789
5047020
6961002
532419
4806120
8294630
8399898
1439435
2088051
3947181
3922
8398921
1644887
9830612
4088370
3189648
1038806
3586338
3525825
424643
2583698
7957380
9988367
7490240
2711439
8495705
3560017
3692163
3932641
795116
2199744
6454335
6793195
8712909
6418774
4422628
1033006
898766
6752549
3009965
336547
6822006
1033546
8398717
6635782
5126280
2898353
9609715
6525460
7856352
7421148
4193131
2788781
253062
8004472
7477141
6684300
7831394
5760354
8895589
4510947
979657
4188735
1347983
1849209
516395
7151176
8175780
5969194
5798509
9928702
7641574
6530367
1335909
8468200
4545843
8795865
2003466
5319214
3500042
9247310
8433660
7978310
3788500
5800044
8048117
9729365
9594683
732295
6718285
9905862
4449324
6653357
5930790
6012957
5855853
8674703
4986374
4963649
8361333
5337802
4387375
2493737
885867
2920947
8671022
7920591
8491554
2723185
4534078
7945622
7945107
6913430
8493305
3847595
7425626
1987974
1148869
1873257
5464031
6574504
5577625
6533245
3853519
6234075
1709641
6776738
1629489
9434682
9859003
832297
2269359
8562168
5494349
119342
8010812
3699481
8342574
1266670
5626680
4059036
8475076
1764188
5853274
3180235
7941730
8906754
7109113
9741414
5331218
3346126
132952
366931
4507911
3489197
6908804
1021553
8025252
3612485
5270262
7925877
7464657
275496
4730396
5238356
5027433
1486603
5884363
5724652
6975091
4534640
7830897
5007074
3192715
4838507
698089
8719084
9634423
3882893
3757190
9494113
2697528
762582
3973031
4586565
9792774
1256475
2425892
654805
1710531
8510066
8058281
796679
7232416
1046287
7770845
8405918
5306620
505544
5599683
6791614
9677513
6010118
9841744
7568640
985244
4557288
7955846
9220249
7640074
9193176
7826264
2023622
161995
8401832
2787060
7685801
7745968
1590783
2014521
6115308
5576572
6322579
7784644
1676035
3435939
2587801
3410043
3853299
9730456
854097
2028572
8630217
3338286
595275
2741209
9886637
5763224
4851967
5949077
9101310
1846753
9944131
512747
9638049
154629
9781673
3665277
7040869
9364895
2904111
4945098
8687350
5472364
9580008
9464720
8877687
3447562
7019849
7004885
8322792
6396655
5787670
5892283
1036428
4664651
3480103
872598
6660851
4343783
3141891
4198226
2095763
1207360
1530919
9938972
7381111
4101953
3308942
1163312
6495
6605013
9636091
6965487
6250951
4788159
8925619
308892
3523921
6034900
6126334
4363092
8252290
5947645
2330540
6701144
4863041
924875
1868736
3508467
4854539
1799338
8790509
1463533
9593572
3081727
5102957
778181
2351400
3649036
4007623
7396449
3009271
8097477
3836188
7675065
9310237
653184
9817320
5423784
8588746
1337325
7706118
3702987
2499149
3006258
3708927
3258155
9893609
637193
3636440
3732263
3756475
8809530
3086532
469487
5780585
5261396
4563125
4594499
1233517
9478418
1278566
4119360
724258
876883
1234584
3707821
2045178
3110064
2142497
8720580
4178361
1510130
9601670
9524534
275029
9740654
7960264
9911859
7745017
9124402
419433
3538571
1661253
2219710
680441
2878523
8274178
4672719
8603099
5805420
6030243
2348757
7922248
1722391
4201680
1918047
8934331
3155312
8152181
8171472
4873962
5853621
4079746
1696909
8627663
9853285
9111651
7188476
262327
3249293
1397510
8570117
2934329
872093
3007820
9333762
2053027
3006015
5457117
8154527
8540789
6060313
5016066
5123347
9807765
8759160
7873998
9133950
254257
8231261
2555017
5389382
8255540
7683030
6442234
4813195
527256
7036443
7892242
9991118
4312897
9831429
970296
9847663
1258610
2635242
6269208
513196
980066
9453983
8434280
1199744
4138982
6488516
6954618
8242116
3975460
7686465
434060
1224365
698440
143444
3152437
5460923
451737
5860242
6489250
190030
8246364
7455762
1633583
214131
3496157
3598936
6404828
6910039
2579368
1443220
9803577
4049662
7857357
5163662
8240970
6062916
6472978
2293611
5304791
6119102
1202208
2858180
7576542
17292
2022869
9155929
8409906
2407142
3179873
4899067
341014
4834236
1310149
86073
9324310
6489327
732681
3176168
5111053
6572482
3588567
1612266
1718536
6463444
4275727
2706986
9450514
9357608
6803038
5782624
2705592
2720079
6306188
2483174
6471265
9064553
7899426
7670899
9190121
2139226
612098
6428142
3205459
4026122
8184476
2387934
2115330
7755572
2702641
4574941
1618653
1985672
3197638
3584375
4669294
3442156
1934229
2152024
2557666
5229260
7130363
6346160
4227875
3166405
4758040
9261978
9305261
9075682
3818546
4280226
5242672
2114565
6729933
7161473
3454292
2972647
2013412
117630
9463589
3891323
8991637
1165639
7705042
259571
523509
2632129
8364391
8255288
9385790
6561924
2792453
3328710
8746929
1449176
1449942
8672482
867936
4965289
70127
9668860
586668
189939
4774556
943927
2336049
2030879
8488282
6335010
7101879
2789401
4634069
9623507
6250081
4168799
861915
8928782
1718707
6421413
4646474
1886019
6621751
3555460
9673870
6808839
5753180
6911545
2167957
1136628
1511390
6163278
8600355
896435
6062164
9530123
8399341
3738614
5809093
6867754
1122938
4866686
5069857
6272284
2573044
8317982
5334111
1881679
934450
7428295
8239951
9485717
60825
6464787
5948135
7931976
1798430
8561225
174785
1897054
1386499
9731070
3377082
6441178
6847843
8908798
8037801
9622696
4189654
8089977
2688577
9507744
2895148
8879014
4470842
4306329
1719896
7623112
2835996
2078706
8112479
9383470
1251363
255532
7915152
1474484
8267175
6720730
7602607
2681269
7861865
5778509
4218930
9532117
176085
4147617
1683740
128901
7932563
2972638
4366144
9586864
8101820
1620572
3299959
9619253
7180439
3426342
2655311
7617741
1672751
2834083
506629
3537277
4523527
8137939
3169262
9111310
9166474
7180777
3438181
1163716
5275122
429602
9228471
3683
1954964
1563923
4070462
1792145
4732784
9869950
6771992
8872661
9977197
8342275
5970462
6487468
884837
2458228
4270454
8282004
9445995
840794
3972006
4640587
2159769
6463911
4453507
429104
829092
3911353
299110
1971137
1610479
3250521
9722713
8602266
2820897
8135625
1755877
9402701
4734819
8782209
1396579
6245192
7731072
7273720
5436409
5112340
6503098
1091381
1476667
4015330
145563
1629781
6049387
2729568
1500479
8124153
2272351
314757
8150540
5658010
8157320
469866
9881691
4398404
9029961
8448415
8518874
2806722
8789493
4016092
3860407
9420388
96681
5684501
7857097
3002644
6689243
2675363
2931942
2988329
8914160
1599767
722046
1853077
6853657
9571268
5528745
7062484
6853579
3790230
3839376
3617701
2316837
4622014
9329371
8011216
3158298
7947416
4916206
1484249
8162120
4788068
6997248
8367394
6829415
2324394
3979508
7128962
5316506
7629004
2255390
2387062
6992323
2303053
9282856
1819188
2369364
3516425
8682334
7507264
9023812
4624434
9034509
8319509
3961619
7565543
1179392
4768045
7416517
9099807
6086521
1632181
8930183
1559991
7252976
3111638
7029981
4351586
3305740
9984911
6152245
1923290
4865690
1508862
5836164
4590336
2086216
3953901
1754116
4236669
8123104
136749
6298731
7111166
8477225
6039896
6151013
2023270
8962676
9938288
5719782
469564
200432
2870604
5412004
3024300
8197233
498595
6543414
612957
3076806
4411822
3088584
1259124
4392614
3670851
2267396
7660130
8437098
1032318
2329476
1863503
4229644
8483072
6943899
1890183
9336133
7386946
3022873
7488424
4609916
204815
6198500
3063771
450957
7324490
5281855
6765282
910888
6475432
7397556
1366003
2798595
1764458
8872813
9904811
6199113
7792729
4508351
6721211
7121916
8968033
2946832
4618256
6252333
1491469
1618725
6133327
4410347
1126105
9995774
8660807
7730162
848649
5137529
5941850
7967138
481830
4552757
8497703
587701
9951466
9708120
1485602
7512963
653605
5570013
8965542
1563849
555972
4745749
4820963
345510
8075625
3529813
1472658
4798758
8231659
8737115
4195252
1137315
6116841
5313558
4908110
7413447
6320239
8131857
5337467
4966195
6809750
8137475
2381882
8419586
2825461
3542122
2069321
294518
6287854
3800784
9805011
4954255
2499050
2861217
4702978
6110119
4611332
7837323
1594781
9830381
2724679
1149664
5981388
1248951
3088517
3297346
5104996
1378711
2174427
7948749
4913077
6309643
8105621
6635286
7885772
4089550
1109479
1962903
3620468
2640369
3617986
6960341
495853
9134422
288555
2811479
6048035
1533919
3302990
4622304
6471955
7431179
9672723
2508909
9683165
7317052
8239082
7220928
7596543
4442269
7464434
7700641
2169925
7265547
5229603
2540894
2779868
9887235
5756388
4297994
5460306
5098322
9809198
4476670
6495119
1442896
3774529
6165262
4980278
7981325
967873
3229307
8559118
4915066
7268030
2948106
3874911
8022320
3320395
7906614
5215065
5132591
8900651
8742510
1228028
2644386
386880
7150344
9613975
5034327
1480642
7370848
422135
4047705
9109361
2544160
8322564
2635576
7583053
3056402
6672964
2066408
3956341
5907714
4221330
7791237
5299959
1117014
7114789
1239066
1678018
7123089
5158362
1877179
8562317
6223887
4823019
5353968
1355056
3310641
7870806
6109961
4259080
6419056
9715730
5516513
1391552
2376985
9797302
962589
3357490
8956887
7034522
9394301
3775445
2081438
5004164
5726838
4694209
8347621
1216402
7315038
8743994
6097417
6154546
6558922
8831626
9639488
4965142
7518456
7533864
1463662
6232111
5078999
1806892
6824849
2827492
2620633
8377180
3664875
3056178
1866491
6910250
4648008
3001459
1771981
2983950
5420237
3710673
253330
7922125
4701628
7567951
3622425
8434268
5004572
6573857
1197720
8226321
9519933
4704085
3683059
3007918
7265063
1759192
7688954
5711958
5075889
558330
1955868
6772195
1551530
3058818
2487707
2416014
1155738
6550594
5867541
5734867
7651670
4924988
5730932
9552171
894347
8456773
3345751
8449431
1912049
9584509
1096952
7607588
6099194
8882560
3354948
5740954
1461247
706398
3707011
6271257
6074782
11572
7686553
8535635
393909
3676795
8536245
1999053
1361053
4146901
1963966
9669599
3407734
6152199
8092882
7258894
796651
31681
3093013
9240177
3951958
6830699
9919979
446876
2838211
2097279
3240878
2396208
4793390
3157837
4139039
6622703
6793022
4066214
8464910
7144620
1505915
7892128
8672866
4747311
7106273
5352244
4999188
6459501
3500400
859603
9692443
6647054
234951
8446006
7990306
8232714
2162839
975103
5662074
298692
340744
3191658
4795410
9777050
8832808
5256489
9791236
413484
4971782
8835332
5341633
2961927
9742664
8737872
1612069
1948186
897501
5817496
7953693
2372307
8913662
3750305
8136683
637174
8844211
1759123
3588658
5775974
8620555
5388496
7841600
2593902
3976899
2833710
7910364
3186334
6704471
9820078
4345255
1345737
6857816
5755902
1707528
4578381
9593270
6956671
8359504
8613068
1864572
7092051
4971031
3632952
8487622
3751926
8238389
3041182
3136622
8777910
2471086
1901728
5799608
2430295
665211
601778
9258843
4436450
3570618
1763001
6851080
1873276
5913146
8973508
2890868
5204296
5044885
9165192
2997395
6023790
2510017
3451859
3060640
6181208
2012689
3038795
8803402
2344878
2988300
1160081
8721823
6678173
2001195
2692738
8985635
1708955
2343549
1413786
3923319
5650942
7094172
4889186
3633946
2711925
2065026
8791333
1126138
389477
9382390
2612087
7134841
9699151
7331867
5230896
2199219
4977953
200099
4097088
1060225
719993
284454
6920636
3588862
5064762
1353577
6160476
1023909
3360060
87137
6785245
6460549
3759801
5284869
7026259
5735060
5502589
6058226
8091361
835956
5726397
5612359
6523219
1194012
9437138
61357
526775
4365854
6239878
319484
1854558
5444100
4268951
2616076
5181832
8452043
751198
8211934
5412525
6715502
1191758
9251492
9339707
9217586
9761991
1893402
2322920
5731038
9860827
4416523
7178830
914804
7962941
2149322
4293132
3429397
9300807
235800
1025605
1722659
737705
162925
1926901
101925
6688421
1019532
612379
8204261
1195766
5124303
1608240
4292059
7088087
5920571
497273
3789781
4171743
1150273
9727981
6478278
8932311
7916763
2615820
2758515
1302673
1703130
1538100
2003997
5452628
6962057
1227028
5561967
7708359
6455691
7614811
3933257
1941008
7206188
6534063
7916774
5315724
2476530
7137058
8149807
9882712
9388937
2084266
1283980
9819633
6500368
5898136
8008475
2967966
5892155
9881435
4775146
3595496
5936353
1033994
6730701
754326
7067173
3514773
807306
2951934
5522978
4463235
8754168
5586394
7268529
2699504
8110269
3025049
4773386
3951700
9926334
9327363
742265
2436087
7298249
5058313
9667016
7748763
9136139
8511924
998978
2363494
9796767
9820893
6586478
7429068
7764413
6933502
5957580
4167332
9937769
5007043
2530474
8507733
1046026
2619181
6693604
7276541
2568125
5674824
9124030
9568223
6480025
1775576
5730158
3286525
3189772
2156506
322305
9251326
3643944
6508992
946613
2283916
9005141
5329583
4493288
615217
4813001
4244693
4138064
544601
8770742
7916179
8157731
2790147
2061675
3252258
1261815
3349190
849909
9199515
2187875
6792381
9684373
3156101
1829996
2405374
3926662
2124879
8702493
1107648
1820985
1003134
3373683
5677987
1428925
7815789
5894618
6745842
9142128
9285125
3557344
1478670
455813
7579893
8751541
9522021
6875425
8138422
6556676
7290682
5715301
219291
7444941
3425436
2588698
7964600
457070
1180428
7162168
8692422
2066897
2264271
2421196
8962721
6450280
620263
5236115
5877060
4677917
1476423
9345398
6536234
5572254
1164295
4757877
5519392
5817892
5218678
6913460
9534125
7009617
1581962
7105416
8671821
7760875
6268630
3764547
3390520
5761136
6016714
4190747
8459947
1144916
1528033
8796185
2618920
9222323
6476418
7329364
1355728
4277125
801850
9851247
3386401
1231045
7877745
7442378
939655
5835896
6656009
3691975
5997093
9977083
962247
2715493
1359872
9033820
7736186
9560802
7200116
6057315
1853193
5175779
4379709
7182451
9500537
2219397
9829756
1560148
1151133
8369859
2478330
6901937
4385420
1801506
2138624
9437798
1795772
5918465
9912205
1610192
5548565
2635795
9197343
8693133
8335044
1338890
9621932
5568616
817756
3149828
9275693
7792851
5179670
8090201
6199798
9167025
6900753
4500175
6069988
2460756
461176
6162518
8296371
9032404
5670249
6157291
5397222
8871847
8336942
1183256
200791
6115125
4319382
169520
179089
9166950
220233
3159431
3989014
9603417
6301589
1069334
104981
2359822
2956124
8015495
6926422
2640142
7016852
2057775
160742
2821052
9924839
5913444
7715102
5596839
1284555
1032397
6451380
3503435
2911829
7630428
3322717
2448354
708020
853563
3439485
8857804
7360009
1517931
6467400
962039
6902490
2509954
9090137
5449963
3576884
2127554
6217950
5646992
1440487
185826
1857078
9033859
3587633
9985704
6852414
4062662
2900130
3898292
3747072
3107250
5486677
2245091
7361859
1121499
7962015
95879
6870742
7386532
5666396
8351508
6392259
4103147
9229576
9238009
5780997
2373680
6599179
1079621
1463749
8713553
6881824
6471760
9371404
5807381
2492846
2373031
2779765
9434987
1727707
6155340
4943310
9455880
2808324
8056290
1955803
9916111
3402176
6779520
683668
1185442
7217895
6941391
4564537
2920337
2863617
403035
5422078
1870610
5842547
1368406
5771627
9667677
6455594
5005605
3973442
4588222
9669649
8332654
1721337
5840131
7964814
7630478
7799667
4247913
2556845
5801248
9334611
3195212
8563872
5135614
7955416
6266115
2691460
3494954
9541257
2824863
9033076
7431229
6675820
1779396
6414505
2131817
1532227
4859021
1886330
1312469
7839004
5029598
4450592
1000696
1352404
5671162
894718
1958175
9654235
9971323
4168969
5624897
896406
6788678
8534485
9464999
2285428
6748252
6637732
5061598
8962284
7242982
9911579
1335332
8561121
5373764
4937962
3955343
4836032
4300881
4608368
3280707
6128143
638584
1876369
8464342
9242726
6909848
6122407
5974519
2853311
4960937
848351
3299220
3280999
3779942
8693689
1151573
281162
3663803
4167847
5881769
4900197
303555
5660405
3506085
5638142
7784654
9048016
7642401
274677
5966561
3452668
8626130
3943974
8762326
9421806
4025770
6934772
4515005
9453514
637602
2671401
5592804
4451086
7309404
4531964
4145288
8950570
533582
1388327
2629443
2383625
9958496
7653611
923399
32895
6027033
7844788
4792779
1301185
4368646
7480
5679897
7757543
8911872
5493338
8196912
8948455
3706353
234308
1744895
4208799
2122850
5551467
7447174
8355646
4242019
2957938
184910
7533281
2381651
3803295
9576593
524749
6815446
3188269
3400107
8305933
8670304
8854614
2905587
6951731
719703
4154548
6480701
8027777
9530827
996739
3412271
1966938
4536941
5813546
7924624
6503581
9524714
8842866
7000207
9826556
8298487
4315348
3464944
7051351
4199895
244132
8440599
7897579
9392906
9041418
4078991
6198503
2640355
7466681
45279
4805693
9863475
6738621
3937367
6460725
7657578
6255144
6166541
5931694
2908100
6596646
521040
2736908
5816309
6716324
9866597
4077716
8391025
6242452
1170378
1169569
2206333
609877
6092924
1977309
2804304
8514509
31338
7053606
5842812
3406156
6615946
7690966
4598073
5371217
3757241
4962201
8203014
6798095
98387
25820
843919
8283319
4014472
6997496
6562112
2556302
4714433
9162370
4869582
7386319
8405574
2907818
7325003
9357882
6477540
1676139
408790
8052774
669929
8819461
7064784
3681600
1275755
4873784
627831
3340687
1490521
7298512
1041767
2124491
604303
255169
7919578
861596
5386809
3361654
1291440
493764
2333914
8647861
2021431
5519553
4204493
642642
3703848
1434424
870794
6776652
7576832
9153841
4441616
6101438
156671
3619833
9922251
685753
9730033
8490024
6257108
2295600
3613632
2454790
3515901
3538470
1896320
639911
161394
793450
8551945
5543350
3977430
1064785
7565579
3971288
3228359
3697805
5574152
7310365
1516034
7769371
2294881
8387913
5059030
2034865
2210406
1980311
8983261
8569543
8271789
9728267
3758988
5143411
8349401
9698971
8597428
1980560
4800701
4369126
6645563
1154560
5221247
8660586
2790955
5315623
678782
7035072
3075589
7107611
6576127
2152738
9424477
6240071
7912103
7118698
6245172
9176505
7333188
9635604
2537105
5129956
5709707
8760787
8163053
5026074
8130953
7837898
8973842
8127284
521463
3042277
214580
7266797
8729209
1513063
4248683
6274860
4848031
1807125
5986744
6214002
2415348
1436376
4667797
8938463
6069875
471930
6609797
8668903
7368978
2339411
8140278
2588094
1455860
7181596
5543997
1755395
9545127
3628778
7557885
8817142
1510995
2373319
1389587
4360943
6319130
5353340
1894363
598530
1726086
797358
2112659
2398114
3020196
53968
9029914
4096725
4494698
1268491
3202359
396863
6717969
9129188
147119
9796742
3965609
1327153
8768511
5761892
10769
5083108
284140
8311887
630310
5941468
1198625
7681498
7767686
3495506
3790727
4267764
1790922
6317845
1158285
5454037
8457534
8647589
369154
721176
7512826
8693564
1664171
3853560
5879634
4476938
6723739
4645292
3439823
3618584
3942255
963377
5912355
4292736
7542437
2348399
8328842
5673007
5129349
1186342
7267039
8078976
6699507
9181541
8867927
4385238
218833
6192568
6702796
1653695
9803856
6447245
1716375
9217821
8254931
8855038
8077391
4179652
3533035
2713196
3644293
428226
2984202
4782953
9311168
4562168
9592901
618072
1983191
7722137
4511644
6275519
360736
633345
5758112
8859218
9887103
3449528
6270099
9711142
1134024
2114017
2496764
3194208
9379194
4243345
438505
1755193
9172626
9660557
8061166
7134547
1063736
6601696
8140439
3371190
4422096
8615931
6473343
7837088
7537472
7892413
6455663
166660
5214171
1787403
329989
7160692
2404351
8216689
2959618
5948381
7257185
3821988
4918189
783185
5483462
5953038
9183927
9372888
5845074
5155759
7224490
9151944
4661943
491668
7280416
1498229
5891028
7882478
2615518
1551354
2607082
7010834
818090
7498388
7596513
9601788
2107573
5496757
1405102
5915461
4727318
7578153
6434276
5138774
9062202
503284
9354665
1472453
2847368
1695703
6522247
3981250
2187953
6114670
4169382
1087574
4788063
4431922
916246
815952
930257
3088948
6101143
983572
58396
2585451
2148931
1646925
9072934
85319
9300696
4134676
6407031
8596479
9109670
1717558
3870052
4088016
7855036
2468931
8096144
596555
2152260
210294
6184269
8949578
2697215
969426
5782885
1317509
8086124
2359699
4510676
7196299
5734132
6116465
6635273
9140718
7343617
7800924
6772546
299517
8453281
5287812
6148507
4759653
3881973
5008013
5113924
7959244
3968435
3149873
7293414
9143736
2161497
2755285
7371488
3270863
5415918
2978989
3160332
9500677
8973440
9535525
8562146
6210646
925040
8561251
9071765
2833791
6158759
2590733
1831529
3558030
5299310
3310350
5975019
6587120
9280415
6319440
851514
7737650
858166
795519
472776
1015631
2055820
9928352
7222639
3715049
9846145
2308723
2676812
4198884
1399030
2403399
5623348
4591064
2737740
1471110
5723826
1529488
312918
3030968
7113593
3798567
4226812
684971
3566560
6163537
1431022
4624100
4548882
8910356
5363350
2498486
2584208
5747020
2405214
1937983
3131814
3611676
3507897
5208738
3845446
8579848
8216423
3851667
8909445
358719
1532695
2936268
4374904
111278
4647454
969661
1752849
5242277
3413472
2614529
6413976
6346059
4575935
2299215
3660384
5816280
2241015
1425887
1970572
4201864
2887061
4417406
7250873
5937832
4799078
7535660
4940061
900848
2438413
6453839
4076268
5841120
3422034
815500
1038088
8931948
488056
9469097
3544480
4183018
6906184
9452769
4167124
2248300
8055973
6360597
8508768
7235787
832366
3929753
3701986
51575
9425313
9346742
5029348
4469322
19530
9007041
1720608
6366997
574895
5918192
4818799
5011291
2212113
3217737
4850242
5796087
5793546
659148
4601048
2912916
5657737
7692663
9524794
115543
2117662
6101418
8580686
7410896
8781715
9878379
8870522
3766753
5507088
2548019
1874811
4218413
8059461
796098
7635235
9950676
2711510
9761596
9222435
8439444
2645296
7516446
9903987
5443986
6233000
1327428
9747859
6719004
6614307
7662712
2710219
5797945
1241173
1113572
6898017
8803635
7715761
2858
3968509
5406751
9936775
7070537
2398325
3543181
4253403
5453038
2948191
2730948
9161493
6136372
9753227
7172491
4697891
5746031
330081
5076766
6210843
7020425
8581057
2071934
2799243
1678729
831976
1260079
5971849
9029481
2618675
5940470
1355024
982537
465139
192189
3707388
3304889
3172798
760221
6182853
6395834
8080585
1681576
4916857
5051991
9677010
389290
728105
3316881
931059
9533520
389544
201360
8347574
485548
7082674
3541636
1353440
5263263
1600345
4762259
8539978
8532400
9096341
7105747
3024213
9701261
4940522
6188820
6711136
1056981
1322853
7382989
9191862
4904294
6280324
3775313
563258
5491315
7608757
1110569
3107199
2068213
4027872
9053923
128000
7511122
7787676
8425355
4797791
6805780
5370802
9493271
8105749
4084872
5227092
3834270
9016097
9455095
8360443
3889972
2160557
3476221
12672
5356465
5470132
8983923
5552962
803212
4847727
7423575
901192
4466507
6202050
667821
3960970
1206821
9881391
1287168
4567719
7434000
1632304
9398593
2725257
751706
7073999
9153679
4761360
1156196
1953586
4413737
255573
6283997
9381978
4052552
7679802
2672426
6060190
1366792
8181653
1844070
3674813
4238410
5231512
2798656
2120617
9765536
3067501
7237488
5556507
9947121
5404063
4612583
5821175
1371678
3025461
2024868
6864838
7130241
165333
688515
4016857
6430173
3452196
9772849
165855
9699515
6904116
3003137
4641156
1551065
6012171
8791833
779471
144525
2675632
8303549
5331022
3330946
6049981
1499579
1903969
3263287
5563022
2954008
1243372
5884784
1121521
1066829
8822308
6075706
3591845
3900270
582960
4197876
2477424
7040752
8032156
7061643
835625
3841656
3178503
1489296
579984
5107054
9276505
3469699
4061663
6540238
9891672
5141003
1666093
971521
8742280
1266050
6816205
277611
509167
3723687
6450448
2263700
989480
3556947
3842643
8816994
6712708
6726342
4807963
4174974
2010009
8916210
3382284
5474763
2209887
9732491
8096401
5356323
2849401
4743398
7138560
2885391
414668
4901240
4637246
6738366
9742748
5746750
469645
4437378
9075517
1132907
3579848
215074
5797037
5100766
8966000
6587464
2431181
9057149
59671
2921729
2938048
1658474
6656580
9116702
1583252
6545311
1151999
5684854
8189196
6826192
1236972
7328240
4860125
4987213
5380894
3452773
8623114
1565298
8330103
3272394
3939260
9420949
4538597
7381957
4076931
1492091
3979143
1208551
958312
234640
1445698
1725574
8631398
51127
6549621
1870126
7779556
2308952
6118379
5857157
412906
4705350
4396741
1127251
6821790
6304054
7670558
7437128
2106014
3002219
5563454
6223815
1813944
6912364
618663
6258782
2677975
5280131
7988959
3808765
1455733
537799
8951134
7384521
3846563
914225
6067357
9244787
4061398
5401155
3774446
9627369
5130815
6453044
8669511
3850339
234131
1848615
454539
2503836
8925573
9553393
5509373
4621344
3406037
5377771
6346705
3895705
2467689
9470505
3330990
8695545
1293688
387783
6567760
261191
5678614
1850450
6479830
5969882
7522989
5523428
6320857
1675477
3019791
2663355
5241685
9481377
4576457
2782338
5241721
437914
3244038
240472
3161252
938120
7706143
8237147
7841158
7044198
1109853
8502988
7259570
9644907
2306391
1519505
2643905
3314803
9004829
5025977
100434
815735
7578249
9278131
1116505
8689519
4015198
9002400
177125
4085036
5381212
7081405
7156495
209647
9555856
7807568
1838825
8059734
1862428
9827074
196522
5355440
3167653
209219
1705978
1053178
4769770
1301673
3919067
3477227
4909459
7274853
851829
5617894
7844969
663575
3064682
6706373
8012430
1920116
6765455
9234461
6622183
6467602
4318214
259682
9391859
7289866
3179810
8665987
2987999
8302776
1435564
4038247
5894601
1995939
9226762
3198101
3312497
1551011
2404749
6775260
6386811
8733029
7300377
8364571
9838011
9100732
1149323
9418470
4880544
2337763
7779314
5239591
4773067
5544421
1260553
2757881
91630
1303640
4094269
9150016
7576537
7525468
8352098
491535
8401403
4827025
3063237
2985703
3388876
1446919
2980928
2375695
4173575
4237492
7991069
6929799
7064454
7326293
8377466
666028
9822393
921091
2013517
7731314
1239008
1504689
7019958
9235522
7919521
3587555
498019
7404620
3918776
7450913
7501391
9280159
6885013
616149
4206001
738981
6303849
9010859
8229549
9964407
8715781
1840550
6728147
7487198
7478242
5225621
3962114
5261097
9481532
4856980
4102858
2364826
6936879
7899924
4890143
3786505
3407302
8255757
6857294
6429235
3832981
4726247
1134973
384537
8194713
5301986
8796411
9180579
3868745
8451129
9140854
7045946
5893299
1479268
7230791
2353781
9896623
2267776
3233730
5006099
8376573
3227857
4540171
3391055
5576976
3096072
8584375
358845
1133406
9453167
4740837
6937176
5508624
3235062
1610157
6573234
2946275
9315312
8536542
8275550
1218485
843525
4727569
6396273
9675381
9250481
7556177
4714117
8123517
4025995
7085
3552037
8083262
6290713
65095
8548744
1855295
4491584
2599729
3917709
4957756
2986717
2711726
7020318
9576840
2458026
5519761
9875016
7456624
8496826
8434929
6702319
878518
4638568
2781193
9862954
6073763
6276876
8253671
8197761
3701172
6492038
2066134
4362915
2549640
7319473
7681215
6934163
9359564
3105171
7010221
973380
8602533
7058388
564479
6419884
2823688
4053475
2722014
5923403
8896173
1638531
9279993
6750498
7272462
7001017
5998067
6635735
2491294
2463218
2263622
5568628
5643967
3929593
6538416
5048972
9858386
6047488
6255083
9673832
5680010
8752234
4624273
305021
5700516
3040805
3522472
6442642
1640355
7028516
6036076
2830093
8415450
3312005
3237051
3690233
6201622
1886337
1585681
3922188
67392
7498711
7420781
3776880
6210644
3227966
9687696
5282759
800931
2487790
4255341
9554529
4093460
8493492
8634594
479536
7506726
3972847
6197278
7108859
7346278
7732103
4597291
8704938
2234220
2594124
6774531
2715715
9872838
5015731
6097446
3008202
4889758
9008023
5988696
4242668
8849287
9091686
8125384
4626215
7486130
9373767
896190
8187851
1363132
7246941
4858817
4800877
1570776
3554993
1484874
7749383
7233816
9356443
401925
3067238
5579040
4551055
1735877
5245950
98750
5711000
8783015
3727714
6030438
4132475
9608276
5991606
1336283
8919987
3616874
8288976
1702865
980977
6285801
8702011
5391896
907210
2734353
8266711
9136327
3976744
9168533
9427028
9847764
8261402
6794481
7475497
699852
585969
2928059
7594798
4197731
6609836
4743873
8690170
4035817
3964462
987462
3979113
5654738
3051311
1002420
9580096
2369863
9301941
3387098
1732012
4993936
9309808
1919461
7219665
3953491
9208128
4264695
5909763
5810372
1561242
1356810
2795727
3747860
8455860
5639676
3378747
3471069
5194420
2694343
5444370
4984978
854592
6428266
6816788
6767692
1470819
9027107
3266028
1971232
755673
2653890
3443968
5105415
6530031
364794
6172361
3292069
8554047
9185705
6834447
5812758
5455647
6730656
5940677
3437611
5239855
9189828
9421577
6718510
8737001
2830748
8955773
3999506
9944347
454029
3400809
4261241
458383
2905679
3420284
5029583
6523904
8367389
9089483
6591992
6089224
1955824
7596216
379983
9203662
5664885
5066507
6225346
4456219
6620094
1700332
1328161
4210134
7267251
3912686
8996817
1282827
9390193
7568215
3704812
5998851
5561129
2917105
2187357
8028895
8389028
4788913
2066982
1901290
6156511
48207
2150873
1704997
5078896
8166333
1396863
304774
7053134
7817777
9679921
4869847
2338408
9547152
3900466
9210202
3314231
4460106
2750088
8513263
3029825
5806111
3989226
4058961
2982704
6826673
674851
8698588
1383063
9390372
7268258
9471727
1069672
7056651
2979131
8223362
4156016
914722
9484464
3767482
8967349
2463745
5961977
4583982
1935449
9183670
3613825
6999598
227530
1385692
8451466
1762518
5144843
8898048
8014253
9261733
6714854
4531532
798598
5341026
7281726
504220
5905622
7737991
9341157
5508239
8549752
9963604
4775
6431174
2771878
8678966
8488342
8653209
3345287
4874812
3691476
7389684
6541131
1954981
3616956
448945
4180465
7233704
877858
886847
1969439
8028306
7078171
5766398
6466356
8243545
541325
5806430
7741868
8552088
5914353
7228144
6273622
6617456
3842386
8860489
1459629
5378566
5028919
3612599
231733
2216438
8305322
306450
5973221
1561762
7857820
8079056
7587996
5880091
2664297
9931541
1881544
9893666
5186411
6025025
8503170
4319156
8799956
3340833
5909316
3754735
4793240
3347280
5612378
5150543
7790806
1906797
7746594
5291084
5616985
4896489
1581301
2436916
82810
4717041
4552252
2017619
2231792
7329548
6034539
2751217
344441
7527717
1370226
1744217
5584573
2516145
3302909
9037972
3162910
3410701
6285180
3895528
4924802
2367023
1196997
237795
8338657
1453041
8071629
905031
3343418
8416081
4101305
5549545
7780151
4318238
3296420
6870556
9972921
2014230
6305620
5544099
5862358
7037073
4562071
8577864
3741423
1975832
6049923
3701532
5193423
6620636
6760396
3899311
180024
4172998
7122297
8725711
1356102
3280125
3171656
8831015
5775813
164942
9994671
5103086
7101288
9242223
8624059
8397310
1804877
6454778
6827388
9048903
6985727
4544258
3105157
3253248
47729
3205649
6400194
8227691
8963407
5547645
3933707
1112183
7882166
7393193
8563535
4684781
6141193
9121825
4217064
6569880
2910303
5144352
1668436
5747738
5094938
3783631
6095884
2535598
5845163
8529175
9580649
1951520
5986122
2685336
8627593
3278357
1287621
1756488
4567868
639191
5382448
7193029
8862098
1020015
6348924
7707293
7815156
7146058
9829938
4169005
4856681
2720758
1973130
8824960
8924189
5018999
8371630
1846384
8115056
4942314
5024805
5726585
1844233
8164933
9750361
7246460
3858041
3041182
7676599
71162
2890076
3806876
860633
2112834
7459397
3193528
2879729
8711856
1729313
3984739
8253150
5505702
2410431
3419816
809992
5459233
1756906
4983452
7035410
4146379
8710745
6621080
8510909
1928972
4906474
5311228
6229298
7515575
6972983
9752753
9432103
1713626
466543
9759049
16572
7261621
4930608
9727800
970224
201867
8494542
6143700
5430216
9653798
3172711
8557567
2795470
8931575
8624076
5069203
7092177
82618
4323947
374571
7457478
5779633
8930003
7937310
5847037
2007031
1114750
8904071
300061
1233136
7228060
2402146
3091033
5794918
664978
1852379
3772130
1196042
5117826
7955476
3296721
9655282
1340859
1053882
6622964
2945501
9687012
2682328
6736924
9420788
706422
1512773
9762167
5650027
8393517
3138780
1120485
6112431
3159128
2524298
1047409
7846071
2388575
9635757
3863438
3158723
6434810
5109187
9160729
7625233
8936566
3713154
1702353
3020248
3245474
3649198
434558
6930762
2284046
4602602
9592501
3129916
1752211
5111863
4322945
5754202
1129631
3145970
9770015
5187793
6440864
9130508
1386322
5909904
6811522
5135650
6902161
91014
8238862
6012747
8850558
7218353
4119098
8983314
6298070
9641970
5680108
9737580
9486887
5414763
6191202
4667501
6419513
8707208
4943294
8273967
9949445
8632716
8794123
3078339
5927959
5975355
8913008
2174252
3837727
1305774
5865100
9142574
8433239
5696078
9786545
1463214
3472355
7304342
7374348
7759197
9555097
4153984
3424360
5242711
9537223
7938351
9832149
2620548
2198481
7272487
6973610
2518240
5689728
4528897
1222406
1112745
6085438
8535050
4575214
8008515
493038
6371041
3182715
2129842
9519940
379720
6285142
3664638
5006931
682657
2912292
9876895
4442162
4378139
6336633
4525000
2787642
4595853
2270707
3922751
1659014
4015634
729205
4372194
3716786
511978
4850291
6832432
4173082
4296314
1022124
627700
4594133
6278019
6600014
6146427
1267388
9230180
5986022
2232992
562103
5331220
3621534
9563318
3244230
3595642
3445572
8529860
9428259
94560
6298035
7520623
7588537
5216356
2712258
1270352
6343567
733752
6230670
6831949
633308
9067812
5939573
5088439
1347353
4073819
6541175
7838788
534595
2020284
9511256
7668045
8367958
78845
4029565
9925248
4308670
1614047
9015092
6549230
6585370
1601100
5450368
6281827
6860808
8343295
2163750
4983133
5485294
1110058
4760202
9141916
2173217
7520227
4569984
6318602
3590946
7964198
5336680
9573574
5298977
3113214
3506867
5297638
5671209
8754640
9399247
9428554
4473663
5170854
8183379
8751566
704866
9481994
9540695
4894970
8935629
3169969
7560595
5172664
9352978
243622
9302420
81774
1519350
7441122
2857881
4680416
6134034
6941656
4952802
6556238
4094202
9107795
526606
1066900
4491057
9887780
5488034
505134
2941555
40022
4635388
443727
9840697
4604058
8323323
769021
6043934
8472154
4382035
3909078
3734539
32035
3571571
7962843
5506531
26789
9708419
2118347
1827908
1220638
6838586
1140505
1871202
387070
3043902
7016518
8752139
4471119
770399
8445305
568851
2537322
3397647
1288649
4040906
6896106
4580556
6891286
506007
5492680
833857
2331480
7989325
9567194
1149063
3398047
2391000
3769658
1974208
144639
3677344
2254770
8111650
5612263
3061118
2649144
6109234
2406255
1669513
9972675
8375471
3045976
5301207
295181
5810124
469758
679741
3179168
5617051
6130291
7083835
5508193
4062227
1448071
8369949
6638380
7212501
8195517
141045
6831559
4263631
3885873
2004928
100025
3490031
1706342
6324940
8970113
4897687
9533269
4035976
6035874
7381061
3667481
6676730
1931872
6086640
8246531
1302390
4276030
3056383
7649447
4177889
7662158
7859611
4710958
7796088
6323502
7116489
7405971
8578689
3187327
2883662
2686795
1484501
5826922
9202887
1992979
8265850
5147353
9670148
9393914
3958045
9599755
9234598
1556622
3705182
3580240
7786832
2024694
3661364
3507051
3102919
6781110
9133524
8382760
1737645
2678278
8496487
9463885
4399158
6300715
4916745
8468070
545965
1278163
4868031
3269780
2315896
1638925
5700290
252070
6964914
5493194
3134397
176989
4793868
3215268
5343581
7389534
2058011
6232783
260543
8203185
6956214
2374311
3396260
2785467
2833295
9162081
1587932
28512
5050987
1109302
4059530
4528170
3170014
2990560
2614652
4815699
4775205
8834808
4870390
9583819
1075997
3333699
9548855
7467307
5428523
9404650
641425
2323850
8119198
7878900
6107697
1603527
4570037
8795070
8161399
5949011
5378269
6993080
9355383
9010054
4284866
1662915
171269
8458967
1251314
7034399
5479844
6608892
5495716
488609
554119
4515643
9233532
9983331
892911
6702428
8198369
7539169
7259049
7912189
5361771
4169693
2608359
2727318
574320
2386507
4738913
98138
2468477
4983892
1255301
2262762
8788420
4483127
9710018
6320057
5872339
6745084
1059417
9134978
9604548
1945520
3481056
5624709
6172995
291533
6484502
6093180
5549564
4818785
7953225
2413748
4504339
1660092
7476613
837931
1687209
7946313
9550066
8075935
2517051
5638531
3475201
3920611
3246551
6314641
1886456
7146617
1818198
5435843
5277211
8038606
2242289
543239
8655612
3671474
5144083
620491
5792705
1175237
7939335
2564806
1382009
5503441
4056863
6404064
4237609
6576900
8564454
468687
3807975
3721576
1129654
6302160
1698567
6736488
8999863
9032874
6614498
3105767
2176667
6181215
5739731
9485236
7904986
3699546
7356685
9570111
9534781
1366115
608961
6139107
3688519
7938365
3252195
8457281
5720359
3484715
2715761
4142272
2982487
698139
7095992
4001651
1077173
9892023
1279279
9055289
7867287
7219007
8501893
664866
5043495
200357
1009574
377097
8349428
570714
88958
2087862
3465223
9808516
1178717
3938509
3496041
4715968
7515921
7716105
1431028
7302801
8205794
6632224
5822346
4958040
4679711
9146443
6484213
3319664
9127722
2075001
7752804
2782244
9378505
5134949
5425987
4874811
5713591
5596551
4972878
2829547
6895850
4695142
9024097
243374
3656330
7773227
5541716
4592409
1050121
5460845
524471
7777766
1740596
469430
7228021
2270530
7041373
1834020
6867760
8698981
2563227
1910560
965623
3158978
6180564
1667702
6771459
6433677
6977395
1200676
9730694
9135700
8847156
6383483
7351835
5912856
3894917
7075380
4676910
2584151
2685525
4083166
3372584
5359400
4800995
4970570
6833181
2969962
1904439
9453943
7962340
7405138
3253233
9253471
5095222
2675256
1255818
6208449
2765296
8797852
3660815
1355876
6648401
6124105
3408967
4295888
7101823
4889671
2182454
1717222
6865041
7786298
4495259
4864514
4536071
7941486
4275323
3949570
7141423
6575068
9416403
337120
4402471
7413513
5006007
6449401
3951282
8973818
4635299
9268881
9842676
6263688
6375130
5870251
7780562
5421345
7009913
3577474
2635969
9896981
7535042
7737830
3305260
5238553
6366141
395963
7274827
4198144
559389
7872861
8970139
3848369
5065995
6361390
1478098
9675930
1140430
2549221
9204299
1173511
6952253
4551663
1739565
3377208
400044
8540873
1883492
7573679
6376646
4038820
6311803
9992208
9022767
3350536
1920095
8014997
2734999
4392446
4967986
6664088
6790471
8635454
7266659
927860
7021838
4704263
922895
1369893
498761
3566750
6881990
561479
363415
3837557
9097003
5744165
7420010
960171
7691234
86371
683500
9795752
3956801
6538974
103425
8955656
3047297
9964023
1843664
3671068
1297377
1683767
7607326
3946923
1380339
3381232
6441410
1583362
3971129
2374068
3729962
3468398
6286734
5806108
163188
8458091
9447041
758394
9219777
8261629
8614470
2046930
4885038
2002021
3850991
4785675
2726823
7086510
5644182
8400064
5109956
3638210
9763179
5942678
9879412
8726282
5667597
9235399
9243508
1788825
1712614
5081539
7492985
2651813
4154998
4696963
5138310
9196139
4246730
9085210
8588129
6601577
102460
3416259
7954442
5766226
5594042
7372962
8136190
9084009
3521906
9767637
4504676
3139162
5788175
974643
5668030
3970916
823338
4617564
5540961
9735411
3624888
8072173
2125415
4278895
9765099
3516423
930176
2337809
6210815
1478958
6038378
4424883
4415095
1488171
9135937
1684485
3680809
3124518
4068369
867119
944920
860022
4910344
1997143
5902451
6545749
4309703
5616530
9322620
8809431
6029136
5097997
9501257
4567472
301663
7073302
2595649
1802963
8854209
9362655
6756780
2208859
554534
6655726
6965007
4599971
8037448
5502570
9487973
3234115
8685077
4055415
280746
140580
2988942
5095029
5566657
2080273
2035773
4731151
8098270
688301
2533788
6018362
5784323
10890
598522
3239949
6885425
6510302
738314
3045508
8923839
2641771
5593630
3762275
9069182
9306560
9762193
6457395
3578053
6052111
1247989
9054113
1238402
2246635
1952069
544528
7762369
7924244
7166912
1369570
5264595
9608698
3080554
8416832
7332246
6461312
1482451
9741916
6282195
7852658
621609
1545550
3536574
1640248
5149872
3681485
8373056
9760029
6822910
4545228
8434714
7516377
5123944
2260326
5258688
9025650
7066937
3527736
5084893
1913533
5320234
2743905
5541387
5423508
3354092
3241020
8643410
3547254
7037086
5077938
8364946
2624339
3385835
1447259
5512305
2588237
7611930
251226
964321
8809018
4089985
5103042
1833344
2424296
7838720
3138592
6030997
4709109
2803514
813125
6231917
824865
7366252
2648795
2801730
4781867
2605808
3087879
9668570
9660716
2415442
1548165
235145
4550703
9298398
3741001
4812901
9032477
1057500
940137
9293104
9309692
517693
486029
3444621
651423
4074651
6631180
8905381
1126003
8878580
898162
5411132
144350
8396442
2127773
6065430
521444
5769614
6126582
2258358
9499459
6952835
5395894
1635065
1142347
6372470
4052025
9063110
4094938
5634886
8765689
5992574
1530249
8992735
9452532
9897189
8603342
125549
2471197
5145684
2674436
6417319
8781265
2749383
954059
8602615
2959053
3456959
3743146
3026515
3979239
6006146
7771268
9264257
6764518
6606527
1435984
1280283
3643844
2942305
2329568
9029277
2943492
3638291
2414997
3049674
4935277
9884712
6280995
7803690
1823554
9759966
2618920
284801
9435238
6426953
6753365
353970
2106063
6607991
5403151
9259637
8493471
8450304
8547078
9808296
646290
4379258
5888729
9062767
3846887
8384435
8271387
715761
7831472
9884410
7276153
4728925
9259188
1727687
3432142
4279164
726037
997088
3818370
3067653
2237892
2151706
9546445
2408414
1785924
1080367
2477649
4265879
1542816
9281945
1144917
2179290
4230467
8322368
8405606
9000169
4412338
8720898
7077394
4819836
9125143
1884827
2225639
2350113
9800773
2991351
1236389
3691676
899225
195777
9156537
3937829
1674797
6633462
8634128
7537068
4131910
4948019
4969504
3712927
8621704
4727363
1729614
7945926
4254328
6881193
9339431
7006543
5436598
8296392
1307256
1086310
863125
5666156
1052133
120093
4756593
4419670
235888
5459380
2689779
3782870
6302460
5439382
4564203
5776962
2477578
9415785
4503392
2362693
4908816
9584148
7626462
8171154
6756064
2374956
7395665
7604237
7979346
7455020
4121732
8591778
1704607
4780153
2664296
1391831
9773919
7318363
3861208
2597979
2916115
2317730
8226380
4572417
5936502
4877781
8248452
1254123
9468453
5340822
6121081
6753247
6618664
2877128
1383675
848891
5198333
9120475
9871485
6893402
705296
4357431
309833
112615
2132111
3198475
4276584
4519403
4407091
7147522
5889406
5608901
3582600
5839248
3277966
8094701
1659656
717388
150426
4487204
6491324
4898485
4511548
9645959
4852584
2697643
9330329
2606937
2996227
7032871
1144727
8773422
5580846
3887324
7071803
9391563
3119110
8635687
7133312
5174312
2755146
9621448
7085168
5231031
2669141
1078436
3829542
7899190
6894811
780138
8369373
2946715
3091044
3120455
2167128
2160523
49930
9126845
4964533
8339169
1064562
2055748
6200915
5613398
4638426
8817778
5619402
9237508
6096100
320006
4835193
4090599
9764465
5619825
2498402
5690533
8894579
3167695
886940
2041405
1314749
1180427
722355
9554895
5668215
7024260
5415549
6300046
3781150
4729106
186569
5631558
8846986
8290820
8424550
2378104
6829509
6792724
3954144
1351852
4584668
2988374
6719821
6468530
8983163
5124466
3837103
892759
5160159
3876467
8935983
4268055
1819253
3283018
7718775
3893170
3235655
8783985
2921702
5723114
241947
9630299
1940673
8198070
9397938
4847691
4587512
5621838
3032533
1682689
6772498
485389
6226673
8030176
8990845
1228872
532322
1731906
2686850
9417487
9287859
8589927
5958909
7459753
9796568
6594229
7030846
3387029
8614832
3200302
4429225
4811828
5891784
7828262
3718220
5260242
9980695
3902008
9182397
3750114
6424272
8867090
1598827
3179256
4032463
9405503
430515
9863619
2458550
8341974
4945162
165853
6483082
6947860
2262482
4966339
114803
259019
2852618
6681777
5451814
845873
953445
6468387
1876948
5169484
7384707
4926813
2109850
8282039
7558665
7833268
7969136
9102303
978706
1399439
3006395
1599453
8304115
221886
1145218
1181059
2366677
2473221
5791105
4095649
7966365
1083905
4252084
9584869
6111301
6494023
7724146
7705965
2623829
2447060
8769509
1214827
8734241
534637
1536824
8109630
3579921
5130016
4506063
4783464
8965876
3645831
6472698
40648
9811983
6460313
3266595
870283
4802466
5156587
2336431
2084812
206643
8915542
8370218
1955960
1833335
2594985
1281329
3292826
9716860
5131905
9956893
1751028
5638099
5423972
5077080
8144771
9994564
8721110
3273741
5837244
193459
1754534
9857816
9927731
1539971
9842420
3847566
2827741
8134794
6082787
8668657
6035566
5765969
6994597
6085564
4324170
1350756
8107541
3811314
5149568
2906151
7481793
9598059
7819526
375323
7812358
1825170
1823586
3625684
3013157
4406823
2243982
538494
2438620
2301337
6484047
2175570
3755059
4878191
982045
1774809
7386638
4243711
6715228
6913040
9744771
3188365
6596472
2905439
2889921
6221922
2917064
9716091
3864801
8114616
2367957
3224307
9213896
1741659
7475511
348804
7228992
7769216
8085325
4317885
3946035
972888
98410
9490986
2933792
1680684
5402808
9527740
6775118
1117532
8138858
7188129
3330812
1410036
9154528
3939556
5336308
2597142
1458293
4481666
1759160
6049150
4110703
5101489
6612386
8665305
6144643
8684564
7283329
2096100
7014063
5239799
3151445
495279
7351790
8297372
78370
6615640
1546814
4050978
3494070
3944963
2662055
2557170
3877687
1228509
6180620
6473678
3849077
5674260
4750883
8156546
9713597
2745665
7646906
2111753
3499319
9792351
9075610
9764608
923349
4656731
9957844
9586855
4675535
7108556
8662452
7620325
8412346
9749102
5381579
1746456
8931472
6603213
480068
7664600
5233221
6403503
6348684
2446179
75811
4740860
73289
2502744
8439374
5601762
2198436
9270798
3931225
5489942
495482
7174355
5961056
3490583
2244640
8134088
7792087
1704873
5664022
2659821
4677112
1322687
2500646
8215024
1539150
7549717
2944361
24220
7941658
5600770
6217428
8193747
1664608
9336330
1650126
5674414
4193203
9053168
1387472
9860744
7797401
5587286
5350564
8704363
4454735
2771451
1133245
2862195
9039753
975582
6946232
9752442
8314040
72769
5465325
9385689
6730486
7310581
8362382
8051253
9398952
6835184
6275140
7811122
1529148
7530080
5917346
5844008
3364506
2670344
2416661
9930106
7371690
1285622
8207540
4396307
5642468
2436534
8609764
728155
1963118
3507288
2279696
32183
3523329
9538737
9270655
515089
8129785
6863623
2255167
828061
1302085
8499048
143736
5432794
8983715
5854239
9550826
7108108
5797646
5031721
5075832
3063754
241413
5942196
9519198
8012985
8356967
3762550
6225266
5590929
6972982
2021005
2897801
2458696
4255638
8435500
7480539
9721638
2984912
9929360
3383270
2707836
2983971
2754486
2192649
6021545
6338899
7999272
7102970
4159199
5812851
3879233
4975644
6798227
8536083
9372701
9432353
5190080
1533220
4641699
8782355
7847698
3632372
7329816
9793821
7275381
6829196
5013075
2808375
2912512
7357330
2217945
5082839
9089568
9216264
6045441
8349827
8904944
6507888
5349207
9006090
2869869
2878972
1899121
8818173
5195206
1271040
8628563
9610866
5416539
7057272
5812026
684764
8356223
2472164
9880661
3288864
8163108
1615268
4084726
3432179
4994976
9931139
308254
8142314
9613437
7646269
3188940
6033971
4924830
9264845
5642604
5765223
6882956
687795
411688
3892377
1734758
5785514
9280569
3999080
6432400
9604716
5660982
5946674
9929212
4754094
6032186
4948602
4062944
8304186
7358193
6604718
6496023
1114578
5973474
6229023
447342
1636541
6253166
7215436
7584605
4917275
2134171
9815456
2075527
1478226
8042914
5389408
4058452
5187858
6588842
8221329
1950231
5694067
8550631
837754
8865340
8121200
302136
9161190
4801004
4377932
1603304
323622
3819917
3049394
5439672
1036575
2659644
7690395
2522802
7852268
957030
2717328
3680528
8370253
6882328
8160652
299250
4180966
8567435
1592777
217533
7469967
7933726
1103866
2331614
6959695
4684198
2222867
1593981
267986
107242
3496784
7176823
8187141
9212255
6161392
5554002
7535245
7793991
6379371
8209916
4321897
1161171
9439026
9070358
9688190
7363211
9053496
6710420
3898124
3490075
482888
8833347
7463216
8203187
2772769
7616893
4245022
8739624
8520395
7479519
826972
1951804
8338649
6808443
5243914
4019978
5331782
4916524
3732872
1832635
8290362
8082412
6360795
814126
7820439
8893765
9695770
6138018
6924627
8103769
9476732
4914486
189040
7088535
3544718
6165887
7449323
6866250
2490468
3851383
2511359
3599949
3666103
6152129
4038955
1528164
9703550
7200192
7854759
9255862
6870692
3097502
3676628
8176001
8984522
3780547
8309966
403492
8542333
4141706
1975919
9774620
5982799
6589936
5124799
5582317
4100034
6399790
4967017
410067
1400677
5461381
306780
1255901
4232000
4410113
8676284
5556660
1351504
429158
400855
8817161
2942238
6363133
3801517
1277246
4414316
5826359
2536302
8563356
6946665
4819451
3493989
8981155
3151181
2017375
6869313
1951133
6580911
603936
8211654
96479
4267432
2645024
9274219
716797
6421425
3667397
1291910
9156695
8382445
6949959
5792728
3255807
3421338
715262
6730280
5869805
713712
5238287
4714839
9184448
2382022
5997115
8094214
8396163
4302576
8862350
3788915
774792
9340571
1428094
3981405
3989159
8209784
3559735
8220459
9876583
9517441
9452551
6689050
3403174
7125552
2320058
5166228
600798
9240713
4696467
5185029
126559
6082323
7488834
6581867
3057058
9389699
1428097
9549021
4450033
2114382
1874946
8916676
765242
7907903
858665
267132
6581777
2072228
6113221
1196493
1959111
5620037
90287
6233120
5564653
1551199
8209834
8831536
4000724
5031846
4168458
5905516
2541026
5638097
8548374
6926155
8286039
5072764
3766133
7775666
9022201
5115146
1494663
9894921
7312977
9102835
8440066
4160580
3226918
7867583
7069431
2367740
459340
6101253
7449149
3942951
9913840
1569595
856229
1871147
5636870
1057999
4236623
5718451
290626
1646781
1163198
4873980
7223525
1010848
9681091
1501889
7187531
5041256
146720
5422314
9877074
1801284
7952250
624951
5526883
2303103
2915457
9654533
8682904
8484426
2782233
1029912
7500596
740233
8252642
9974259
114071
7046920
6591435
423883
1846671
5993644
8482811
8155031
4604198
2126135
3734241
1406003
2757575
7229720
9124319
2383561
209739
363675
3123067
9643838
4851291
5205304
8864363
2143965
4804610
580689
7195572
4358399
4778891
5625294
6759123
1891837
5531279
8494930
180476
998781
7124107
2827434
5902744
1046735
7811589
9249698
280899
1306680
7126994
1602777
4494651
7406103
9211811
565199
411480
4029127
9212931
2253585
4459893
8591770
20824
4012925
4438499
1217269
2371609
2087114
6811605
5606691
9924472
9228638
152649
7740065
5525150
8862098
6836385
4380023
6510266
1252230
2064222
6922606
1466049
7762618
408929
7145874
9566499
1808036
2614257
6847532
8102114
964518
6864097
7501341
552167
8799626
1279053
4061888
8747331
2828044
4096360
404016
2620950
5616898
9019208
1543991
7034392
794717
6607439
6117940
5657818
3950685
7634304
8803515
5933123
9273861
789177
6812524
2867604
9294561
9700802
9282138
5451184
2252525
2865805
1085636
875072
4004056
2350278
8921946
5995506
7111062
5422547
2113617
4816941
8299946
7219906
9800836
4585097
7020173
7360585
4038623
1385185
4357634
4843168
4278600
6356660
4588538
1285822
1986210
306736
4754305
4840231
8605828
2469257
4210372
480579
511203
466828
4312114
8227874
5581705
3504572
8643830
3003208
8683582
2384337
4399942
5775935
2234871
1417437
8697767
9433801
6026592
793011
4552394
5649141
6903877
8535490
8446326
2700380
2310184
672723
4797408
7161874
8215172
629855
5669741
1140308
9439522
56415
3108063
7922309
4902332
5710510
5141837
2174269
7946718
3491522
2102899
862133
5473028
4932254
1120756
823133
9581369
7023298
5937439
1982869
9604092
5510617
5387459
6175165
4654232
667376
9104908
62749
1919215
2021306
3813840
9249282
5731594
6854020
5950565
5392816
9417050
1670970
7433710
7018587
5958753
6415005
5588275
7489679
8658049
166050
1486686
6693773
433559
4056192
4076736
4422723
1184145
1150629
2314474
7833391
7968536
682404
553940
9133528
6418199
4615323
7342036
8561163
6384455
902955
1363622
9463753
2890796
3705241
2993634
8493088
8848080
7081528
5302329
1123013
6273246
6025647
8087204
8859694
9136373
3121420
4415455
8910332
5067482
3661649
9569150
5066678
8720733
65983
6231735
6973374
1347885
6106589
6006280
654563
3714614
1041622
6450087
2887944
7106153
3505246
9321672
2770983
3142638
7108044
3404192
3697978
7413552
4221049
5255393
6008786
7567120
8937890
1472862
4327007
3466077
1760535
9390004
2407715
3741223
1741518
5609539
1230039
330465
8500117
4453376
1357777
9588998
7236634
7650617
8006407
3279089
6381551
373687
9284646
8075539
8495936
3381241
7220652
733438
7737254
3503919
7277877
7977526
6766468
3839929
4569987
5047389
5218018
7811575
7543185
4582267
6584002
9328131
7115044
462642
2819660
5941288
7818293
6509839
7146386
3672326
3809368
1127223
6200530
9249951
3928941
7186791
3884168
8647029
789905
725150
9132778
9415977
7402819
6909549
8460209
2827718
8076926
7430924
747294
5499175
5351584
6008310
9821847
5678504
8827453
2865703
5131620
2860154
4301999
4249371
2756696
4800192
6447191
7429463
3480294
471613
5145085
8942048
2869621
9759232
7903082
3935126
5114683
2068652
2485827
1503412
7787180
8465300
5949484
6928385
4751076
1559951
9580009
7020084
3934510
3362613
9693281
2314642
2437513
848442
4267368
439989
9185707
4087282
2043069
1588705
9317713
8272457
3104446
2741506
7109360
9599484
7480097
267697
8525992
7841731
5130606
6419094
7857623
2969264
2626974
7585897
3325871
3682482
5210898
4878634
4210412
3790875
5482504
5235376
2982361
2507240
3490691
1244363
957846
4607552
6253424
9124826
914484
8123118
5983805
9030069
7722243
9922603
4032441
9157550
2158671
9421972
1036142
5123534
7730849
4553427
8945936
7338545
9789331
9509873
7491110
1916983
2400949
1513672
4081998
8525172
3569372
6617380
72772
492789
703008
357989
2553551
1825620
3751604
7069994
3799088
3243680
6274684
9280679
6588132
833583
5839525
6937463
7442228
4656929
362734
4253705
3623860
9614670
3546048
5181732
1099083
6832802
7437757
3701286
6812013
1350186
5997852
5284505
3897151
7432515
2565848
5482519
4326831
5777682
4429273
4251551
2163631
8028223
737838
2392909
4527521
4607231
4284579
9219856
6130507
1019211
125142
7858174
8626521
4407164
2732838
1948292
7776149
9828536
5232620
2224408
1068324
4251175
6231734
6936270
5100689
856554
3711482
3313916
1692880
188311
2802748
5430710
5265203
7081959
4614276
3289602
1285581
6145948
9247579
733220
2745803
9110210
417902
3389353
9776018
7595153
3480508
5934396
8187896
4898861
1371848
3272140
1730077
526303
1254369
5331941
938592
2244177
6317562
2974090
1394243
1725398
7742683
1587170
7527051
4416862
8988912
4481958
6250711
5050385
5422559
888572
2699509
6059367
5093820
7505436
7755015
4336978
1512579
9345168
6839518
3695967
1101897
2390520
5596397
5001877
4531202
9181872
7631441
2382736
6955227
9896200
1325213
2378611
4638819
1320103
2679833
9559546
2046823
2020436
7471194
2139541
6075812
7973422
6899958
8028833
184665
990190
8153565
2067654
1847573
2258789
8148206
1709188
6192155
2764846
2908643
5505952
7007778
7365898
5678541
8258132
9873449
6381828
9875261
3881135
1186595
8156355
5531401
5242070
8714397
5786483
4106283
4865355
397347
8304999
6311536
4554561
955566
7234085
1041584
392994
8778155
8050878
5067530
1238278
1332795
5122901
5291428
5201709
8749062
3402087
2766939
5404167
3741187
6892700
6752465
9378826
968230
2266190
6714737
7704330
6335521
3683109
9104569
8891134
866765
4901636
4122260
2760793
1970452
113087
6190302
4736490
5400114
9336200
6831499
6037146
2774778
5232730
1368464
7501171
3331412
9135560
9729578
2064056
6948431
5199076
9829977
270932
4665050
5789892
843414
5111605
1015971
5750347
6963073
2180029
3205084
5016755
3827096
484112
5589880
3629735
1644039
6084022
4029448
8004224
5575335
1679669
3165502
9966796
5380764
143981
6840951
4298835
917950
2575079
9541277
6946948
9008763
5494484
4727357
3792693
4447030
5580108
7819016
1409675
6073476
8366695
4132444
8652477
2772015
7908156
5413749
435448
9314402
3738176
6963894
8596572
3377479
6625859
4822524
650288
9542274
1637305
3184030
4113841
2945682
5124081
8705837
3503343
5781879
1269282
6587106
3571627
9737070
4360281
1659011
6013389
2824969
5053945
9830748
6690665
2344980
4944747
8168198
6770481
9259081
2161317
6843874
8837111
8485735
395007
9523166
2509688
1701254
8503400
1173560
8658941
3284276
1005554
2074627
1362871
9439431
4962874
7842892
8970417
4978600
123732
2147061
7591557
1879850
3986562
9838562
6522650
3152335
2859019
4773907
162420
3029429
4979533
9892592
9592679
4808123
9113610
6771022
4183363
8162830
3023059
1859788
833027
6174032
6361608
3684161
7449859
9980606
7755769
4398346
6448890
7524622
6730092
7899016
3396272
7238534
9176070
7824282
8244151
1028730
374626
7406277
4396926
7245014
9063141
4764161
8093131
1636876
935080
5975704
2799214
2273108
2347401
7539307
3257015
901519
1079703
2240382
205631
9570097
4047768
7561890
5656618
147897
523537
3594315
2843536
1004455
8729616
468545
2612149
896306
8993959
1897094
9108470
8711621
1255005
6719340
6906144
2634127
881951
7758046
2057492
4759657
7599051
7430411
5777835
3576353
5602175
6501076
4637646
8695553
5249888
8442117
7573022
9598846
1377005
4548378
8655197
3877138
7925539
4191913
8563692
9063250
9178167
3235383
5479206
912834
462295
4122414
1865653
6251262
5598639
1763527
4421133
2494784
5256982
1465487
6362481
7218970
3208761
3815541
992939
8994453
4531176
4111398
4283218
903979
492936
6775159
1263899
2961809
8326333
1098908
5663370
6316047
3796904
1733745
3089482
2638829
1782908
8695249
9541638
4125867
4951362
3106360
3862928
3765953
1926077
8854245
4009848
1783085
6223789
3416332
6401610
2999572
753892
914730
5833680
1475394
9228221
2424497
239475
5992709
8538465
3525911
4867373
1160743
5798573
4364391
2494194
1020834
3327241
7430570
6730592
6352642
4254611
1143959
4626195
6184651
581487
9595128
6024812
7820780
699461
4088487
5396247
7516413
1005575
5384878
604190
8199001
2937620
2387014
1989567
7702805
2893640
2818723
260708
2385340
1970786
4474287
7331635
172644
9031505
3582481
9430590
955247
1657662
6926631
9976445
7665703
3905710
1622868
1665059
7457484
632979
5345909
4308231
7098887
5558910
2367986
4569963
2459174
657357
8773262
3121226
4555866
5610433
5156773
6988067
6721719
694239
8691843
9230316
7411651
2815223
2259192
4874133
3524982
606526
4517927
2132791
9191580
9776495
8032824
9002533
9753884
8710723
2093361
7234308
4584487
3436547
3990658
739730
8782438
4001544
9240118
5629409
3441451
440892
2989607
2127000
7232491
985658
8537281
8663376
2702276
3446521
778459
1513919
6198971
8600280
921616
665081
6152699
5368200
6687540
2440956
9868817
3607768
3171859
7694888
5146169
4147487
2709199
278509
8952158
3040405
1757314
7192853
5667303
5741758
2419587
6954228
6335830
9178628
4585762
6752795
5326589
6243014
4104925
4253281
8660051
6652340
3185365
378898
9337220
1242716
9557190
678260
2740792
3532590
5122865
2658602
4259350
3534000
7612014
1450497
6314296
1183708
7867745
4132287
3618947
5977600
4774596
9476886
519305
824934
5702950
4371741
2940518
9039906
4684702
6165970
7396183
5041792
6529176
3570083
7152902
5519505
9760879
7650882
1850972
268370
6273753
5391277
47945
2528646
7998791
2836035
2585864
4690280
4529802
8633365
9550009
1017912
6369976
2135386
5046205
9542021
6891553
9980502
5127108
6566269
9579710
3669933
132920
9130051
4982771
3748416
6505708
820769
9273729
2013709
8196848
2574497
2870349
3126808
5720141
2586123
9858112
2916267
7959657
4568578
9810637
7077002
1162833
7978986
4574279
8139609
6572581
7149125
600738
6694294
4944147
7459390
756744
4306509
882060
7795455
8012004
1814158
5499120
4588330
6881480
2767494
9662154
4441739
566050
7926217
1734466
4817997
6395964
9492451
6458807
4555558
3598660
5535953
6521497
3370530
32434
9793252
5289948
141578
2720405
4900821
968558
7419206
9009759
4661817
4366865
1768238
7004072
8347658
2904769
4106317
1125870
1119030
4096727
136831
9041458
2763085
8041583
294951
585249
5308205
6240743
6681417
8725071
6746202
8763011
2693050
9728351
5108553
579725
2467836
7290573
4602007
5507752
6404955
817133
9917987
1687217
9342893
8818767
9224005
8610749
7310611
583908
1972424
3774860
6448122
5280165
2681371
8121937
2066066
5094083
4017401
4608694
8182220
4675777
1753355
1799208
2544379
4223635
7053759
35963
7426814
7638210
1307640
9595131
9771207
6080304
1060264
6500722
7814730
5114862
8327818
1388024
9280487
3301371
4097555
8552491
4222966
8024289
5458162
698980
3401158
7191243
8244380
8800788
1810108
2822263
36131
7354460
1505776
7589307
5259897
2951987
2686160
5286260
9161058
6075645
5167265
9622972
3917131
1219561
1222978
6256661
7291184
4645051
1701409
1748214
1063944
7638592
9357324
3467705
2172587
158291
9432513
8562196
7713968
8571560
4897381
4792079
5177093
8603411
1100373
2219792
1361317
6314661
2844498
7526018
7111332
1263339
463688
4853768
4202359
5944262
8572891
141591
3758720
8225592
9121361
2642865
5753601
2909244
4113705
651824
4809787
4380997
8964868
5399611
2606938
337733
4275049
2928327
212842
9707824
1670106
7570547
4410256
888572
5164637
4767529
5724604
9484755
1024210
9521761
7900500
9222100
8521604
621318
3217076
7035709
4087339
5160042
5079477
5701519
9516972
2220514
8142108
356500
4937566
7403641
5050683
2702042
7346080
1644206
2571171
4136397
4546926
4509345
3108196
7969980
3797520
3672619
3029439
4127551
1877427
8150540
7677267
9513534
3866248
9159318
9606459
2526188
6952698
6670744
6832872
8992593
8633977
8902470
9841846
6471121
3283632
8404275
3096004
5838302
9036199
4963417
3138427
3686847
251924
5376975
2187365
4041040
8681399
4188393
4277645
2881751
4826406
685259
658861
1588809
8162259
3617228
1212638
6415403
4464032
885892
8564995
4642476
9556782
550291
5214472
1568253
7518018
4163462
6901672
2016313
1633062
6408269
934265
4762974
8512102
7620819
7837581
7931529
7694627
4969520
8762154
6696952
2470713
95836
6196964
9339002
1795754
5134694
1130665
6183714
6250192
1421924
9144524
1581621
5480591
3511973
4948721
5019838
9020802
6607438
9762103
1646601
9391532
8115321
1990322
5385945
3217694
6838441
8751126
3379376
4612000
859993
4872911
9521340
1732244
844890
4767429
1218300
2625550
789549
1334934
3681169
1391545
9161464
1836170
4972791
3965460
8048988
8106015
3939174
5857077
7107654
9281026
2326113
5754834
8520893
7615088
2672152
8142140
3531681
6004238
7941337
7111191
6365671
7966331
7037382
4700842
2353095
9560666
8451839
8157443
539934
648092
168122
6211207
81278
1815152
9081336
612471
869720
5456178
5513421
4267537
4715064
9891768
542013
9533732
2522979
9459457
8421695
5206584
5929680
3823574
6405075
7284841
7452799
5651547
3245104
888959
4376203
9187228
6958084
7789082
9869183
7806141
4189095
5095112
6827376
5551523
4445192
1679847
7551703
6419830
736587
7128456
379073
4775656
5544082
3288004
6964931
2635306
3038146
8963536
889080
7564919
7568433
9014999
6930126
4646067
8299213
3632662
4275864
984605
8216332
2521442
1204952
2204001
1086004
6451365
1275170
5847445
1632843
4897097
1395809
7469646
1400486
5017973
7884917
3578385
7966351
9694684
6637806
4978321
9760675
7297987
7186133
3386916
4627930
4434573
4444923
2708681
2712296
6322462
9731289
5156581
9491402
6025175
9001957
9199125
2786848
6293627
5805319
5854102
1124944
1438012
4505352
2999435
1238034
5605173
67783
8191580
6888060
1453656
8592080
9713318
5564258
1552038
9667136
4070241
6537073
2179668
6475532
540895
6845818
5025887
9477913
2841120
5531159
1517330
6149294
2143766
7771238
3056115
150756
4443348
2120636
4875616
156790
3104224
5333280
299825
7005606
9219189
9352740
428820
930691
248957
1787602
8076963
4380461
6755317
4350357
62759
1377831
1781014
9930732
1702413
7143029
8771318
8388494
28875
213821
584543
865409
3013325
5778333
7699492
3701962
6929992
2485413
2300972
6063152
9657513
3862567
9807856
2159412
1295521
4591775
1991881
9820093
9871159
1358823
2767359
6913939
6352683
2820874
4791950
8368914
1720123
3767151
7619526
9527904
6988881
1287887
5538664
4522926
2367941
9258611
1726194
2949992
6103771
5136300
1186485
557626
2430978
9166651
8562429
848882
8408856
6657899
4805705
3564936
498885
989535
9972089
5383097
1488807
2683980
9520061
1579545
2244622
8738267
8086593
4733693
3726746
9467856
8220919
6471981
8756374
3994637
101779
2864961
3737185
1141972
8090375
5021287
8414584
1313515
6434774
8143834
1041548
9589480
4514673
3156132
3621432
6740734
1561252
7654673
6536642
3451783
3071271
6381009
4899319
6986172
1718052
7831551
3317009
4694980
7499416
340123
6522964
2590868
7443913
3659549
3642458
7847469
5728561
1756468
5630296
1694689
2634522
6482142
501221
8116793
6272626
8253919
3127382
9626269
7326523
1598964
3429330
5605650
2037068
3449296
1460639
3582318
7936823
9522222
8554196
9790245
1882459
5144889
9206281
310842
4714531
6685339
235947
5172229
7043580
1502110
7992719
8314961
5697649
7773107
5969700
5971353
6049376
2667684
194872
4073225
28212
6010567
8878914
7117426
2235957
4845368
8097969
1985111
1762363
2324407
8188682
3197272
705466
7791954
1581641
8371429
4728619
7364547
6450650
1796552
4659980
8904020
2152378
874366
7758399
2579801
6807428
832495
6042119
1964967
7963279
9010685
9488206
2270434
4106772
5467531
5560482
9140091
8721783
8102284
850683
2090952
4372435
1316103
9310000
9033816
9802570
2332564
252689
7576204
2608048
6349326
2804253
3420552
8149580
6333410
383166
8183158
8852717
2024742
3214349
4243012
6269585
694545
3328425
9723875
4104172
3855892
3204839
514384
9430425
7302640
6499172
6962129
1821727
5374568
8154147
2222002
8419584
8428470
6451147
7520318
953132
950986
7118876
44604
8392089
2915397
6107018
4067050
4352013
7163014
4087144
5447322
340093
8480546
3492095
9378693
6219957
3644109
2545493
1567092
7744357
9578526
2325232
8732549
7192265
5719664
2028259
6831345
8089827
6959210
8661342
5527424
2123700
5636021
603719
4988328
480456
4289406
9940186
9233642
3558718
2012753
1373438
7376830
1441155
6819459
8266477
6842693
5316543
7800829
4933665
8242450
6350931
3160744
4267252
6978935
3642101
9793128
2235256
2326858
3919696
9492375
9314623
6082032
3510489
2929068
4710160
7549591
5849958
2514531
6766667
6195342
8708224
6937092
3763039
4214281
6381755
9645243
4017245
7435978
8836533
8979833
7453583
823644
4637745
5427710
8641127
5548896
1780565
3866518
8218187
455902
9275242
9535543
4157029
6700711
8217146
3539204
3231846
171471
53193
1820343
2854035
8926108
7007687
2352183
4559305
4313158
5054828
9113429
3371309
4379715
3750056
7272882
8756017
9154244
3984964
3801037
2060827
6077632
427625
4211468
8021503
9419731
7881986
4406119
9397795
4515990
5621538
2260304
6461295
3455743
7395500
4065854
1572195
3195268
1649388
8940108
2347449
3371045
4185038
8000087
4547681
9978994
9960827
8727085
5865712
8922200
7783391
5443154
9302312
5628210
924527
3546188
4988752
6080377
8233380
6960445
3184744
8045984
2546273
6837389
9398036
6506959
1794479
9233484
5078646
4830090
696128
2343466
6360547
4503400
3426924
3883136
1323578
9271337
8845500
2037205
8725991
8063680
4325020
3639198
3770356
5147903
5320650
5785177
5488770
8778050
8225125
2959044
4924176
4965146
9414759
7312196
5327380
2238381
6997792
1449309
4334158
6248962
9468146
6212915
7557409
429612
9148646
8227662
221047
5582114
8518896
6358401
9586548
7191690
7815095
3860766
6556812
9544633
4761104
7949492
7003158
2633024
7028816
6820096
9565310
8558887
6477073
473661
8775156
2428968
8861798
4453226
2058564
537938
4308122
5106208
1279060
4506690
3628629
4424571
3824451
650726
7855763
5147497
9922522
2519587
1124490
4654137
7910643
2682466
9232079
6077010
263333
1609981
6453764
6930295
8088324
5712123
8485067
4705156
4487558
2831542
6024721
9173078
1655121
8115
1250734
2900600
5237879
7773355
7130022
2463814
2736212
9920668
233843
4241731
6636173
7538719
7282675
5207969
4812275
3282946
2420249
4353950
615335
159367
3472867
6507951
8379113
1847088
7530671
7124590
6637761
7859439
375821
5205103
3972124
5776628
4571410
9626240
5644862
2171329
3228403
7401552
8780093
2050090
6364244
276847
1004217
1179346
5367582
9140126
7200128
3866422
9589517
9916473
7908192
7649658
9447004
9875256
3131435
8208145
6216721
4121996
3209355
2361171
5606029
7020694
5313574
9363365
1446420
3181198
7279082
6135042
5047708
9373874
4708988
1319741
5001936
7506119
2213209
8307861
1174532
2028859
6430873
8563632
651479
1803640
7792887
3374859
2396175
2135731
6920420
3739289
1266156
6978184
4842232
9320169
4542929
8983921
2030492
3405088
8712411
5149921
2800649
5844671
593246
4341195
664385
7760850
9874501
5125926
5000167
6440522
2704505
1821933
7806322
4447629
5904631
2642983
7337559
2994994
8347313
8569915
7982294
8210075
5772202
5239440
2566613
3058344
3917914
4583119
9127286
4282890
792213
5624906
7017937
6301828
286369
6613608
1288280
8666121
2801886
7474765
7357809
80462
9090562
1325231
5799919
9347760
1792952
2693082
1928093
2637163
304871
4634797
2272607
6732231
1482049
4248040
3190539
4852883
5635789
8100
7348270
381714
9533920
8532093
8778990
4672113
12076
2931383
2232280
4903894
3898303
4070974
5602536
1992317
2343991
5415736
9977915
3905645
1672910
168007
4829587
6020832
9141767
7021371
165472
630418
5819376
9840026
7991434
8216068
6633543
6022013
1385315
5844898
1736084
541855
6170876
4172271
8802085
8263830
6093852
4175393
707341
1641488
9084012
1244616
6353487
6266397
6274012
2832071
4742852
1767882
5213383
3557161
5313482
5597859
9478069
3697224
3217931
8217203
2237379
5705545
7236313
9356458
3281657
1355928
9193604
4970752
7523472
3510812
5606464
4421816
2034031
5213379
2098983
110960
7876789
9162495
8841243
3725470
8959404
2595996
7169852
3981639
4262400
9900161
6386968
13249
835745
5439929
3058669
4099989
7542149
605160
7077475
8753581
9752554
5463552
5439472
3735034
8655536
9652926
9088406
920468
3280884
1767193
7632932
1538274
8764638
1761599
8260235
4529757
6977049
6451832
4442166
4692717
1878124
2505294
1025646
1081410
1457580
4372307
5880983
3299838
2479622
2883355
6337885
1734211
3081989
1664784
1339452
2316224
7555509
728134
1044985
2624793
7472645
9808766
8798978
9815941
454167
9303736
360
1965510
6263937
6090804
2014894
1475603
7132139
6066080
8943391
5877547
5325121
3645928
5474194
2274333
7134552
295381
4001640
303703
5461263
6951913
7939941
9872961
7918583
5628290
3137957
9577078
6673843
5922282
7526060
3489009
4666842
4052318
5783628
4854755
5318211
667009
8792033
971375
2300414
528967
9120285
8012509
1283771
9426003
1124557
758114
9310589
9739106
9193252
4686611
417065
1596288
8269463
7214703
8282495
6972903
6117541
498793
9444091
3921294
7237937
6748850
709669
5153930
1967583
3444413
2517259
2086631
4419286
8134228
6801265
8355141
5453529
8617546
4074482
1565436
9769146
9421460
2911907
9824679
8021324
1899731
2730467
7042558
8055401
826796
2121386
5941137
718487
3951674
3926675
4971723
8084929
1794076
2562966
1268837
8764802
8268780
1478366
7855713
7238168
5170430
2775881
2220480
8151451
1781173
6462616
2252434
4882347
3380012
7018927
3660339
4449158
871232
6103427
2489157
4555874
7246493
1791580
3167248
9224575
9798325
3832200
2587133
8352020
9249494
6918291
1349425
5241351
3118260
7587383
7607609
8747941
4499949
1458732
7388283
1274098
1994040
7309808
6260100
8702241
1896870
6068430
8653163
4538765
7250158
1082612
9910070
21394
7801291
8435939
5993868
5412650
1647343
4585602
2166169
8162158
27228
7199604
234868
4601581
441240
8764305
1341903
9720222
827560
1558494
9861615
5333404
9579435
2464075
6111195
688258
5294016
8485174
5182710
6473528
8412246
9840935
1943679
3791739
1957160
1241774
2840378
2354507
5447309
2837606
4603755
8577415
1554772
6197673
8639391
6484913
5713713
281621
112803
6049094
342195
294985
4331880
5971327
7901593
9099668
7134030
3776274
470843
9800654
3873621
3569027
5533805
1559287
7150244
1645314
1770130
4791002
7462585
3111856
4960762
3796074
3185605
4839154
6859090
9012863
2362363
6466215
7970710
4693600
5787309
8206633
441556
9143676
5225548
4760585
7669326
6126626
515965
3066384
8842300
9443938
7397144
6576416
140720
1627288
2864226
2672489
2199321
7192951
3042716
2551473
6997916
4722885
689250
1049596
6384194
1064661
4623900
951330
8632817
7452154
5204640
6557477
7327405
4581179
5128447
6086138
5190896
9877600
1800424
8944539
617206
8085794
6038041
9125458
7898253
9596743
9778852
6947295
6518577
8039004
6966298
8564026
4561783
1596283
4317678
99407
8986272
6055880
7865403
3029158
3119676
5218058
104312
2423300
9565330
6543163
7811208
9053840
6154087
6844213
7767955
5364410
7954784
2366789
3548697
7052348
5052816
9854975
3956787
2278785
7597626
4413806
7626453
2706160
3455910
5786370
6520039
2688890
1582873
5944327
5859211
4009967
5740493
6113214
9444572
7705887
9631955
4104513
1137431
5703270
3986527
2968529
369065
9536169
7121174
6648050
4604306
7186212
8615969
4554960
5481572
2327564
8755968
6943437
6662845
611256
5864444
8469938
1457523
8265493
9813924
3903993
5387581
7784308
6142409
2754069
239983
3973495
7184701
2767390
886130
8198404
2698383
1549205
418955
2130021
4528351
5821533
3467505
9654306
2746430
3658621
3801437
7873727
9329963
5219494
7772568
3264290
6006218
5108564
7982295
7032441
9617574
7437911
4718139
7973052
2596874
4600811
3024114
6657548
1234288
9305873
5140731
3758380
1889139
7024561
2390243
5020085
7616275
5601810
616345
3153411
5715129
59368
6114488
668752
8440230
1968071
2670207
7849407
3583488
1419406
4845541
5356636
1755455
5919356
1510369
181759
7003120
6362002
7532466
673054
4439601
5883305
1834161
8716887
6520551
1555501
4150941
5221599
6615698
3996886
3166727
3223912
5817406
6998039
793006
2968610
3630231
2163848
9224064
1895987
8254894
3146051
799445
6117226
4666932
2435013
9648868
4272868
4603515
6199913
9185737
2981499
3203532
6462328
7782845
148364
4985212
8291602
7959369
3195258
1454257
2166971
2083698
7155850
1410042
1966021
9726070
9986948
7483404
909899
7491533
5291922
4094316
5271030
3911755
4930970
8655902
7359899
26349
1160557
4719689
5442231
630215
9130382
7779178
4801466
9151381
1316413
2336324
2505332
627127
7958796
4958987
8325977
3637936
5001332
9482375
3291274
9300531
7710518
7274283
51471
7468754
7763655
6067580
7272301
6321308
8238296
7801118
690554
9901202
2584186
2441868
9371859
9857413
7921530
2070578
5922065
6293436
4609091
6949700
1897418
3922165
4504381
4863423
9624301
2984320
2333782
7747637
9255055
2099005
3492962
4558843
7500707
326073
4328901
9300203
9825270
8706874
7110759
4966019
5989051
4261364
2985748
9650423
2373817
9903763
5477379
6627057
1007047
1692700
4247286
2035594
46761
6806026
5058675
1326882
3772603
5489734
4873492
5545326
9364711
6850210
3931543
5859281
1351417
5148042
4092061
5588384
9256333
5030347
7696066
2202043
4189953
7041954
4857364
8482604
9923370
13580
4784886
6566525
4439687
5321773
8956491
4199436
9707034
6274612
6606765
490803
4022113
8556975
9223406
1596321
419923
8500618
7266747
2665943
4936049
4315210
2756511
8170417
7533313
3144050
3593991
553859
4729525
9017131
6703911
6891839
4471865
9554427
7981846
6595073
8012211
4656917
2413192
5435421
1968369
3918613
5798457
839409
4518955
118952
3016731
925096
9474408
3601438
4635331
9432481
5707951
8203299
5831154
6425013
9323089
4647052
9812895
1004517
8967748
1568535
8819058
6311928
6933677
1590000
8961072
3843450
8538224
2038440
6597516
4574616
5572833
7569131
3597348
4540408
42271
2341225
5850168
5751287
1774613
8148745
5834136
3117095
3215232
7688320
3647110
2786901
3362564
9839647
5887759
9346213
6732395
2937782
2535788
9099950
496197
8918810
1898013
6478643
8139798
4770439
1855676
599937
1051744
6075334
219103
3773803
602482
4444819
4058172
4316058
2622905
4228575
757120
8241973
3370761
4220999
2661675
1184639
7636612
6656577
6569942
8609373
5395847
5922691
2006735
2991335
423697
6808310
1446699
9128597
5730267
3559486
2309971
784931
4380159
8398187
2478407
1668341
22653
9072274
7493672
1429991
816793
8469996
3582966
5587597
7595873
1711397
2040237
9398740
7729396
4476592
3348537
4726851
8368708
6534385
260089
8813340
2492333
3583764
2884483
2264904
7873202
6092985
8460981
122034
6215355
7213059
2521937
9140137
6503755
1750359
3719504
3636814
1449143
5417591
4614542
6833964
2644109
3468755
8450642
8709364
3170420
5688903
9085513
7146445
5514442
8348456
1920769
3899631
8873856
9342769
7456292
6951317
1820577
7718375
9107078
239940
4499022
3129799
5495954
3543190
7828118
9124721
3056622
9079866
4558102
6238658
5331914
8306133
8328181
4497869
3274302
6088294
3342377
9247458
1989575
1154180
7995208
5448101
8555518
8209685
5782186
632951
6115974
3065767
7253881
2210783
960281
9738256
4504540
2177907
8026735
5272465
4768195
3574370
4361382
1812732
6504616
9182546
46884
4552263
4261649
8028881
8509223
8265813
2563763
5443400
8066020
97362
2107502
2863229
1455604
9793448
1662967
9715934
497010
1458618
1160018
1182780
803686
9034041
5308874
1650382
4805612
7819683
1400898
1896508
5386733
675201
4084984
5679044
7870970
1112972
5823858
4131967
6715681
652493
6791251
1972636
5835339
8299850
6049925
3026563
8943224
3632229
41889
862254
4050950
4432236
9441304
2849467
3514211
9247246
2582822
5281826
3720037
9762918
8487369
2007097
1601219
287423
5372677
7021156
2178976
9302708
4361772
9723116
2696862
7195324
5321543
7393554
5743581
1921537
4114564
9437257
682555
7963416
7614488
7765979
8579608
6250490
5702918
691560
5510965
6159262
7636562
1423734
6269594
8625580
4603601
1919310
6086024
538432
8716543
7723948
6685090
6595855
6280564
9949703
687466
9356016
2837991
4061587
9340495
956734
8777302
4234607
4978853
2260593
1554540
3994798
9572080
9249038
5844388
5516349
9391999
6085981
561714
6045513
4746389
1073253
5953962
231404
1518863
9174877
522756
2932237
2527534
208673
9753643
2060392
2115157
8046030
1804026
6938912
7696852
9490946
5807375
1377534
1027895
4555075
6022067
3920708
2074871
8193461
3984296
7032331
894850
7095749
8573142
6925827
5817845
9070329
3295186
885028
4882745
8221777
79959
1575454
9279280
9161772
631701
2566644
6999251
2130358
1884852
4775869
5140827
6446201
2409685
3759750
4869914
6279250
9006372
2598346
302455
4773253
7632007
2235044
5361660
1608272
6010998
1214019
6521243
1178154
8991585
6367412
1575275
3054843
5789011
1274005
8599525
9497798
4783683
1365455
6758573
4471938
7647477
8724145
3666345
5580339
8588988
1348299
2646403
253469
2624568
5680352
5731966
4804845
3308063
7000011
9911044
2803789
9093332
9652722
3906163
1204237
5530237
8456648
1415972
4006362
3005377
2026763
6982304
7294231
9866234
6135857
6935167
7624684
5164838
5621358
5348100
594088
5214397
3148394
9563681
3700483
6867347
8659121
5612872
309323
8570423
9034839
4124006
9860029
2983131
6716030
2641251
3552830
2340539
4724573
9412665
8796179
2440261
8490934
6344058
4969645
9154760
2081558
8263615
6761053
2966575
1929892
8855211
3930114
4165191
184476
3103169
2910010
8359027
2019212
6076327
8200393
4050475
9401169
8643386
5371822
7318708
6911051
7218878
2814143
5571967
208130
5694353
4198536
6883196
1383
6442001
9909847
9148813
2854937
3644913
773723
2571574
8876679
9106139
7650622
9098084
6519633
2304603
6886999
1633739
6714082
7652650
7933782
7779677
821441
5434039
1831618
3274523
1171929
4501032
3337499
4055106
6893550
7710096
8685980
3893775
9437383
8285401
6010515
5838921
7579264
252767
2562203
7859678
1927050
3590092
807195
7164239
6151268
6779023
2552782
9609388
255433
9060002
3969440
2535307
9570515
1204360
8269736
7678367
3275161
2672728
5066273
2179137
6959672
5674439
2781880
7477922
4339162
4487358
7513751
4408297
6056766
5325028
3057370
3054493
4205351
344967
7553637
2323878
2682442
6800681
9588657
9227297
5445056
4291589
1223637
9092050
5883291
7627735
7003334
1882784
2089066
6691865
3546136
8025483
7129824
3382639
2634574
9406650
4944790
2668236
203708
3670079
6680449
5647245
231993
1095951
1125023
2846049
8130477
9955014
4080982
9511128
334467
236488
6741452
8000683
2820614
5436808
1494017
227062
3452444
9837606
7992302
3450500
3213358
1417746
9264430
128391
381688
3219484
4151500
1840222
1310326
3488065
6160271
292349
6148002
2364089
9240108
575168
6635118
7126451
2676065
179519
6265989
6297843
5604622
6297335
4485249
1360930
2041661
7588924
6268106
4249872
2610579
2119874
332352
2858703
5490741
7242257
5734100
100607
8746373
3450832
2381524
7988628
3666962
5606595
1775090
7734281
9020602
3593514
8061565
9875303
280780
8311677
3140384
6444654
1351039
2622590
2126495
1418148
4518685
4243386
1896222
2238319
4246055
9357536
5755392
2747629
1777828
198380
5504745
8394432
9868496
4959548
6568600
2498394
6199545
3440429
4178776
7683392
8494361
756131
6584403
1299744
2651529
6006196
9496511
1315438
2299545
1766582
2721580
3791354
9595794
3533006
9328564
6130511
6586507
7010031
7077098
7612229
7761401
5383571
247348
1371936
8219161
5731431
2043972
6436373
8923721
6090369
6145811
675459
9950596
2010024
5152966
960956
7618003
6746775
314193
5999085
2268888
9250487
9694235
7981271
639755
8584291
4820617
3711438
1498881
5672784
8071377
9786627
6282778
8281742
7572463
2753724
4760383
1295177
407074
6697932
1219450
1575432
7341844
2843406
5639358
9851427
5319015
4300624
9495916
3603648
7379521
7741764
8540394
124588
8441134
8227912
921581
8715962
5348361
8837692
2669037
5087626
7615779
7188217
6974253
2600330
6255567
1751389
6101104
2346565
1394862
5993802
6898601
5865603
791631
5068659
8574741
180186
2637782
86596
448794
7264002
8344209
3577361
4155890
9460474
3776108
7339600
9254034
9944859
8168339
6503970
1728618
7325931
8123239
7005534
3624711
7821669
7193233
3495203
455659
7139466
9900304
9767947
2185462
2112386
1461892
4402633
6457253
3396194
6570718
3847407
8653819
6953009
3509702
4565256
8910311
2206726
3877933
4707320
326209
33708
9135945
8634441
2865516
4708571
9873972
9975886
6837273
717245
6324626
2446355
482119
9405672
2197030
5230529
6047181
3861279
8085041
826835
8160975
559147
7456720
4134886
8893515
1415464
2328356
7919429
9832232
5115250
6014852
8276161
1525865
5597177
5815895
7382041
6694734
6379467
7596177
6526428
8727533
8636730
6854906
3547397
7372726
8382991
2244121
9875300
769134
7846773
4730437
4367968
5420357
9824240
4768495
1537724
3187617
831735
5727959
442462
4816108
3815043
6466142
1777803
1274840
6844772
763551
3289801
9560760
4176230
6606425
4008085
7790989
3423114
4755169
2779359
8410980
8003295
6449936
3475274
3938745
4642564
1950668
3949447
6745143
1139878
1495680
6260313
6664211
7972757
3745805
4804322
2189634
8184353
2950780
6996649
5494312
3696465
1286317
4415725
4307913
4210976
4212168
5324953
2185286
7570790
507504
549288
4013690
5666845
2130714
7004827
4971389
4128016
6623921
8108975
5285360
8843682
7709839
7266765
6541807
9678863
1952738
8765273
1070518
1290469
7748605
6474811
3427649
3717442
7076743
5203974
8685508
491272
931347
9652533
1849740
3798761
7100741
9380834
9411667
8539897
4902375
2598977
8093460
2365876
441508
6499585
4489322
8449716
320541
709284
3674807
3913112
1853892
1874485
1926957
2769360
6418676
2697194
7019941
8885547
2525403
8907253
1725928
7739470
4154122
3350247
9861274
3282226
2836160
1073771
4619789
4253881
820931
9360726
6928740
5029330
1720283
1381289
167397
3674985
214502
1739776
5156886
1054291
697016
2059019
9010222
5017280
7378952
7741434
2855724
5195088
793539
842956
5307154
5912251
274349
9109960
9687792
148947
6306887
2571418
2338621
2640267
8450445
3418591
4471311
6710991
2436861
6262523
9618414
5011175
6040966
4117782
4890890
4247527
8414497
9042744
9541935
98254
3325587
1936354
4382830
5954562
351262
179301
5264674
1851927
9095136
2598526
6895698
8707200
7255343
9127823
5400147
499990
6314702
5072621
4037598
8621906
5372386
8040803
1814201
1408153
9608714
5249910
2825007
8947463
1721321
9147357
5594429
4729789
7766202
4431399
2744252
180617
5991737
5193091
9792464
8028566
5240859
3366222
7537106
7289550
3808384
6862538
584632
3097605
5324266
6852489
1874016
5760257
7939861
828655
9101942
8248286
84934
1021535
5738157
5891608
4382076
9649200
2213947
9182408
9138687
7732678
8405111
9450834
7147922
5258606
7222274
3618417
3952815
5240894
548558
9466385
7175576
3904689
2873626
9970654
3221393
842516
5875584
5832801
3430722
7632275
6700736
2796864
4067539
4011031
5195072
5968358
5991030
9323637
1161502
5259674
6303810
2580314
685603
5486131
5548548
9222371
7360884
2266567
6690260
45575
7431739
6779230
8581626
278475
2448018
8016699
6574157
4373632
496301
9075673
9198728
425087
8444268
1263966
2640511
3007920
2990296
1284755
8853743
2942661
3437345
4849202
8731115
3377423
2453980
9851309
1205114
6776602
6143506
1184616
8344623
3090716
8292172
3598046
7343906
8002514
2890740
4214835
1507154
787316
519431
227938
8812336
6759992
4629214
3972873
9034433
9904084
3260054
4385362
3155296
9819660
3041535
386200
5975023
4675577
3949201
6640102
2828328
352506
7306608
3920768
3825571
5912897
7198998
5213335
7961544
5634522
2469246
886187
2138649
3191635
2591855
6244497
238833
3816535
3412815
8211677
1724679
8491943
4906226
2039436
2079042
377433
2547204
7401091
4155044
8768361
2552077
4478098
173765
2019983
7472708
5290147
9993188
9814338
2416339
9085676
8143308
1721500
9296636
5194220
3046673
3096417
1386745
2136211
8311574
9822574
1370922
4824112
8585802
103636
5727736
8556928
8725896
9920116
9726377
9314263
5669139
9169295
9474296
2321592
1757842
1905391
6391677
1608506
9088224
208729
6088553
1893570
8698967
652465
3323557
4133233
2243660
8802605
1732483
7013614
2593942
6903885
6644501
5259137
1195314
2359912
6591523
4489665
6304666
4720672
2663288
5528903
5354532
6327036
2116056
1190327
142114
2297466
5438989
9073643
4650620
6439820
1983016
4855517
4542627
8295313
1158928
7090199
5061404
963674
8490463
639515
804266
2529087
7579802
6989035
5680060
4559559
5004847
3546096
9078266
4403882
9493379
2336900
2326917
521542
4152027
5914132
871167
112523
1162410
2579461
2553160
9949380
2720837
5520782
1737682
7777880
390205
7482659
5499587
2336875
1266050
827263
9325867
6165547
9517388
5911393
1935823
7788508
3257677
4366670
3799371
1574148
2540538
3617710
9264179
3648629
7151231
3317523
4286107
1351272
1743037
577803
6317825
4687931
6736810
8589536
799639
7394477
1128089
8908873
2706894
9926950
4752862
3307474
6607178
4839500
6843969
4138340
8191668
5496907
275947
1771408
3721427
199308
2338832
1343097
9539254
387623
8474807
5450016
3521981
868038
8236408
8853840
2727962
8804097
9883725
5993645
3712063
4435843
2816960
1245829
2340054
5665071
940348
5000080
1096873
8542232
3355980
4615686
2012274
7408674
3438749
5381045
2595154
9301116
168962
5928815
7640425
2006904
3842226
7176621
5551304
987616
1910987
3443192
1330820
1085648
3434742
4369777
8479450
1735856
5882304
9124415
7280872
1243618
5792969
3677080
5637358
9522745
3137553
1524645
8485894
1919996
485861
9483275
6975138
4684888
1934175
3609752
6132911
6156194
1659562
1201630
2154903
4548616
128616
9249234
1661740
3582661
5106728
3093697
9770648
1397736
4693254
5533698
2236325
9318394
3041646
5302589
8813056
8288456
4351931
1115775
1358441
3444658
7986504
4587844
7835206
6003655
3546089
9539558
7792355
624503
8446610
9871078
818988
6165332
1700632
5262668
84481
4023039
5967377
4949218
7457094
3931149
1519132
1593328
316237
149893
6175740
2191287
8606509
2070890
1783535
3749224
3660897
8022968
8339582
2709815
7935920
6405787
865309
8269154
8647744
3003309
3035586
4379114
9389795
5956548
1427213
9688702
9399579
8690361
8439980
4985224
3604129
4022802
7902517
6778809
3325015
3024837
2614363
895989
9955409
5601642
1800472
204010
8372185
3938829
793885
5801935
1296488
2002779
1450096
8109761
8243671
6051334
7055545
1403875
3719763
8159337
1468524
6484218
714465
8557884
8196901
2067070
303687
4595042
8560601
1974100
3673296
319481
2882594
5046770
1685478
9883373
9023668
734226
179313
8212076
8899033
7455118
9518448
3014629
4482069
4159158
6310398
8715694
7207003
6636236
9511174
2765129
3091756
7837584
6910461
9048206
8393790
8738760
2500807
7783749
6934393
8457619
320239
4708884
8499699
6506368
384842
9730951
7241865
9456079
4166422
4177954
7862789
7727269
3759406
2236910
3936419
8707204
3072076
858796
9667209
7236714
543105
8228280
4951854
2014528
9772698
6719884
6104535
5820943
976309
5035036
3140873
6821348
9894079
8378837
1148203
9891413
3143267
5104904
2992474
4069479
9273333
524869
3020236
6027676
5877355
4073678
5551964
2231561
6753371
9457725
5365201
9453414
7937009
5881980
4101254
5780467
5522526
8301317
7729423
1228173
9763287
8037238
3046279
9852020
9068448
3975979
6952596
2182089
3598179
684001
4245965
321864
6625761
3439945
766761
4702726
4181654
2802904
4947299
4742274
8702991
9269297
3097631
1458010
5608785
12987
6930376
6074379
7238510
1375683
7897667
3677679
6051587
3964527
9192455
3084540
7307698
7772235
5636679
6862962
3155611
9186086
3313151
788454
9514270
587698
4446352
7285405
3290633
3891817
9407750
5834596
1602659
8820520
8960153
3641584
9225196
9955612
5007721
3212503
6456171
6382772
506751
9375407
8572934
6571865
830156
7118752
7474758
6896102
1672958
3044140
7032548
1574877
2638309
139438
2052213
1583051
8046234
3999471
333093
1429041
8644170
8895910
7433843
9013166
1720419
2794313
5430882
7719548
9491004
3092631
4340144
9067810
3707996
3602597
6942175
4456751
2818784
9121996
1044902
4164511
9390635
769539
9470723
9196410
2784344
6553859
703335
9474246
5955556
608799
3050233
4853726
1802634
2651662
9254793
1314917
5211280
8392049
3588030
6677959
2294686
5324954
7949610
8224545
6648366
9334863
187181
3876086
4382275
6257408
6693793
3143381
4099214
5595696
535278
9354108
7226708
8627506
6671390
1345309
5323404
8375177
7313784
4337721
7792657
6813744
4560307
5888111
693397
3755453
4815600
2652417
2149308
7694015
6965075
3441313
4639540
3118048
4765654
6152544
3716691
7551984
7546470
602440
6116302
1286588
4589035
4323799
9885898
1400691
8103348
4085274
7014706
5334134
9594103
8794019
4508966
9292859
9942705
969915
7751651
6369724
8615303
497375
4973907
4916931
3308675
1968952
2884906
2543389
4310375
9576269
3963079
2238023
4741973
6866372
917492
612865
7774605
9277341
1905049
6618995
132918
4461090
269451
9739247
8078602
2638943
7045040
3271426
567719
2236541
7308425
8013140
5399710
7967521
2779122
6486283
9941515
5889046
6298445
234317
3772289
4477307
2434726
3453871
183627
83605
6172807
8479418
8562412
5514205
8441468
2346592
7779644
3014818
4122264
2174321
5701740
8956935
5614016
284389
4639065
2908004
539966
768022
7236637
3922272
3422224
5082441
2829722
4674696
5975452
2075430
4571284
3281439
607763
6670872
7254695
1571861
9252849
8646501
9926708
1370406
7836468
3141792
154549
3291656
9438525
1810016
7330639
59749
2973842
4623845
8434663
7904446
3271160
6009463
4501030
9856460
4937050
3764413
1962889
912643
9547465
1029605
7063219
1961626
8248910
5522593
4670032
6853887
8251499
1236124
2875720
8010336
8552264
2235496
6225970
6950764
5787369
7713618
5953554
5219373
6104205
4759286
7449216
209909
6529130
2792929
8153822
3327971
405093
4580781
4974324
2251375
159163
7196446
6175428
6292851
6327777
8489172
3440174
7001100
4539187
5373122
449153
5314636
4952070
4863732
8410521
3261515
2655522
4921097
6913280
6306353
9052986
5952029
7967056
3218294
8134901
6611963
3073439
5924084
9921522
6067149
6876421
5142105
8948652
1383236
6734177
1863116
4622041
8560380
9478407
1424310
1931074
444
9007048
4013149
7715924
5632040
2915890
657637
5852251
2799108
1600731
5589657
3768353
7423002
3258338
4780393
206309
2278947
5266266
4830235
4114294
4655299
5936867
5413589
1530878
7915150
2294765
3069473
1402399
6329926
3423606
9465116
3734704
149695
8060051
5799270
3804503
4091159
8089480
7922300
2989363
3354403
25996
698045
9629240
9423188
8381754
9972807
1051693
217114
2980627
1362044
9386882
565669
8874488
1513079
6242649
4981941
9599797
6827246
8694975
1700088
3734897
7270852
5772528
9805280
3581600
4050195
2237788
2224472
5864423
7470376
292910
6718846
5127454
2601718
6310065
1582123
9221556
2778945
6696829
850258
2995964
2322733
4070477
4158667
1766907
193825
4286948
5490723
1513824
2990454
1009281
2453409
9024068
8796221
3343126
618337
7962052
298970
4856221
8461288
2516490
3151030
2945943
8845643
5071050
3856594
7217415
4484272
2605881
8771287
371973
6415529
7858556
5935790
5051994
8560741
2948009
8575354
3636586
3524648
7377761
2561697
2094754
9107233
6318968
7864239
7103716
9270915
2860456
7638137
9442929
8991666
8379280
2335011
8074484
816802
4086876
9249723
4047245
8301093
8974070
2187897
1752777
3896206
5677118
6967145
3476381
9370066
2918233
1730708
2068769
5334777
3965650
2780389
7991039
7482849
9658633
9003488
8754356
2015703
812998
7214861
8366288
3856078
1612686
8149881
885414
7545863
4559465
6077535
6297460
9603513
6065439
2459468
3215464
1481537
2194333
7284406
7752466
382471
8401446
2537722
4431606
9890432
4264688
3745049
3203225
5657307
3348552
2300851
6375017
9571251
2806503
5452935
4063003
8241360
888351
5488677
40373
2061341
4538944
9950844
4476078
5003168
3824308
1836578
6457865
8976005
6136230
8495846
2160226
2537109
3494206
2779720
6109605
9661825
6578149
2024231
8881653
1098723
6406281
5741685
8893561
8929817
9647745
1377944
7386757
1521537
1252564
2561105
4093905
1258290
9672417
2644146
2459735
3902154
804432
43823
8600176
9408773
616765
638938
8737859
4982243
3213864
3403474
4035049
5826959
2925811
6454263
8474773
7737142
2855615
5529264
2984018
1226866
1140631
127507
886670
556986
3035568
7190752
7313001
9589900
6065017
8053771
6456719
1277768
194804
5117252
8115121
5039581
7625149
277914
9599871
7978884
5738344
586468
5309548
7633351
8901341
4576680
1645953
9196833
4838484
797643
2224648
8749130
9474255
9691395
3728602
7255502
139482
8066508
4584736
2252164
9273219
491605
7220690
1670800
1708702
7342671
3236897
6292867
252618
1428906
280257
3313658
5784063
4106410
2614223
4734193
8529692
1490082
529431
2653895
3539504
4850953
3392767
3055790
3047855
9912449
5538963
7935216
5572519
6687457
9345045
6563488
9202725
3530644
248678
7928504
8333873
7551631
6558048
8720598
8131552
6207615
1706586
7093118
5470865
3668609
1838476
3536494
8475285
2639793
6732190
4652786
9658308
4039490
7838737
7928726
2881455
9267484
5502286
9291821
2833109
1753882
8836221
2467201
3442599
1761157
7613326
6137526
9672330
8730041
1354267
7994256
5172734
6308011
8889988
516704
9560010
7088902
6445761
8985126
1014652
1526502
7439355
8090932
4050482
6996164
6669099
3716637
2108007
6542200
5501041
7141585
8440198
9426500
7537771
5469775
6768678
9380366
6213043
1843204
7038356
6066033
4160130
6177634
7813059
1909000
1880473
7225341
969605
5703076
4104728
3440359
1391465
9398280
6453055
8805990
6930082
5128441
5113647
5982421
4562797
5599778
1923132
5470261
4178136
9496151
8181856
808504
9850881
9715204
9075560
2312094
7709218
3108426
8695527
6543850
359526
4221082
4360117
1679663
7441606
622060
1038258
5557224
5742018
9439603
6769914
7738055
6470959
5678197
3127431
7623707
2025105
8688329
2531825
7133230
7325426
1635317
9473013
6667239
7360500
4344012
3093269
2025020
8796424
5333648
9958350
4475502
5374875
3409723
6619384
6755770
2330773
405459
180647
6130008
8429871
6835257
8852340
4707212
4162011
923643
1372891
1551345
3200217
428603
9163939
8433307
5614867
5764604
4747785
314152
5105540
2506285
790230
4931021
7938698
1155585
4531740
9716590
1803236
4306556
1471072
7428745
4114359
5656245
4614430
7355947
2303592
7000867
5431970
7956961
8658200
9445497
5844438
7915213
9344225
1898640
7184333
1755207
8735963
3269944
2547794
4393698
8027895
7036914
9242056
431627
3826120
334818
1745922
5726664
6664884
1860247
5583392
4652429
6533846
4912211
7616662
9924279
7147009
4316698
4643397
8083367
2229519
5516879
6716024
9865419
5314188
7123679
2569185
3580521
4181081
222489
8811990
7959414
7367112
3201333
9704917
1314812
3733977
4503527
4857032
2361977
4150918
6854077
7704367
1096191
4551140
6405936
6457758
2101139
3107649
7182186
1124163
8117327
342263
886904
6600608
9901421
6572542
6301382
4002070
9944480
569684
7738040
5164010
7380480
1944785
2154239
1482411
9041808
9580487
5806315
3071293
363871
990149
3256507
6065857
5210284
1372833
2266768
7304293
7319718
4632617
4970398
9272277
7235807
7086335
54148
6255371
1166786
6082890
8482411
2511607
355226
5637029
1412817
103355
3633860
7851072
1487407
2403592
4361954
5059606
7390019
293123
4985510
1848739
7456516
5997542
5310753
1499204
2121653
2732302
7196951
1245227
6823138
3445102
8123399
1988230
3842626
8682289
1854377
9657149
8326446
8066156
3978421
5300292
958760
8269806
6804537
2092615
7066983
9488499
6085476
8495206
491888
9035147
2007558
9359373
1457553
5988750
4406955
185364
3512780
7908454
2067067
1200179
7474686
9038504
2307467
9419968
4855016
6470321
8816678
7194760
958327
711800
1849844
5787262
3180228
5854642
7585134
7544845
4893768
6091159
1671582
7446507
5475076
5907427
601236
6469693
1188353
2307895
7203777
5334583
7632097
840394
9326031
1794794
3169971
6632208
2565110
4130570
5135470
5179195
3803618
6402016
8309563
159515
1931910
2015045
5730823
5393708
2800953
6958964
6740139
9150795
5680783
497218
8391839
357350
7156677
3533033
8263726
2224423
4840057
5003212
6754897
9232693
6921528
4117352
9312243
4411115
6013327
9384801
7818887
3400720
5337072
5953614
4304810
8110744
5048935
5033734
5700484
9613610
5414752
5954578
1796533
6820289
2631096
6245633
5303268
5128104
1916956
1500751
1119083
849284
3906811
4255285
76907
8996602
3157013
7235513
5339600
6325976
1775332
9758858
6324336
9728466
9465755
7284436
2545855
2709273
9998418
4406512
3741749
6882300
7914173
4907057
5190211
7846475
9061265
4672607
6987597
9241345
7816153
3461100
6402076
6258372
6729614
5968860
9543801
9024739
2851317
6970964
1777982
350971
8660219
68098
8525609
8336650
6790846
7109805
2407725
1528225
9169873
6052421
703245
7835090
8100770
3426190
8220580
3599528
8165266
1157282
2243079
9065636
9771193
8543222
4668708
8837032
6715766
4692864
4122051
198015
6144869
4297845
775094
9068391
5451498
9281127
6508968
9661804
6290641
6381695
5303417
6203290
577869
3781786
4456371
3688998
5351099
432199
5823548
4136778
7341307
9842099
266459
1128518
4950472
6693746
5445943
6931455
2164927
2642247
5842467
7429848
3301214
8923208
4096620
9378157
5368734
7079164
615934
9265822
9406270
8115553
2100726
5803216
9753156
8963106
9440523
2261106
5833111
1191344
5041305
9076076
7612779
1928017
5175222
3635061
1069341
3806445
8827322
4791849
2096335
414738
2496551
4648126
7948787
9221721
6674721
7159740
9335328
9846467
7865019
9834124
7881709
7067635
3014523
7912221
812007
1653980
2254040
171520
3910854
3512179
8070760
5081203
3132567
9881670
741515
8153284
4261180
9652059
5417306
6762293
1358711
3230947
1394039
522925
1758875
5901178
9424441
1633707
2826148
9972020
6417656
1735060
6034461
1410660
5028185
971420
4939269
3549350
7225638
7785805
3323459
4708254
2981469
5069825
927920
910406
6986903
5940972
2130707
7692477
1760348
4455629
3683346
4902599
669227
8682271
7508040
8545763
1333872
3297136
9194218
3391113
2763911
3847335
2197113
7238205
6632607
1297192
6403896
8095317
668444
7669144
1570237
7937725
7099957
4350381
1901035
5725252
3942177
2729321
2277521
9612349
7921200
9945667
6447911
110642
8361455
2861432
7895408
8570147
2585829
3268176
4090209
1019619
5375068
1364875
8211918
5980358
905851
5667859
7690617
9781744
8334889
7076876
1743062
2685937
8054526
9359207
9589025
7847051
3496960
6275554
6889969
3546480
8957822
3642962
2264769
2695231
6239592
2130692
3220756
5803444
1158452
1205067
2600736
8918191
4017745
4101820
7794868
224691
1106440
8560047
3652216
3944162
3326715
7518366
7006804
1260359
4946007
7249751
8964797
2937650
3812893
1426345
7639881
8891781
1119718
5526969
6098883
6786399
5982929
7066178
5913547
8480912
6103153
6166907
4376123
4382624
1913999
2130859
8534822
2001027
9700103
344833
1843212
8997219
8274905
5441634
4906873
4813056
3982168
1751692
5494272
2262655
1998812
7689057
2371687
1366826
1049679
2406004
4816889
4276363
5677352
7204085
5589305
3506658
1685126
8301379
3680069
8041012
4628646
1634246
9790077
3416506
2078171
33539
8610752
3423505
1976860
8563170
5252087
785607
3956824
9464027
3891423
8626039
3362418
653899
1708545
9202755
2145620
5830286
7566572
2402741
3844288
2702974
9050978
7802162
8084450
5098377
3275874
2892490
2740044
7173720
8670087
8511971
7104561
4408132
9193177
340076
4620706
3413579
1929011
851382
3174457
8130680
1726123
84532
2991328
487553
7116105
8190437
1076582
3526122
1625922
8989670
3630758
142407
7579568
7236203
527113
9340234
8578124
2628712
7769440
1110902
1048846
5853934
4629053
7190606
2730960
8110322
7465798
6174432
2178996
1743593
8388708
9830019
8799344
8122798
8179129
2479845
7675915
9136066
4497409
4803605
8175366
665195
723501
914021
2280484
5993868
800220
9619214
5722883
8033967
2976946
826274
779834
2227282
8161536
2064567
7725251
880147
5468704
7961354
6636173
6321537
4120979
1844627
3637815
2322066
4280845
3552400
5208677
2892
9886258
8399274
5868668
3607124
8496139
9387842
1186415
4176326
7937369
8190904
3369960
9137803
5563895
6311942
1319132
8830671
9917110
979345
287584
9940147
7980356
6580093
8895889
3800452
6366725
7058532
4532005
2324227
8014760
6646825
2162634
7660426
4072162
9494508
7100310
3178261
3414508
2025559
1542071
8434830
2179681
7631245
912852
5940660
8361529
3809497
6768559
4530930
3102845
9456571
2239850
9453462
3139835
6624187
583287
4840749
3210151
597101
8433071
6589873
8953569
2682810
4996622
5519298
1723528
4084471
9387305
947330
2595716
7555817
1344331
2971227
5912714
8077879
7753654
4008613
8066490
2898168
6115183
7616793
7364263
2802257
7562955
2714391
1902722
6454470
1123377
6397172
3059105
2883006
4623490
1807282
1306603
1762899
3565477
115262
7853166
2528323
5114792
340794
2070894
1018765
4418689
8635935
8851715
2030218
9623485
8280815
5328658
2116118
1326708
2308829
7696288
2815416
6680518
7215278
3958606
3695495
1668639
4116190
2407579
9344439
3506758
5052316
1418165
1190858
6029420
6723038
1045728
7936386
660884
4232109
3195871
8801710
2454902
371292
7634594
9759484
7486114
9719860
962771
5729056
1977737
6460316
5932848
687514
2473643
1917076
5274794
5750752
3936175
5737602
4956659
9604502
9866051
1036068
1078059
3039231
2913642
7104696
6481095
2063298
8866817
6603347
1658824
5416830
5505582
6135229
8635664
3349053
5866480
9631084
7216090
4843998
9585544
1833614
5695860
7412649
1344236
1876056
8647453
3630107
837113
5510685
5754908
9379607
5322744
7816222
332495
3910052
529644
6427641
9840006
527462
3178668
6532572
4989338
6358002
6554659
8941109
6480349
264656
2962469
7759646
1328262
37383
3930094
6111810
6849537
3418506
7524619
6160812
4007850
6861770
2833555
4111346
4422037
6817951
7375571
3959237
3830269
2977253
5313277
628465
3875543
8827358
6017402
7286900
6953192
7617054
6545014
5020201
5738423
840283
9021005
4483162
7292152
6513304
9956810
9247776
1762233
5605178
4475623
3655516
4541246
2708377
6797396
1143577
7495892
7743059
6305927
755566
2351553
1494434
5409072
4982300
7863281
6807932
751090
1892818
1339732
5984409
2032930
858965
6216197
3502495
7668272
3727844
8123266
5185635
2446061
5383179
7025184
3031498
9004887
4443026
1752462
4925780
4107592
5417388
7416785
7412749
9597225
6401810
9334366
8438962
5186142
55562
1563015
8415722
114500
1192152
430870
766280
8507115
6998206
7331511
9639131
3338147
5997714
2140695
8367294
2119099
4496073
5058270
428394
4224545
8870376
6134860
917110
5538598
760130
2061828
5382749
7568509
7253548
4070418
1875148
7713637
71916
1632228
3693054
9695699
9349484
7774419
1043617
4122889
7185611
7374214
3647570
1617319
7262406
1313596
7163080
3067601
6694615
7204758
1010546
9221305
507451
9693135
5210491
1510811
188535
9856368
7057651
55448
4399354
172994
7042605
9299466
2222074
1801599
5142379
14236
6028903
5553755
7943378
3814551
412178
5554426
3547901
2046260
8744503
3702307
1681046
6462004
3604181
5928826
8045974
4492147
8962571
2567558
2558465
2267622
8584982
1784523
428560
3402548
8629062
6672940
7661174
8944402
4315717
9292659
3142192
5313584
3347834
1492568
8064712
5513932
6255883
3151237
8313143
5333286
6825271
3875503
3966621
3155435
2464326
1258729
7039126
162911
9615849
3392042
2069366
1337715
7216843
5719618
7810854
5154036
6490626
8970964
3153085
301066
7480049
4587127
6218110
719871
7269045
5341585
956685
7954817
7330088
5487264
4828217
557782
6701468
4124039
1905702
3569940
7935384
9911841
4034263
199719
8695348
481827
3167342
7861253
2847001
4199085
8897668
5624512
5283399
4638235
460402
7525939
1172366
1438965
1889888
4159101
8036416
2441536
2553208
2704292
8278496
8644657
264695
1199392
3498206
3245188
6867205
9336508
6234096
1712386
1177222
9725269
6267754
9171333
2565674
5753613
8858835
2815573
2930578
5619517
333379
6796384
7115051
4907939
6892863
2219624
4900870
8780610
7535974
5088081
6116497
962348
9341042
7356147
5145842
9295483
7835330
6140260
2406293
8838291
3169781
2321753
320130
7627873
1916080
9060588
9197505
4736139
9609274
2759512
1950544
7999299
4185193
1427385
7000985
4040525
3215101
1205247
5163542
4056989
9692456
4194249
9901031
539993
5910144
3842276
8243445
7311637
2771304
5691885
8164199
1058287
8282519
1915603
8344736
4339273
3644521
7992195
9700876
5563077
3038279
8980933
253641
471132
5239199
9499525
6540135
6816789
9082899
4993932
1742893
3596430
9267077
7590827
8131148
7426961
8536247
6215095
3288276
1320451
660847
6726390
9896649
3116907
2802110
1569112
4648086
2345905
6631063
3296970
9724321
597646
8808276
9574825
6422818
1958805
4825673
5679791
3649406
6317783
7021293
745287
2542155
2860248
1391261
3658314
1936328
425664
8260037
3403931
7444978
3748368
2611260
9349740
8027756
6530740
9391550
6237142
8885802
1299827
2736168
2104411
2448723
8045097
5973446
2122996
3351473
8034041
3371335
2970500
5462419
8286385
1851682
5049784
3894617
1434203
4929115
7330023
7033120
8784986
5973310
1628944
6899682
8176553
6448528
9786238
9226178
6316797
4522305
7543369
6172852
6322601
4982228
7131864
1738823
9783051
6374164
525738
3205358
5937049
8433332
8805301
5348000
8907130
6056086
7565562
7427851
8363509
4716764
8977044
8744818
6735100
5976706
7337674
5534286
4374009
2883234
4802538
2238510
3315030
7105430
315829
7351326
5669178
1837424
8518667
8442181
9638193
1092288
4639799
243363
2618831
4386472
1081998
2068761
8111083
8556357
1438127
114490
3153520
911671
2295838
575125
5525888
5482375
2095306
5468924
3902018
4447345
6532443
5947646
3725600
5073292
6881620
8319224
9408455
8403536
7718906
2805574
6965942
8302801
98233
7659124
7709489
5206786
7127352
2677621
1224184
2198240
9273446
7800320
6923348
9305481
5985555
4566940
347756
8877361
6526128
7712305
8620350
898278
3871277
2832813
5571060
3200293
170754
9838455
7139501
1016481
5795453
4234860
7936776
4540766
6591105
9011650
9910410
3014293
8832536
1554189
3344163
7858675
9786168
1951432
1468355
762675
5710626
2794351
8458522
9357989
6680722
2607934
1905431
3916936
2783681
8415708
3956591
7015399
5734166
5686798
149636
6929682
9524574
319657
9549665
3578519
7570770
4282892
142374
3647301
3978974
5752905
1360967
1036633
3655044
6334661
6800675
8588068
738757
9504192
4847208
9044167
7665303
9135050
9662888
4670390
7962649
8883909
2538424
8918482
8448960
1601786
6874235
5559074
5483919
2560411
7678140
4760565
5414506
8187292
7034799
9208740
2638495
9850986
5130612
4701376
4576730
9445479
8113997
2399610
1143121
7025030
2101979
7411561
996504
2277484
3096422
8617541
2959669
1050340
647828
7352068
2179564
1648182
8129663
7304508
6087477
66876
537379
2550097
2009494
4151891
7251916
7041600
4102866
5060530
2127729
1547300
9685417
127504
1801378
743410
9299834
7558871
7532902
3631879
5251203
6718027
9219091
2019849
5949086
5576742
5796075
5155850
2194231
9931039
5733592
1966847
6569783
4560418
8159290
6363751
7605399
1098976
3579544
7309398
507400
8227978
2938681
3211702
8498371
4372893
1401158
4156562
6798819
9012616
8645893
3470896
990129
7996261
8132305
2888668
6326354
9811119
4593560
5094953
6988097
8333466
5388671
8701713
4457245
4298905
1478392
1181202
8944524
9922170
6954928
5569421
558568
4718112
1709012
4645921
386971
8084604
2840184
7486402
6648154
1093119
7180191
9301393
6981218
8711894
552584
1756124
8945586
3381624
4695046
7465145
6658777
7503521
6460080
1669881
7031306
4835198
230743
5105823
5294704
5267249
6100341
1940258
5971863
7423401
2310544
4035250
3878376
3391229
3150409
2181458
2569720
5227133
1421315
1451613
681818
870846
2386157
5513709
4052971
2480195
155494
9407829
8294272
7926120
1788462
6769106
4032581
4205824
2512975
9380052
6321552
8277464
9303182
1036314
8888592
5700564
5303270
9881868
6431799
1809830
3490253
7989125
895539
753246
3597932
6077825
2036692
1821683
3824578
3706558
1187236
2210139
3484094
8092884
7996619
377125
3753095
470163
806842
1226701
9359339
5062003
1210581
4294492
4043200
8166246
9006746
2010051
8163736
2287236
8813719
7581085
1440485
9799546
7286740
1104304
9917285
6239720
8281436
6941505
8246978
1506078
9018825
9025554
8834677
9547942
1801875
6399781
5305564
8944860
7195436
4026334
7552375
6260511
8252372
8938055
9308402
5166216
3058637
8556663
8812405
3655882
7888201
494487
9507091
3293378
69906
6485120
7961272
3706067
1283433
8716456
3453176
966048
5212007
2729591
3543890
2987974
3420855
8329733
4714000
3999342
1312601
7277514
4330067
3173815
5493139
1025671
3480066
9865398
346813
9815211
202199
8196502
3252779
3434594
9861366
9057185
9175341
9398283
2378962
9709977
7206926
8963519
6220688
2545406
9049300
3907903
3150453
8427296
9904416
8514722
8960681
4625539
9032824
8603958
6648511
7552956
4545555
2241481
7484136
278144
8501289
817429
2866452
5310279
3575495
7756053
2027973
2202216
9595115
6355423
376936
3900048
6207193
6785459
593484
9925165
7251425
8083878
3397359
392437
8995885
4728033
4573690
6200745
9748135
266297
2206164
1830417
6626421
2789377
4732172
3479564
1634110
9192086
367563
3460496
8505002
3842506
350638
5648518
7959293
8208316
4512018
4116755
6197179
277732
3273812
146445
2660637
764266
4256116
5673392
6461416
393891
9002684
8623707
8512229
6363659
1141063
6824089
4968246
6532088
8869598
8473405
3080583
3010302
8239921
5001863
3678
8590954
7880553
5181718
7269773
5039411
9379805
4992955
4077857
7708131
9152042
5749285
9465757
7541298
1847580
7855768
8931847
5161178
6034106
7923745
1179846
9011217
8924091
9446315
6214480
1030851
7335280
4105303
8818811
2912864
6835466
8629103
1196763
2574766
1365355
5810688
1395176
9647269
502000
8580260
1232888
8717054
9240882
8752832
1926406
5261335
8366797
445687
763456
8184428
7839710
7699267
8998760
5947335
1276340
2396955
5204514
3846737
9801995
7441889
3450808
8622092
2767429
8600088
4083684
4162758
2964849
9849998
4769907
231171
4273259
4828595
6337014
1336605
7817967
9461955
4695587
5592406
8612754
5325168
8095863
8536854
2881169
7491857
4437166
2647148
8124528
2438000
9907713
7843560
7589333
7817731
8767800
3200701
384019
2252274
9528476
1876013
369018
516879
9737487
4661626
9974408
2863139
1494508
3878174
8838851
9849821
7720743
9794001
6779107
5960049
2276536
1371293
3557771
2182358
2199528
2304947
8242261
4980115
5836011
7364679
4317158
5429128
1388181
4898490
153590
6801666
360898
8331682
8693840
3522587
471279
1894678
3035791
4857338
3025302
5093741
8762806
2736774
1178998
8580420
9766512
476227
6662693
9363673
2566262
6386
8874979
8853858
7985807
8193082
33318
35275
3304463
54711
4529593
3882039
3493440
7112973
2883564
6320929
9472342
4187499
8358069
8679144
4259977
3232440
9504115
9538817
8899844
7226441
4527607
1792515
1864020
1989347
403918
1144047
8736051
5567888
1469631
7931193
8793626
9200683
8075458
8425762
9781046
6017597
1218256
2032698
5108963
3737554
1123724
6204359
6035383
1100189
9737538
8930876
8785122
4661634
3046741
250619
8897609
2226700
4987719
666670
6884113
2146518
5473224
7398022
7607845
2367509
3052704
4778095
3175625
5112325
5606523
3789787
7818391
6796138
8075560
3477004
7595448
6495900
6248149
9732792
8248414
1720292
8468909
8070321
3287746
1718931
7531532
9277440
4511605
3842545
6663564
5238272
9214111
5262771
1802883
2886083
6159987
9543563
4051176
596659
1106356
3183839
8369459
2934457
5520767
4482487
3545356
4252163
8111458
6544832
2696960
5127777
7100699
3034553
591556
4632344
5220574
2777115
1397962
4688803
4024813
6104939
9239675
2003350
1484300
9420256
5157302
7779233
83303
7484624
1744448
3533165
9927861
1030984
1800488
3029081
6116484
8916877
7997884
7859965
8548409
3289928
7808532
1694548
5753023
1074872
1868361
6063620
1904678
3187151
2340533
564321
8425788
8524206
8135567
8941073
4896754
9199342
5966367
798601
1612894
504385
373425
3042142
5894563
7060662
4169993
2672875
3990865
4979399
4275952
722154
7955115
4541396
1472150
9548357
9888964
3563959
6762280
6203687
1904284
6835830
3239104
1983635
5865439
7354492
5586410
5476893
1822425
4920015
6513437
7879873
7460183
9863368
5312669
452236
3774222
8698078
6100913
2984742
8766022
9093405
9561645
3887420
1597958
7246031
1543889
4480135
9229088
9226625
4213198
7873689
7043579
2608453
2714317
6488972
9562423
1440158
2692430
2377362
3839739
4668375
2809111
9660305
8833601
4149687
399425
796828
9127442
596649
9884265
7796106
7416773
2743250
5475640
1988470
3004905
6335307
7703846
3326115
9764829
2469255
1845072
518395
46402
6504536
9883628
5147823
4304098
9546213
9714696
2766003
1635937
7815038
368113
359648
4657194
4583850
169155
9648975
6578434
767035
8406423
1118995
1869903
2165374
624533
9864109
8252272
5510391
201758
2040580
2557893
7070061
7681879
837484
9518564
5764936
4614840
8719038
2268925
7458214
7947929
8024615
6943347
5994745
7299159
9592885
7394618
2409200
5212703
3076182
8842648
3900808
3888549
8900192
4215658
8423867
2828541
3431114
4038571
5304046
8955156
1585068
7548143
6885414
4700794
9201558
4515929
5152465
5863091
5015285
7724816
1994043
7906932
9929135
7013165
9147296
1277033
1704403
6028934
1411775
1478618
8116229
263458
3059280
2250517
1609916
9919964
3752740
2067470
6540579
3574045
8335077
700248
5633583
6869086
8472727
4807673
7047243
2919816
5871524
4716219
6518578
6466261
3504799
787322
3736531
7506553
7045645
6258628
9466397
8595202
8316669
9235720
2437290
1912178
8747323
4007772
4391529
7196160
6134543
1594962
9572357
6120403
4340212
6986086
2955739
9780793
8594317
2398790
6776373
6224525
6316542
1312220
7201413
8183730
763067
3682354
2294572
4701032
6950720
7909404
5479898
5329488
9081016
2996292
3054429
7320888
5628509
8655934
4488402
9657474
5060581
8265622
9676489
6115904
18338
1508331
73918
172915
2836407
8268129
2472130
8736826
5583611
2759489
3278276
5266056
9897133
6696817
1383141
5472241
2773081
6402190
9535828
2823305
4954408
1955863
958675
2607997
8714815
2087119
978778
4319638
3640822
9912727
9489644
5491948
494632
9638049
9491616
1501778
1021414
9914653
9509896
4007111
1177428
5998695
6080814
7121675
4310272
7740195
4233242
6258523
6368674
3388324
3480110
8317776
6707065
7021999
3086341
2005093
9653942
4641206
795523
9408931
9651075
3709786
7654960
7059652
4419683
7621527
2474206
5952011
8198324
4829962
753972
6250406
3192748
7105808
5405904
1507367
1374600
8744749
3818955
6775458
5080217
3644153
4275926
8606764
8744254
7145189
57976
110307
6850410
1158559
349811
5838817
6060592
960029
1423085
2959634
8874321
8599240
4693307
1822455
1238115
8369570
5649930
4763305
1101065
1610451
1625728
8541836
3698422
4995103
1418742
8707206
1167342
1890322
3807871
90424
9292096
2405715
6449544
4271734
8534172
3624280
6153355
3211543
5369096
1586417
1997287
3306322
380468
1954564
1924447
6871067
6287639
9823884
7030170
2399404
9820873
6639858
6930158
6689240
951878
148698
3493692
9935449
6859372
6196408
9485858
9414319
4733480
8872524
889696
6415917
9450928
727139
2912150
9962160
9725174
8236852
6213637
9079154
4387909
4399560
1898551
304463
7997672
9562787
8623341
8705236
4726491
9742278
3926980
4955989
2778491
8525028
827489
3394700
1963635
6902420
1855057
5404595
1912567
1157672
7152215
2594164
1860543
934497
7799530
5163472
2042265
3900261
6396979
2172240
4543814
9203925
957008
3860068
6136506
1424433
8496198
4440417
9616213
7417941
4562270
3378008
4051924
8626706
4335560
4735307
4721693
5027452
5002708
1092615
286163
5895175
2757602
2448897
6604673
7576049
8004991
1918867
9132412
9110813
5586692
917353
9054487
4108324
2312329
8004469
8795102
562498
923217
5409578
8741819
223575
4061906
2515813
8736355
815927
4678114
8730537
3548575
3744665
8625969
9444301
9743584
8997585
3309563
2878582
131703
6153995
2961741
6653871
119238
5742921
7503551
1178278
6491233
2940602
9120918
3688178
1006880
1805260
6396879
2378844
7975854
6794424
3450794
822480
1326585
7597418
2342313
8009049
3612936
4649827
6304548
6634888
5396822
9249880
6350171
5985808
8710767
2882173
7072165
1743135
231501
6555389
8416794
3177830
6101799
5332406
9517487
35032
422167
2482662
9365191
5621047
3424270
3959602
6493692
4585937
869705
7196285
4342319
3404183
9908921
699610
1630380
4038438
9666463
8780232
7487727
3653413
738035
2308338
2183514
2240321
9008366
6406310
5425946
489734
9580167
5470332
5062300
9309973
1709134
7316
8258200
3530863
5333654
3201510
4405652
4931849
5843165
1095837
740302
8912986
1212955
144754
4338994
3189548
1657704
9418886
4611445
133322
2380075
6526684
6943714
7088324
4619732
1323592
3850859
1492471
6858235
1221545
308466
5281617
4152974
65608
1986505
8883344
4284962
989827
8903155
8421569
3868248
6345342
6879914
9048999
1115487
3986875
2078986
3711020
2771603
7872014
4522648
3414852
512929
7992817
1835523
1950769
2933214
355294
853007
6283057
7822966
2852154
3455255
6991
1235976
5999323
8663962
4535192
9802696
2617726
279814
728654
5014018
290043
7784178
4175640
5602510
1737499
520936
2623665
1125707
8206028
9893706
7959840
8195801
9682447
5448980
557927
8961740
9963605
9278108
1920517
1977021
1061577
986813
8781950
9972633
2600362
8879425
4200231
8958679
5343084
6256436
6683376
9543649
5309837
5171918
9492038
9496016
9151931
9399510
2852620
6721962
9370850
4234916
5560960
4786969
8380470
4087279
1949071
4369093
682836
291434
9453252
2170356
2077031
631802
6485333
9436440
7820899
5002994
755492
7431669
7852405
5284041
513454
6565913
9513213
7732580
5727255
7578005
5327740
1236312
8385101
5042238
7249109
2837716
5210184
9840672
369734
4967546
1992121
8280564
2493069
8297454
8086076
1648325
780278
2004140
2521530
6733072
1593388
3876011
1667125
8302907
3365208
9085744
5769696
4856919
4077515
3516884
355810
1369228
2212379
1034581
336652
2706732
1644408
7689118
6330468
6992002
452072
1871611
9272696
8248185
1774583
1009083
8980481
4340129
572159
452179
8112756
5499959
7655265
3027871
8239497
9960163
7354960
3197628
8038960
9632527
4726448
3622782
4639553
5459060
3078249
2390838
4718806
5810460
8320708
6287175
3191916
236390
5054525
4905429
4320913
3269623
1878707
6912864
7790170
2920256
960182
6145064
3237059
5652
7546779
9543873
5871467
4699433
8290467
9804038
794915
2635993
6236269
2158732
7282674
869673
2151676
9483801
7962852
116424
6032290
2291525
5488053
5330673
8137764
5637551
7020498
9917792
17065
3920817
4171024
2346463
6213336
3276836
7706438
5326301
4411320
9867162
2548549
5975841
2907435
2155111
6395168
2755724
7515855
1936505
1738510
903562
7038389
5942754
6004027
7293400
8634369
96855
7909
1228401
421950
2100422
7515068
6406742
6305715
5648808
4033948
4487119
4709535
3118485
5770534
3210528
8067006
9626961
8578596
189333
5606455
5160801
8799450
3778640
6254140
7628344
440756
840688
4048164
979983
5413071
8775742
733326
5111242
5038708
9987611
9322773
571641
1726575
7186648
9675420
5757246
1157968
7125951
3645114
8227700
3581448
8411619
7308388
363736
2768883
6780560
1964661
2417948
6498005
128214
5966625
4509065
904237
4483552
7868428
4313909
6471011
5745022
4911827
413048
963119
2477664
7552633
1238597
5282228
679753
9995560
9700416
6530824
4701332
7037747
5656117
8195003
5811019
7765116
627920
1008443
3633583
8919041
5903374
3153318
5728445
5468262
9458596
7757965
7209336
4765614
775723
5840145
4945010
2801439
4096152
1606324
6697970
4956025
6540576
1229210
7662402
8511006
7795797
8320650
7530724
1883356
8526608
1620077
108241
3017914
9655284
1582276
5428650
1430118
9127549
8325634
1059366
9144814
7994356
3740031
1773487
5443889
7478934
6297222
8633185
3115086
2635082
9782847
5298830
5070053
9175366
6529447
7100720
3732849
6810694
7790407
8225783
5135274
1005940
6598912
7930009
7651493
5095572
5567751
8704704
530378
3188656
4694104
5235864
7227397
7680990
6707271
7172219
6995613
2736956
5867741
1053871
8463976
2422980
6776957
716766
6056783
1846226
7799564
7460612
2920995
4763722
3026469
4137129
6983352
267090
1430851
1131810
2281128
3678889
2457088
4196334
2300052
522850
5100659
7000163
7516384
271880
4453719
8211966
1849399
5222479
5459036
6500930
8268527
3159869
9392201
6825485
1331732
3894756
9082276
5687718
3706453
6759173
1721118
9592701
9347270
9555366
2881157
7505283
3856445
5236841
1388777
8656016
5833359
6689534
7141207
2180859
3760454
1962234
9609694
8669419
6496192
5204230
2695635
1459615
7284624
5385260
325692
276362
8136980
510193
6751211
4793571
1357156
775384
6926823
7270545
4081622
4061164
9404682
5146678
1882657
9112050
2449755
8424349
2158128
6755108
3636030
7196917
2267539
3348559
3895623
9384439
1769512
7870185
6824260
9848189
8946078
2368281
3630284
1287521
201723
4759130
7279826
3026475
722495
8947792
6216328
9730483
8951213
7599982
7519409
9060387
2347471
3112349
2134676
6613817
7613982
1029126
6097515
8140221
6824777
3465466
3139935
6848202
3744232
6208549
1778295
8293749
150861
8142996
3870119
5319944
7663428
9233407
7877005
8088521
1208418
8019602
8529061
8346190
757106
175830
4653561
6306183
2514194
7767120
8441643
8125976
7651043
198603
4892152
8377712
3555042
7260297
5196938
1468900
193768
8225261
4199029
5738527
1352352
5529067
2717271
6824658
3739036
2147253
2494306
9012575
1397038
4120391
1795466
6168074
5354688
2385191
6848316
5412132
5938576
1732949
6704196
8029895
2988526
5882401
6255787
6521804
9702742
7999940
9541624
8305717
2432388
4495386
6092034
7155652
4186415
487366
9815889
9791617
7365691
7647800
3561701
2648685
7982186
8606778
6744197
9275220
6281706
1896265
7217427
976318
8502552
7622083
2101330
9581186
4631661
6233297
2334506
126883
7471629
8506397
7690032
7301232
4084640
6472130
5565572
5745612
3350321
9773117
4639548
5032579
672201
6019411
5156543
1408604
4812165
4668452
1478795
2972498
9110307
8742968
5045407
6435670
6531836
4450362
232518
2229112
5306400
8768252
3495237
2816621
5981188
3962966
3393415
9653877
7910429
2259826
126660
7280228
4323140
7634144
4008517
6531368
8391484
155511
7655314
6175594
3358788
279868
5616363
8955076
8211433
8071797
9633164
7959888
2996052
3190766
1497917
1888265
6407040
6371156
5990439
6073968
3258505
1205059
131619
4168267
4982913
2656122
1896225
9095852
3216340
3369744
10651
8963871
8963779
3789995
1437927
1345696
9255754
462820
9848058
8424584
1109072
6435948
6332615
207574
3416576
518815
177668
7814314
8272904
325053
9614638
3577113
752423
8728015
9056201
9989297
7660812
9918157
1648450
3009278
855949
6736124
7731616
3885228
7526792
359884
7775347
2799381
1708777
8292805
5902739
7089688
6810918
1120002
4971566
6818861
2990072
7710842
9438605
2723873
4670919
5012137
9759134
5244486
4585512
3459287
9232426
451601
4659028
1266908
4976366
746659
6928135
6156734
6885606
926199
3149866
9151287
6874988
4502170
780777
2909495
7530060
7007240
9353014
8011148
233413
8443283
2999419
7275571
1262206
8522887
2214868
6493188
9710693
8033233
1944434
888499
2384461
2402139
1458830
9045168
5263519
7146051
2890506
7119709
5834801
8294982
7449087
8408268
7479283
4226762
7972173
4919865
4947683
3938616
2566451
9668640
7343718
9673033
1019811
8375476
2329228
5418887
6846308
7282987
7538653
6324951
7126117
8067442
7266232
9401568
4824415
1950668
9954618
9622963
4396892
4165063
1288137
5065590
6670216
8946459
6476533
9406055
8748537
7084925
4024896
3932481
1964201
2936387
4576648
2773214
4697383
9442069
8550478
2154946
1908911
4974292
7632659
7468151
6912635
3000740
8277546
9700220
1758397
3217829
3987377
8002358
5834923
7612648
4210564
4277385
1261425
8492375
7793229
1956646
86430
1657773
7572384
3387208
5630280
7170593
9806849
8237265
8198678
6940291
7446594
1778045
1723941
8513666
4788938
7171971
4582920
1528752
6512437
1658092
3897050
3679789
2517885
2337865
8551188
5018292
1943793
9244759
9111726
6376404
7743823
2349154
5039274
846378
8124617
4860298
14048
3214661
7136537
8992230
1527449
5907321
6391963
7794784
4834771
7854352
4015383
3303443
4273893
4357276
311130
815046
4680821
985962
4143135
6593740
4385689
1634076
9035928
8448054
9143967
3332773
4269330
5796540
2144049
2770375
3936693
5209828
7190991
6515516
9407775
4866716
6649990
2094953
517319
2406297
4292837
3396554
7343476
1415550
5699125
5311454
5638875
6006543
2924865
6761517
8892604
7501527
753229
5042129
832063
5676328
3456673
9951190
4110684
6914226
3824810
3604125
2898419
2366674
6907990
8335959
1711296
1446671
9660929
2734239
2085520
612695
3203264
7508539
3360231
3286710
5029751
4746539
3416866
5444061
5147913
5849326
3705346
3680237
6065276
1416390
623704
3020269
5711826
9934530
5326909
8497887
9101180
3394717
4539540
2744699
3194537
4753597
3301541
7882984
6930654
7118372
5205518
5149662
8333182
6642042
7278192
1747708
2485829
4158524
4243953
1004942
5096052
5572960
3992850
8090129
2320445
4844703
8076278
5353398
5280419
9028859
6432964
4974847
8567619
6446112
7910811
4956385
9984620
1841948
2818943
6774869
2722652
4975173
3802867
5764629
8545293
9613798
3277989
432773
594656
5500805
8135498
5294668
8188673
5020933
6224704
2046166
1400110
5084465
5242953
8970833
1558780
9002121
2228013
8662523
5913797
2614372
7587931
5711508
993531
7582453
71122
8731396
3181648
8760804
949086
4509732
8301254
7862814
6442959
4145652
4291583
3982554
895822
3104366
2538288
5006959
7468392
8981941
4562460
1005164
9278822
3941031
6090976
3446506
9777054
7375731
4649819
1887088
3481762
2912033
7758788
5812678
1699677
2580253
9307703
3928775
1765953
5709434
9565721
828801
1119251
5393383
6504491
8832906
8692496
8880958
6073602
5425281
2064355
5513505
9767869
7842895
1174696
4861913
5169315
3523229
5390797
539763
1314014
2262831
2063077
9805283
7766755
9748904
4796222
7216215
7558390
7924268
3776922
2561873
5310843
4830483
584439
9223924
4542615
1410845
3111652
6294445
3229381
7048714
4283627
8337909
4374908
3590422
3014487
4765004
893592
7996305
9141982
4629637
9734887
5608648
2805177
4264355
8644280
1620786
8837129
8551075
7269221
1702142
1457254
2300430
5334846
4746416
2093794
454401
2793441
728286
1276657
9322472
8712081
2338518
4244256
4310782
7900649
6033036
5402038
5690970
1875925
2190377
9458280
3548659
3267388
489619
8350488
2398046
8568415
125890
7644902
8085932
6625882
7527463
3211606
5752802
2320011
1402244
6563442
1952728
7366383
140806
5102468
8866972
5984109
6903519
387904
9987771
2009713
989881
9707004
5878468
5157888
1540756
3007297
1009544
2589400
9394577
4745882
2878581
7182136
6037023
177715
3339277
4981496
8282645
5840119
494117
7459237
7432057
8217461
5776789
5020326
6123046
9399910
7867546
1957422
1488865
2793278
9277986
9420359
2759325
187656
7889419
3634825
6791661
9475749
4915764
2038900
2426670
2141299
7775863
1628947
5546709
7357934
1337829
9095235
7222769
1301451
6839508
2067569
1819164
6944397
8297102
924548
8557661
9907461
8944931
2693493
8301306
8035000
5031169
9320358
8552094
4855702
1398526
6815530
430514
9082986
5843636
7578005
757979
8567628
2551327
2318567
4628268
8408555
1277647
5781615
8116687
5477826
5551380
6134671
6620001
250028
3688453
7916933
9915224
7255232
6343047
2123654
397363
5825899
6001686
108525
3144530
6102937
6925471
7171302
6175552
8510485
3946539
4972544
248524
6983168
9204009
9730547
6445173
463203
4439399
6362295
8409425
8879556
3822967
4904504
1398004
3975327
8500612
9730720
200423
9910145
6952964
1404894
4461710
4780091
4200257
1128275
9493595
5850384
1541541
1223130
6668446
7912092
5488512
2604337
9877958
600154
8430784
1260756
2830283
5331238
8046965
1352336
9584715
5831543
7431529
8121378
7167787
1281355
423164
7227401
6828146
3346583
5983046
9306415
605741
7556562
8249774
9352911
9910146
1985667
341092
5984513
6541259
4815759
1416607
1911407
8329743
7523493
603574
5282329
6925159
9286365
310209
2676861
9426961
7517066
8112831
3045815
507151
4878221
791767
9982171
3166153
3790284
9251782
7485218
5358239
6157751
8652432
6032260
7262440
4533043
2883744
4221763
8545886
6996489
3321683
2173217
3612279
7443104
3676021
6433438
1224549
1418059
893835
9627227
9194951
7918895
2253524
6494274
2416458
6663246
6327776
8348610
5332833
92912
9248998
9860107
2364419
9925020
6215552
5061596
266208
373837
45783
810620
7927225
8664928
8067333
6215831
938584
9689176
4549561
126950
5680126
6663743
9494959
2454631
1932535
8395876
6461919
8743658
4558325
575768
7774098
5369486
6278767
5359607
9890504
2097808
1971245
5967352
3907228
3433310
4561705
1836636
7412663
2074574
1622791
1850409
5393283
1206154
5363491
658644
5313959
3352194
7852938
5632317
6616008
3690668
171968
5299659
149263
3147838
5147514
6744499
8027999
8834065
6366229
3178791
371679
5223115
2404861
9120371
7484844
7167337
1871218
2702877
7729826
6385442
7988943
5344815
3125393
685887
7514963
7359234
6680704
3516615
1778327
1100768
3311629
9063887
9833767
2989995
1336189
9676511
5947446
2667510
2244989
7254406
819807
4137941
2986446
8945233
2547339
8060945
6186574
2318860
9650631
4364083
3692141
1850574
731869
3078780
1358773
5850044
839410
2097680
8392686
3226846
3131065
5518936
5603638
3926849
2781501
6873510
6634425
3124834
6294623
4231687
638241
291452
8945108
1388438
3753640
9835941
1317112
739642
5843658
2944108
6222595
8851133
1574537
3842189
1682104
2273445
5545010
1310757
9832999
8514307
5276852
4203428
994986
195657
2725365
1125902
8046702
282922
9534051
675383
1594657
1140738
969561
6726238
69398
2959044
6636282
4132345
8840451
8355378
6078062
1804838
5110108
6113436
5970667
1770380
4247399
2098642
26370
9817887
1195984
3511718
9274858
8511245
7328710
354430
808431
1386473
8636134
2618584
7886479
9616681
8680174
3240726
4077557
9911467
4251433
954218
5801042
843069
2089834
8053409
6801663
303276
4717989
1302723
8412211
4105004
7804294
1408245
9205569
5105600
7201456
6883292
6199768
3321109
8738929
1213316
1718907
8553669
6126402
9497592
4836130
9255652
7704104
7923229
2024153
1735190
2144518
4354893
6624934
9258735
7141684
8294112
4281203
1619579
1740211
4222550
89144
5825367
2559394
3210853
2728999
8839201
7899615
623802
2514668
8299393
3114790
1382215
1885155
7968490
7395121
203516
3214444
961682
5225124
6992212
5874225
8778799
7510098
353968
6669523
1459784
3265943
1163665
5737625
8862262
9502462
2155764
5814605
9433414
1393750
2557313
9865958
4794155
5866846
7214999
4414650
653101
694949
9037196
9678915
9962576
4662879
1280394
6840074
5085569
2635683
9550453
6696930
3321948
7178678
9361942
3530014
9326902
9752480
9561803
755203
1974594
5308470
5030133
6441869
8881695
7782734
958351
3354784
5052147
2678539
5379101
716607
2666132
9562204
6457689
9009637
6451104
8297040
9094664
5719292
5525712
7392683
7998829
9431717
7859277
8772739
395744
2032456
4063940
5363077
4343540
1939882
811493
5922743
4806864
8578735
1033148
4706082
9839222
5368579
5915065
9687827
6407616
8464689
935077
5418476
5642588
1312270
7774901
9666359
6087895
8538231
3297762
8920356
1291259
6096159
7812126
6885034
4985605
7449431
8709820
2992614
7245669
6053403
4268014
5808226
2015203
3086151
9330683
4681518
8051741
7149860
2669895
4958561
3795847
8186603
5052024
7105658
9706368
9272299
5075678
6080990
7871180
6432729
3214003
2895881
6941929
7986736
3444396
6661931
8301998
6930007
1426548
8585302
9729949
398913
900243
9974133
9878841
8663271
7308401
4623243
9350753
1121769
1997760
8878418
6674948
8508299
2399488
1408752
3365544
6567490
1233035
7067741
9395586
8399648
1390806
126433
8172175
9791651
671730
1166810
1439713
6955361
5815764
3069626
6263584
2613479
1135154
8283813
7784442
5219297
2688946
9601018
1437190
7068264
621805
4788793
8452655
9374699
9138000
713932
9286725
4723807
465615
6426586
8513380
1518536
1054804
4736866
8083056
5275660
1432238
5929611
3009860
3815160
3946316
2929102
5083803
1882284
2945536
7706936
1837875
4022362
5412230
4845446
3616058
2760571
9411782
4214198
7229177
6490220
36342
3193358
9388245
8094247
5914259
7006171
3065857
202040
3640741
6606292
321796
1054024
7282114
1024122
6214812
5479798
8981403
3021445
9525990
1978490
2300016
3724892
7350488
5062981
859562
5418702
1464034
2247293
5925123
4932492
5484754
4755732
2858758
6763203
9008302
3593460
4308396
580364
1038053
6998549
5985228
2072838
7340011
7783127
4335804
3544170
1528970
2245864
1611396
3093559
7846228
4630653
2895930
6625356
1641687
2306564
2455
4648891
8043419
8245250
5039573
553116
7309647
1436014
2740092
5510487
7825542
300481
1220708
2298505
2385805
4784245
379969
1159831
3446164
4457819
6190772
6946985
8415368
1025941
2598614
5888472
4124679
830514
2635399
1863068
7453892
6345977
1784104
9850125
8237852
7565633
1036326
2408455
8197606
8704646
1800969
6613505
1648333
2996324
2322988
9311752
5968823
2802474
1385131
3416703
7204711
2368627
1963675
4033253
811903
9881588
1967604
2402820
8995797
2167720
2569432
3149328
2735229
102830
3025513
9836277
1484424
693535
1491678
2430372
8947705
1854884
7549984
5088615
6789853
7377707
6457189
811527
2584812
9858962
105944
5579228
5132800
4591866
931631
7307499
5340157
6820687
3312100
3427173
4544721
1930676
6522633
2747219
2949247
2352695
9960156
5083726
1979342
849671
8895851
2787913
9871340
632143
6623840
7082287
55553
9875089
443890
8554394
7238950
8235365
4920915
7442895
9013240
3940925
9979363
5170048
3522277
446077
3634933
7928984
9091603
9627322
9896523
4586070
7985109
4960883
5352376
1946404
2553013
1839067
8294840
908604
6044322
668703
4058313
3732899
5934584
5036364
5904077
7710749
6196209
3000617
2193265
7848248
6294928
7150456
4803802
9057865
8365115
6648343
601040
9051007
1489178
9733633
8167484
6242869
6756358
8876848
7597959
8112379
9071691
4323253
415417
3193891
1326914
4539074
8467650
377807
4681696
8702417
4374492
6904688
5447565
7267715
8042011
6642734
6060303
3704607
5402091
9042627
1519995
9384892
2756250
8159123
2904855
6419468
1300382
1245955
9340656
7085194
6247504
4034650
1719750
3206275
149200
2213317
3974524
7399424
183809
6041507
8688028
2695318
9847111
6229323
6157567
6935268
3375457
3244135
3889451
2810045
5977993
8285046
192579
724667
3875779
2796363
2552068
3433239
3563110
7669588
3055933
4810899
6391962
73695
1605621
8215320
1226414
2737650
7915168
8256030
4710675
7175321
3145430
472082
9786760
2767397
1151778
3677598
3533539
4816613
9740328
9736161
6948319
754479
7487974
3447319
4485745
3333869
4302068
5534976
8201777
4813785
6931005
6622311
2443808
815278
5712710
2027117
5957343
5037413
3573977
7450174
4768444
4657397
4638714
8949650
9827678
6213264
2542880
6087208
7845337
5396738
8399173
2248790
935823
5002662
1749721
1974361
7795033
9435662
9472575
5767926
6047201
931965
532350
1418526
4661215
6369584
8432564
5982463
838505
2532558
4742292
7443783
6223111
8745698
591226
3683735
6691051
2472086
355639
9518439
5736776
8152779
809468
8989125
1860985
7344030
5762188
3614015
112105
454940
4242495
5120982
5280665
9780810
6348111
2217008
175568
5316002
5902799
4400285
1982192
2176287
9887313
1608229
4326060
8106173
6334059
9963824
9267320
4052142
3348307
4232194
6867485
1378426
5799966
3115877
7516724
5116395
2904232
7482012
5240909
9727972
6245821
362980
5349849
6337066
7824737
1958791
8774087
7994570
1286365
6592079
2515639
9392072
558932
9814879
9669058
2902662
1965427
5481225
9126
191208
3220904
2061571
7352533
4056109
8640910
8259446
9187067
2435523
694157
6133843
4339333
2271348
674222
3376796
6498544
5582879
796590
6917301
1415286
1353641
9303550
3377870
8200717
8266962
2761199
5902374
8436517
6955099
9446839
2478288
3284622
8170638
9755396
6575449
7812619
7730416
7072993
8463517
9696702
3464464
1717791
9113309
7825284
8030369
2651592
3867911
3027186
1329248
7768788
1533589
7707291
9113006
7423068
8678297
623659
4882100
6032024
7580776
4262145
6891319
4890377
3681139
7689676
6304181
9116864
6977994
3105211
6561340
1628738
92128
8099823
6745087
7363129
6838693
1498533
8490127
3381477
8730515
6217450
5717239
5091786
458049
8108722
3987622
891971
9026994
5939669
4201739
1135241
5728481
190617
6900109
4574941
8681613
1754773
6777813
9201404
1090519
8483294
8867459
9085282
2606345
2035593
4204007
5436051
7428428
7270335
1439601
3458082
4870437
770020
507538
8918757
7590930
894842
5050852
8124041
2503768
8200798
9679879
2692802
6256697
1029513
1596681
8031625
76899
5712444
6412509
6054531
1539012
2814145
6539414
9956872
2949248
9078101
3655134
2109116
2052853
4950579
6014067
3449851
6806468
8572292
385822
1868988
6822451
1370545
2454202
1348322
6549515
5221452
5295997
3266232
3121338
637958
7467306
7714365
2595278
7421373
3408039
9063628
1396898
5992581
3584619
4232081
4228058
7642929
7884318
3864793
4349690
18428
2712085
5553866
839076
852486
691234
2453943
4966069
2594835
8591167
3005227
2136953
3353007
8107070
2121104
9159714
6927205
2274931
8895142
3677284
6532919
2040458
8091459
3951289
7375642
8026032
5819010
4497832
1222213
3611408
1200914
5097336
1420366
5326619
1187589
4325226
6563150
9837963
1882346
4143980
301062
94248
5309024
3765548
5201687
6000753
6778129
2930388
7028589
1087194
3496722
4300269
3542992
4066189
745247
6936581
650547
3414481
3258360
9665312
709864
3668044
3675390
4203804
4679272
7418203
9723940
7276593
5269465
1113419
8522235
9513043
1021403
8268412
7005377
4487053
2727074
9935043
5233100
256488
4835391
6922571
7171331
6385905
7402882
2208271
457161
6987740
7903523
8405222
5853440
6092741
1141392
54013
3718767
6999203
1838741
3025788
6785849
7376462
2809211
3161061
330608
2577225
5599841
3149139
693083
4402948
8564191
8524135
5118993
585356
1261826
9758160
8580516
9096236
6481132
596709
8556460
2350575
7093346
1782951
1722672
5275783
9584973
7792253
1302228
965551
2174516
9536262
5800206
3300039
239186
9626181
5964445
8695300
4061151
8924166
3101081
9005833
4306904
4067157
8324111
517616
1985914
4992206
5816306
1052193
7309909
246513
709544
5158520
4475236
2097777
4573555
8519118
8467515
929569
3986534
854254
3056627
1167649
3501674
1740542
5797227
8926725
9356009
3757966
3705144
9455716
3696286
4693607
4954082
6781726
2091550
8064148
9258230
8486395
9280152
6522599
2126858
447689
2313711
2749695
5626099
1418608
2732673
4117986
4894110
1485895
5362900
9295248
7212622
623926
9383840
7042431
2993468
4335312
46980
2839617
7168236
7748443
259424
8864057
9937713
6394499
481820
4689545
1785702
4990955
2487067
9040496
4999019
2552236
9042418
5607330
667883
6414498
6925466
4223784
5701875
2350724
320381
2772852
8744405
7650675
9658311
5805110
2389944
822711
2900362
7775586
4997788
6738032
6093665
7411898
9502480
1499465
768296
413047
5537668
5794794
2542261
2820821
9228603
9021739
3503052
8435479
1472830
6759005
7888089
8880977
3939929
2301803
1826033
3328419
5271377
7423159
9856132
6358875
5201772
1684113
1863113
184293
2161546
1110968
8332560
9926066
7798834
8311911
5871790
3986382
1835681
3877863
8627145
3529874
6462
2885547
8662780
2513583
3375222
3536692
7488465
3905572
7623079
7653697
5947229
2581613
4747280
6895956
5337896
9032185
3043206
6768589
5079910
9657967
4522550
1379838
2971731
1212996
8298593
5610809
4079521
4140201
5679422
4294167
2279036
3958960
3975320
6650909
3297954
5374316
2053582
7644339
2165405
7758984
154049
9246337
5482329
6849563
7032602
1707358
4352232
2538721
9556805
8778141
3386033
8407593
2358081
4872814
4414643
5784877
1528029
142972
7566386
6199637
3227388
8060565
9570610
3868094
4250677
1286191
1722817
7389608
7786137
41852
3253168
9493358
9940144
4557397
3222185
361992
3194721
8887
3757946
1160215
1575692
1970834
2459970
1327296
3685776
2127107
4270853
2929675
3530798
8360473
4810313
2609559
2058593
1160927
9477615
8536702
6234108
8258228
3616130
6193187
5150419
9645641
2725568
7321510
9923634
1711428
7146813
5935409
5549796
5669896
6099286
3592717
2830204
3853343
9839795
340971
7400665
2061016
2106312
2423498
4886311
1727933
685948
8872133
5301329
2504914
167014
3233153
2047998
2579527
1224811
4348793
850122
4429931
3159261
9043494
3212972
4109081
4054479
3913
807154
8065154
5358640
1237545
4546956
2821627
4485121
679062
8102499
8510188
3546361
2649108
2308002
665002
1863331
6977375
7798599
9498710
2018039
390910
7684927
1929627
2359694
5344634
4343718
7023277
4803555
2633055
2450639
4516098
9484025
6845055
4199634
3401696
9707576
5783266
3315137
6603092
8616943
9597858
5999267
8177797
971084
9283592
453231
4443994
3052736
7641721
8236024
3466505
8583369
7067371
1260611
8387876
2048602
2528048
7752570
1958409
9990472
4090522
9084704
2857541
3966240
9329460
3725110
6718927
4976653
3086702
9438133
5912465
7824821
2924033
7062587
5351662
6992965
1307015
7898719
2897450
4203947
9895149
9607256
8348990
4962857
6773141
9267281
5914536
2633306
8268665
1398767
8414311
9023513
5420027
3641858
9487110
5067014
602834
8764640
1276748
9184763
9327961
9205272
61280
9517453
2702622
4255967
8196017
1250463
4362000
4648619
2094435
5295955
4034872
7212888
3141917
559232
6283441
9850090
8198153
5407329
1953141
4975332
3537898
7518276
7317285
1748237
9379788
8391340
9192215
1235590
4665073
5273911
3680146
1678611
7008662
1830044
5202061
9300179
5054494
5144493
4189183
9111008
7996008
3696278
3757560
8312698
4365146
3298523
9733086
9028302
9644622
1315886
9117638
789659
8172237
4516034
3854969
8436998
9988767
1832282
1848290
6798222
6294173
5146930
1006587
8133474
4894266
2014851
1760299
3266536
6397759
3836499
838654
8891765
9463626
3066901
203149
4113618
1529592
2413202
8240033
8094197
5122997
8805214
8910272
6158759
2542139
2254437
1030999
7250570
7259725
4940644
7122630
3572798
5799781
2394855
3742589
1135800
3984434
1926273
7895670
7389134
7706452
6777722
190455
7272875
8110548
4743804
3492248
6536527
1746275
5376802
8250584
3651226
5599252
2058934
6195570
6599339
2866339
4565030
4214711
2544496
1781789
2891233
4518266
7189643
273488
1925970
4783036
6844503
2930329
9109924
4670933
5032784
8201858
2517233
2495050
4070784
3955762
1678131
8875927
4559576
6527781
6412617
8576780
1384548
5542592
6610645
7029105
7691079
5802798
9870360
6376546
3575737
223159
2410488
9053627
121003
7503638
7560919
9316910
9271864
3454085
7290061
291981
8456262
2314116
397032
9371257
1009634
4425272
3864871
9924447
9973565
9753222
8321092
5969749
3452778
2451383
2431910
8321174
3385804
6475647
5522949
5349651
540564
983427
2860722
757143
5740771
5763272
4090763
3355770
5504598
4770547
2570826
681767
4166136
3920101
5505430
7538270
6396978
756738
8828899
6968523
4101329
4823026
734068
4883028
5134828
7094481
4152930
7673726
8599110
4611143
6322694
4817995
6743700
4527591
7969784
2850677
4130751
2943473
5552204
1764362
6177990
8890068
8002576
9766772
7413428
7431075
8420146
5108933
3169833
700315
2037234
358235
2296252
3235463
3118713
4088847
3788222
2073074
7200167
318146
967859
312729
6542862
2217121
4575867
1174383
8328095
6366100
2365889
5300707
8683881
7206601
7399099
9594612
4345662
5121938
8190399
3793827
6914577
6195288
3178454
517319
9341990
3949194
9668369
691077
8687665
3111849
8683101
5531284
9091403
2440916
7929094
223871
2089764
3778570
3823920
8478184
7327511
8725765
319638
6424237
7089893
9039689
907762
3709886
6610290
9542118
7397593
5082956
3082759
4245577
2687878
6977061
401736
3155862
9969790
8125227
1407865
7992775
9845216
3511968
5071211
7141435
1060459
1770540
1999848
2046496
4511656
5774771
181558
5481844
6998426
7195881
8284861
5162479
4740548
5300989
4481067
4963390
4378182
4887809
9605251
5003865
5435006
8489208
9914835
8990666
5866850
5211759
2430588
9856856
4542704
3026666
8269868
6864462
3879024
177548
9540807
4860016
5447851
7922681
8470312
7799546
7505688
468299
8590434
5956658
3555267
4864203
3624756
9761967
7315411
111258
4076550
8210380
5954057
1964275
296824
7281193
1676077
1709664
6549340
5758824
3563317
6875920
9977058
8454549
1246760
1895014
9780833
2152101
688786
4634132
1599285
8848192
8899558
140234
2348297
3767343
2730591
4061400
6854564
6089910
6702494
7976520
3870857
9694285
2797531
8339240
3632415
6136306
2476872
5658255
7932896
3285633
3765924
3077720
3745821
7930702
1568876
6697671
9185967
3396766
6436951
6829430
9429216
1685038
2436708
6086650
5482563
8344448
6128014
190591
5534071
9346976
1645074
2178970
9647619
2693858
4517210
9775539
4511099
3618203
1071939
7973377
3669789
2376579
8725852
67716
8103152
7243974
1791621
62707
3510503
3106956
7932750
3731445
2869282
8959721
4263237
6952042
7841473
6636123
3589189
4811889
5380156
2763307
696331
4353291
7055455
9710336
5036013
5394680
1400580
6153139
209239
8593563
4078008
4036892
8589589
9166638
8192070
6851837
3791733
9467407
6218430
3158204
905756
1729042
8091979
1249271
5000144
4415010
1443822
4985737
1719660
5428357
12922
3049651
4289484
3985068
6669044
8753141
1440894
8901928
8968841
3545446
4860709
5769148
8228901
4586721
1267456
5921156
1542696
3990586
6876009
6155588
1540696
204015
4479841
9884215
5904483
3197938
1938828
7104014
6359809
9961531
6126517
5117438
9162154
1039233
8944471
5904921
1889918
2594758
3510902
3161182
1375764
98526
2165871
1734063
3398152
5379405
2393912
8829266
1067045
588003
4601065
8122293
8337022
2357599
9388784
2985298
4311768
8651524
4249849
5676198
4864932
5429010
4976024
5405249
7340037
1646848
1957749
1931368
5738719
8333132
2073327
5533638
9237575
4947225
2006547
7321816
4397359
3299096
8691271
7345116
6521864
5094531
8915639
1974350
6952256
1332139
3244105
8020996
9464589
7451401
2856512
8310076
6501594
4497036
9510202
4570644
482934
6326252
8773719
8597685
6461749
1197609
287875
1052372
9085264
362256
3312063
6792961
5181421
3428373
1682406
3650836
5880768
2470495
1624154
2742733
1246654
4893968
1330843
3729591
6687870
9986427
2762672
2944152
2910736
8229170
6397675
7255410
6976094
9173358
1704249
5879579
3798958
1894763
1987822
8219096
1679810
8619436
9034319
3440004
8947096
467830
2362778
9672053
8663001
6605890
646076
179269
9360527
2267045
9388767
1919360
4674486
8950615
5483704
7847671
7542787
1638602
796020
8543283
6508930
562725
3154315
6716818
5829424
491895
5440141
1769421
5378262
8862710
944869
822324
1696884
9834128
9621816
817378
8817085
7369073
6823000
4764015
4406028
2322044
8575281
9353881
8863450
6549410
8059359
3280023
3066113
907259
4134010
4911315
2912
555883
7878635
8284750
1330771
6932116
7245357
5794319
630233
6680950
9241252
6625732
7189391
2467363
7948170
8243802
3257410
1002552
8401325
3082945
5842739
5540564
9306706
1990604
554737
622974
1796715
354028
1477694
6870626
5442322
5065887
8226714
1082762
3999491
7875838
5085921
3325489
5819347
2834453
501078
6810452
8609786
1598939
3262996
8728201
1428048
8486340
6709448
231498
2716133
9611610
7763045
5354319
7270210
2932179
4588531
3721653
2486254
1795338
3197670
7770635
5825665
7620303
3550218
4706309
8591851
2685366
7680793
600331
5928137
7281497
640402
3514185
9879230
6770958
9190589
2839810
9710764
9520395
1288922
4871144
3044284
6425440
9121864
2911767
6632819
2343003
3798839
1951084
685064
2278714
4835940
6495941
2571533
44894
5690424
7201842
5250965
3466131
252348
885085
8486324
2099399
2337209
7743561
1965526
7469897
2833568
1502648
8268996
9389320
8127803
2629760
8541255
9607145
2657109
9690566
4840165
1066325
708416
4136034
9012747
5335924
441698
7774726
6499763
4312635
5944136
1196047
7269725
3946627
891055
9737350
2625597
1907389
1223464
4174602
5872770
4817248
132405
6150157
5898450
8720763
5576816
3316814
4994884
8409353
406061
3964054
1883733
8369154
2351821
6677286
2722918
3411151
6738962
9402639
3450817
3264580
1729575
3352836
5858390
7747255
4029796
1758459
3465753
89103
3099968
2980309
6721277
5819659
1326144
4980734
5049569
9204323
2684250
9560290
330737
628349
4250078
4100028
6174211
1122319
7607471
7893997
4566490
7062607
6785575
2390903
3534948
2364874
6556812
8548153
3401687
2139627
9086642
7870014
3097831
9629188
9273890
9791701
4584875
754045
8618992
3537735
4816336
4668503
2810504
3184849
4350470
1244544
8700898
6179402
6782651
3093978
4593804
3760614
5824152
9635767
2457578
1557520
6252349
8713
313397
721849
4309660
5605996
2909510
989397
84983
2514313
9238049
2711240
4296064
2564687
9096680
9450597
5441901
5146231
8032538
6469219
8541575
447554
4379524
9103498
2175707
4314830
4495919
6966471
5207618
5631219
4420491
8644923
6369751
836545
8675243
6505289
5454679
2004095
6113078
5696751
1864781
1410518
1282622
6184372
8594710
521915
6167765
3422709
5576146
7467824
4785722
2618725
3699596
832189
9263786
8244835
6444412
5269524
8687279
7376634
7789462
6567046
4250752
1640398
9967812
7570394
7314362
2526053
6151799
7471307
886118
4961160
7070688
9367662
2567015
874846
6564312
6736874
3977655
3931751
4758667
3503126
1399880
1433924
6948430
4294811
3167047
281418
7702947
3762191
3380936
8626977
2916636
8511294
5804045
9606932
4659392
2251327
496131
6638135
7701878
9177470
6983055
59782
5188858
9105445
9845085
8105153
4310795
988141
2697216
6182878
3283027
5239486
4806480
1490758
8523765
9248589
6069467
7363260
2654071
3669033
9391394
7972119
3776365
6362605
9352477
1282536
4970658
8861648
6408715
4416304
7070304
6591549
9408875
4036114
4807094
5965555
700298
786591
2197897
4219626
7196189
2122621
7237940
882131
1313925
911141
5955483
3650857
3100494
2390949
8464239
9968731
7590546
1630496
3116826
6783735
6427779
2331753
4659133
3810420
4366414
5578929
5383955
1826397
5204601
5460722
1314318
96422
3494918
8922102
5754855
3315101
9538403
7655114
8517890
721182
416540
438048
1136604
7756176
9753980
8248844
2219521
5888105
9721748
4557214
8882257
6605249
5648264
8046634
5612630
9245169
4934836
5805357
4227862
2218866
2223386
8707960
792906
1130901
7026254
5151512
8642875
5566602
7689985
3095857
4906034
1490219
9278618
6649574
1732492
980622
760255
1643610
3416838
6026670
6838960
3389796
5367619
5698277
6022326
120228
974875
4894940
1173029
9113556
9389696
5816718
8814270
7220387
1651615
6957280
6087714
312149
5545321
3664275
2546205
1569822
6082608
5668877
4725333
2335087
8997545
9414813
5850477
8127822
1839205
5814125
74923
6056676
9086512
9746647
9379490
3636249
4452229
7652732
7376072
388768
4728355
6200934
5110313
7540086
1797535
2503305
7936186
7650425
3140392
1777801
7583377
2693289
3480046
6675118
2704441
6593662
1000428
3027734
1435660
4979568
9298811
3725366
7462893
7721386
375290
4913807
2387867
9454907
6310987
5179379
2311282
9522665
5299107
3078361
200212
8749622
1037743
5750197
5515034
3836127
4335858
4300343
1704438
8714440
1227133
5147429
8541005
4776884
2215929
6198168
5534288
8714603
3900779
4398822
5916318
8992089
8231731
66908
1244033
6892930
1404789
3287918
7443878
5236082
4485625
6996409
1639458
2857785
5222700
891352
7398046
9494985
3265917
9942575
9598144
4864614
9812824
9447633
9003260
8266100
8068037
5442392
1454732
4880010
9472002
5952112
2758438
1543053
8918393
7223872
3055538
6590880
8428576
7604921
607547
6889811
1637701
2096067
9212570
1524926
6285328
765484
7325541
5334753
6846169
3447716
4426468
6663373
319510
625915
9613518
1031873
7603351
9622812
8342793
5671068
3563417
271994
5393445
4874403
8395924
6380616
1703930
843822
4608468
9486135
3745025
8088335
4509134
1309505
2056731
7811714
7882909
4375852
7344922
7589691
2107370
6005441
2486494
8643888
2025405
8949559
324203
2321457
4738307
4373257
7539042
8778263
5094457
383250
7293791
9164332
2302938
3521063
9340949
8048673
5466477
9424221
9172433
7584673
5012521
772546
2415445
576622
2297804
1352285
2677285
9211063
492081
452203
6364975
4158263
6074296
3409087
1952028
7264458
2963316
5355248
5823667
2440480
9768547
3386739
8805386
6886124
7992432
3371554
2702774
3798583
2621360
7256931
6251430
6732872
5032347
2625050
3888443
5596192
3800953
7026939
7668416
5545325
8919896
1046305
8950444
8880747
2689710
413038
9553782
9722778
7141071
7273933
376981
7018803
5542770
3461039
9530503
397734
3930531
6854750
1696975
5610628
8016315
4734148
797315
6412157
1501620
6618893
5314015
5282210
7188271
4136839
4621453
9485251
7901873
5735941
1508088
7951949
1429301
115704
7651550
1344068
3475086
8730755
1815425
9000759
3585959
4465573
7623730
1231689
3475255
7785467
8533835
3760019
6374910
5028919
2817806
4310879
4529113
7576894
6609860
38868
1035003
2424066
2440245
967045
6118478
4626151
6699852
6373185
1650554
3796689
9131588
1358396
5267057
9324989
924545
1204684
5246989
8216067
3128701
1781745
4802405
5621512
1041466
4527578
217817
646536
2178552
2198584
6193202
7315092
9407986
2532159
2758359
2259668
7826653
110636
5110153
6837831
6261287
4042508
7286899
7264217
8001309
4069821
5862091
552633
5574073
9516383
2200888
672730
215769
5056440
521596
5640687
2051221
8692215
2014913
5205416
7639571
7045873
5865384
4882824
2334821
1326943
2897531
5017477
502452
4489099
5544440
8105221
4588265
5277308
4331366
9612797
3646634
4170988
4722028
5726014
2082322
3608522
3487949
2971341
6787465
3000620
3041696
5815446
2653427
7830367
4800248
7679596
3687559
6860504
9585817
2646998
699762
6049504
3439393
2561533
2852694
1945608
4157729
2982374
6306326
4479685
3478590
7521003
9619778
6164725
8703501
4171910
4949537
2436094
9319223
1883301
2475125
5808211
420411
4311230
8443913
340244
4401808
4543838
1776622
4286934
1072680
8755917
9870413
5502397
3675706
2591942
8830503
9475357
7338848
3554182
4598150
1423699
4751853
9421041
9643660
7083120
7366237
2897377
1582268
8693412
3601989
7462773
8074903
1287258
2290873
9192830
8155599
730628
4504964
485180
3131478
335931
4302851
2008069
1148028
5948983
7456713
7431728
8735487
6562074
4316978
1794653
817368
3793765
5067030
7517712
8998100
6910283
8296242
903234
7269501
1806503
3334895
4644381
5683513
8170618
9134960
5235598
6954402
107205
4244155
1579030
5360823
8214973
4503488
8007020
94415
8585120
6233418
8383466
5476489
6413328
3832451
8371969
2382309
1999866
3740368
4640030
2068408
4533640
9003564
1070373
7139176
7914203
9513310
8757403
8852136
1776180
4908638
6648679
470779
4370996
6623515
4969350
4954838
4625993
5758535
308868
5479225
3291347
449820
4578189
881111
7398686
1690548
5268319
2691173
2440124
4531361
7456096
7232779
2130584
6269272
6210221
5408246
2172405
1937440
999802
8162459
130185
6000594
2460647
8275958
1548499
7379148
458944
6365572
3947815
65471
6555773
5228916
3920718
3206137
1321736
3809794
2492274
9486916
8024275
1167551
2753665
1782592
3990829
6085080
424610
2056429
9903498
3968675
2440352
5823807
7074275
9603214
3663102
4932859
4860323
2283187
7356308
9272764
1455025
3593758
2877147
3728622
5215163
8873810
8711396
7629529
4889974
2697605
141254
5460272
8853347
6909555
5557344
611267
493596
9232735
2890854
1913797
4858190
7156070
5983180
3078402
3695489
3901732
6645083
3713005
7875217
826272
4442415
1135172
3044185
5531702
752588
8792278
460835
129078
4218971
6919783
1728113
6321627
333702
4093068
315048
780455
206289
1841614
7010057
388697
7005390
8721835
6555400
672349
425453
3193015
457994
2025932
8590649
5901132
7485299
1523989
3640206
1998879
7819006
700939
7611939
3036042
3224432
9745598
1247827
7590549
1650358
6608474
2120263
2561847
545449
6392991
6395468
9775350
9190591
9008829
6149885
3953882
8146448
9248498
5525452
998880
9269052
5570044
5539834
1941401
6123675
5626207
6109015
7359656
4641495
7314835
1943283
2149419
5676979
8954284
9277733
6084198
8280002
3198738
436341
6532375
2756871
6502337
2680115
2969798
6790302
6767920
3616231
7401889
6710344
505705
5157077
8970627
2790246
31137
7299576
416468
8355124
1230012
7588425
3223566
5664967
7838517
5444270
3714200
5225997
3572821
4177568
6463707
1028942
2006315
8703723
9923732
6369542
7649240
6910594
1071926
1341293
6301504
7973920
9074762
8307816
9171838
1852154
2379256
8379924
9847248
5086759
6084469
3240556
4636260
7809629
7264689
9886977
8515614
649170
747089
5415543
2194769
3841364
5273453
311432
2376296
6297433
3936534
894413
9219765
9886996
1931593
7543771
1576064
5307965
8191097
6216284
7550424
1195974
9521051
5276875
685557
1393245
191252
73591
5353422
3164549
3990085
4698849
3089037
9354487
1286273
889967
8250194
1903249
2692485
477516
9473352
748571
6277522
9424611
9434310
7854592
9021403
2177848
3231772
4919328
9047211
7336321
1101251
175799
628535
2846526
7806856
7861141
3034007
2224583
6663680
5582840
4571759
1185540
6260401
4997181
5901160
8444452
1785790
3205919
9981200
8025731
1765073
2405843
9934465
806143
7170270
4685808
5285769
8779408
2148042
8518373
9884035
8637746
2039251
1396615
3140465
5393038
7093364
5089645
3337004
7284216
4824771
9145719
702701
5133792
7632655
2900804
5219364
3548354
3196320
6224855
60439
2894947
3474642
9628879
6371186
2231672
7280190
4009559
4938417
7864736
9042527
7233453
6083627
8334437
5410642
2211287
4962802
6553448
2523579
7030721
7676920
8834992
5081087
5576546
1917316
3212321
2492067
7872966
6665222
3766337
9092837
849345
4097446
447313
1427797
7137805
7992611
7316520
7849843
7986315
6838266
4805084
5023602
2892550
3851357
4589756
9558625
3404183
7130609
6845168
2819835
6903510
1352413
5965954
2928671
7358188
5096360
4755954
4608286
6317094
9975978
24066
5578325
9743382
5225817
6421879
1143680
4432953
115235
6521570
6760043
5252611
3498049
3240352
7247587
286046
7837510
3957678
806569
354274
5513891
453169
6086149
3310889
8956888
5259617
1759736
1850870
8184206
1587353
2646299
9367799
5466688
1262041
6606099
4267528
2530265
4685767
5132155
3831224
2356574
3424216
9119628
756699
1799532
1742971
5171048
8612937
4220306
6453284
7279749
2286902
4327090
2394727
9254720
1212480
9908028
3180727
891356
2801119
569142
6968794
1124814
4257649
4378327
3219340
3073466
4966151
9072504
1724783
1954989
9637951
9311527
810706
6749123
711463
6384114
1476752
7182030
1464329
7309375
6511420
1415824
8803257
6916944
601939
9770896
5429871
6785591
4662626
3955800
2218305
1539497
1273798
6431477
6956012
6277220
4927950
8113298
7126655
632014
9777883
6568815
9378025
4994330
4148209
5445608
4382291
2058372
957621
6162773
3280164
6097126
704125
6758419
6069920
6016909
2190858
4339745
9907937
7170608
5801854
3429635
6634301
6324306
2040948
8616871
9629152
4515659
6250393
6919647
3822652
2930361
737536
9217362
9449446
7173246
3435621
4087393
7852336
153766
6002831
5878230
1997124
451476
308774
5152688
806406
26875
2186370
9199366
2701442
7867877
2955674
8408344
8741975
8332145
8016422
5512827
3202267
5918004
3304985
6321526
3483173
5838837
2187847
347405
1668194
4436936
8880067
3040955
4220272
4800860
4332156
9554850
9242544
6348058
4017174
9139564
4569709
3687453
8231560
8937090
8306383
4954913
4043202
4189612
3231461
4764404
2195871
8922864
4079129
8866464
445058
5737967
3123224
2739463
9778860
4898600
6133650
5207491
3038702
1515893
9015513
8016945
2618205
2546358
9940361
839116
2896431
1225242
8557257
6452900
6976154
5640870
6373232
3539886
8117609
7672681
2038334
7881424
8665819
8190395
664651
1972674
4183737
2256876
1403300
2723938
4339884
9444957
8950315
857861
4364356
6782326
8141986
4878862
4541292
5096585
1787946
6804601
1558843
8195351
9030318
9613631
1464016
3788093
9745504
8061913
5935103
9679839
306451
5982040
1827509
1492537
787015
2667984
102654
7734373
6482365
1335240
7568284
6680021
4759752
8464703
1574168
1184461
727005
3212956
1413077
7073168
7260016
7004484
7066572
6299412
980608
8355807
6142395
1143006
9211881
6688488
6517901
6563295
6834803
4205941
7187580
1919291
5389221
8311047
4379334
1994275
9560540
1086747
1909461
208511
6731023
8137294
9569864
429153
2504481
2143907
7950908
5477710
1403176
8128569
3284976
8501917
440429
272986
6483479
6063490
2767197
4062421
4767253
7041023
7815517
1318240
4179291
6871563
3656806
9766197
5083333
1679980
4464800
303880
6791935
648902
2985884
4807055
7654420
6348331
1775896
8068280
7073665
9539369
8777238
5591660
7435612
882238
4292466
7857315
7585973
3914515
3873062
1230189
8077175
1663372
583922
289614
2099714
8314616
8996461
5859405
2421072
7978871
382180
7764352
2632257
6469800
7545290
9243506
9819276
2659415
223296
1349962
8661189
2298673
45809
7195956
5807489
7140532
6052998
5692310
234032
1618082
5432320
3094161
2627833
3538713
3078206
8317381
5805136
304139
3853972
2660686
2712403
3087915
8066643
9461514
7881577
8810516
4329540
6697119
2917576
8698167
8792624
2352904
552049
3036596
2591119
3170222
3619200
9698190
3331776
999216
6657796
1413886
9422701
8925403
1300964
9704110
3744501
5074520
7710370
6162938
2288519
5465627
1142447
4010311
4340711
7844106
6689803
7485956
7816040
2208950
3645390
5613723
1626682
1915728
749932
2181659
5192890
7117720
7970594
1600433
6860804
4851857
4148516
1153977
8746934
9932863
6898025
5956173
1804528
7914816
3579710
1655143
9123650
5401294
6643937
5818896
9471234
2662129
5794599
6634294
7172623
2854114
8602571
9329160
5902670
2880805
8541690
9040548
8798630
3647800
2714936
1813850
4670595
9867994
1829785
1115843
5419304
9944649
5487678
7087557
6341396
9306440
3347502
7221788
2885924
4232210
1540589
8113033
5295767
8015874
3164264
9476170
1424121
5717046
2713314
9737143
509929
1924487
9989042
1523518
6029224
6932732
6451041
155765
4111375
5388051
9517962
8420676
1104563
5689237
4349516
4349356
9357057
2676534
114375
8362083
1840146
9219423
4986586
624853
9562386
8589556
1309438
3574362
5217705
1813423
4294359
1794220
7749813
1892198
1432992
5679232
8609184
7987771
4932719
5299223
5316576
848322
9237413
7707024
6078764
2026294
7926576
6873447
4330705
6046592
6510793
5372756
7619548
8354047
4597122
5298100
5592660
281418
5029918
9071140
9648750
6168006
4204794
3743061
3276469
5701786
9987316
2074758
2662173
206895
1521877
3402014
9506785
2781888
8532785
9376376
3173159
6870681
3066917
2225793
735112
3169838
9592713
6052486
7728279
4509671
8113793
3125310
9890734
8504685
6661359
2670659
1585590
8565736
1461115
9966048
1093539
7609526
4846244
7045818
4598579
1484856
2529228
8022181
4338564
9272756
7469413
5568590
1934581
2286234
3360298
5520498
5838643
5072757
4784615
1727338
6273106
9940923
7414138
4071426
409340
896679
4201362
8670441
1903978
6732023
854732
2011337
8874634
8702397
8729654
3148791
7806148
6411525
2820368
7429966
8687896
3630470
1891754
7261950
3646719
1310629
5160487
7417174
752545
226580
5118686
3292824
2564132
5075714
9658513
3068438
2055948
4500711
1578153
5689785
9052091
8358689
8756831
242210
7948551
872773
3533619
4335282
7653815
1978024
1448849
7407904
7264741
5206539
1768213
6180477
3643279
3657811
2466268
9928157
2887820
1953418
1989604
3872064
4381718
6485199
5397162
7706945
3434136
596624
196399
854601
1372004
5654791
4152838
7172769
1795526
7645025
1750046
5646056
3118789
1718104
8695646
8511756
8100985
4550997
3468360
491841
1745533
2058910
6033298
5048391
9698845
807092
6096914
4415099
8357441
8117398
9498726
977715
8125870
4755332
9206306
9724887
9456489
6513176
2348883
7516169
7208524
5532920
5930740
7008216
2971158
8904191
2172245
741546
4997170
1791479
962772
1334972
9496335
9067480
1747192
8685852
4745528
9519331
9225131
7358908
654001
8692909
5893913
53630
6388952
5020383
6609795
4173004
2474347
7539761
8085503
318235
9965890
4407545
8203287
6532015
7204126
8566616
1511034
9803840
531687
4190450
5733634
9625628
5975460
6833393
4149223
1276898
2646012
4676147
1032468
9639445
575473
4743825
552333
5704612
3990407
393794
5942231
2155910
6779873
6045734
370104
334472
8494903
8919745
3063502
7149282
9642493
8077940
9547825
6755098
5289090
8839958
8659714
1677620
4124936
5851577
9613848
4280560
416809
7660060
5379896
2673599
364119
8217583
1171205
9352772
9059391
3097719
6600626
9204585
8298189
5513546
9621743
4702758
603145
5001466
4751432
9201187
6342321
6950902
8762971
3008364
166249
9916621
9959258
3573498
7417265
4337931
6448428
5062255
1009530
2245741
3343310
314017
9073331
8112859
2342104
9017346
2760276
1638735
1324450
321623
1584208
3853346
8724645
4291479
2420782
5085793
5138276
7664048
134010
2895162
1168839
7316506
3226170
7947350
7498583
9081315
7040960
9294624
9676681
670450
3964287
4311454
7492595
3468994
9085803
9187854
6680772
8826559
2033399
3603296
4080364
525238
3707277
6984884
1266380
5500124
5017296
1981624
1332006
3617515
5506620
5001082
6179853
9217423
4362563
8702758
3776584
4796793
8631037
4068007
9503353
7415167
3852664
2099553
3173073
9826528
1073132
8914041
1627028
9038735
1856577
9446432
4017811
8965217
7764446
1097951
1740297
4727611
1749649
6688232
452236
5104401
1292188
7737656
6807474
8441408
2338300
2735536
4100374
8144756
3474942
871158
3547105
1490359
5638188
5182968
8594142
9184194
9376297
3999736
6291991
7838700
8173553
7468748
4125276
5623328
8948467
9134209
9251783
2424744
4159222
2869511
4166173
1690986
4823158
3927675
9868651
5777180
2172441
9169764
6451887
8215319
3516967
6050323
9500420
9105263
2435557
1012986
229880
695631
6966185
3537947
7396289
4357442
2949241
6825374
5635903
3178339
2861946
5532396
1004046
7404175
3126921
1164539
1773476
6217829
8967892
5570974
8972446
4317770
2099402
6246620
2100108
6827716
2066969
746913
7142342
3372032
6051688
3571287
5160112
2363847
8802384
6744109
9468712
8396993
9582603
7340903
2128533
3733938
7548187
1451644
8560878
7559784
93283
1671275
5036956
1986285
9061555
7991787
6283987
1638704
3356385
9961165
1450668
4487628
8359442
3957663
8440054
853871
6412318
6517541
7112884
7069771
5012955
3490050
4810872
7006564
6606970
7523198
5727230
6483454
4309652
5205125
6458684
8958485
5092648
7126659
5380764
9568531
5405114
2225469
9404309
5676259
4551413
8797968
4768209
4573378
1020394
9954847
5918147
9089530
1485464
6138559
1808558
7389378
9310621
7428633
9390280
7534679
3867200
4743407
5015862
9754799
3543672
8192193
5133736
8529895
8904750
4145659
86159
3841467
4742826
3639329
7802191
1893001
8749798
5826664
7009624
8558176
5335878
6041133
2328797
6663005
3697091
2471820
5555310
3784965
5289156
9647838
5559685
3733599
4298528
2569582
789842
4068900
2266205
8871486
5247436
6075109
3978276
1117863
2786652
9825763
1030887
4352514
1816065
4487112
4012053
8758057
1658697
7295715
7173107
4786244
5466431
8277753
4044151
1338935
244780
4901875
3680947
2874333
7425783
6088313
3744000
4262337
1473343
9557698
4007605
3031505
4791937
833932
7521567
100680
3023969
5473441
8339621
7973346
6903293
7210272
8949477
7095663
8962170
2011399
3211942
8431525
6892341
2908902
3406171
4747809
3568470
4186863
6982930
9592384
2914453
4001232
969325
6706060
9858515
2546562
2787849
533720
8686674
3392198
6963188
5666619
9144634
8367181
2727370
3052344
8959965
9878472
3041487
7370505
2279885
3302875
9278358
4400224
6118617
4036066
2901116
5667121
1687125
6130125
1026956
6573508
6079181
579722
8347301
9073469
9530668
6129830
1567126
4110397
6014246
8239111
5271176
6174498
9821843
6347447
7752995
1607779
2473959
2235405
4811857
6520391
9886776
3250172
6488824
5238913
1836368
8265761
8793253
9760062
4668807
3884123
4898697
7744513
6129642
911986
8513655
9483541
4346502
880435
2528348
9583691
6448107
5094627
9919618
8443116
2053890
434135
9507889
457170
6055668
5457056
4344681
6877800
3762917
948258
531950
4429418
6005884
2912648
1946493
7562767
4009929
8996055
1811214
3005240
8178914
6303064
1984123
4072228
6131195
533979
47784
7310087
8731190
7309692
3016060
2450944
986865
7684123
3749681
7785920
6669238
9343563
4328402
1976492
4501044
9709442
4955221
8989665
7546708
8331407
9959863
1784569
6401896
14514
8064746
2214162
962016
6009682
4322990
6111158
628654
9848671
6881283
1752349
1515701
4579253
1474037
2668698
123607
5249292
918660
4898870
6813936
4172211
8130891
7729384
2058541
4679883
2672013
801357
7882760
21981
5244531
1163664
9336608
3497222
940103
1724490
6375279
6507776
6686344
2311224
2125903
2627724
8575321
4485884
8074926
9971801
8731953
2673234
4828789
3686150
1146596
7950671
9144508
2275169
9965014
9301532
7213922
5980659
3036749
2296390
4781880
4628474
8369008
3202652
54019
5993656
6924268
391620
8379535
4630277
616219
7431346
3443846
6755608
367532
503753
499522
8020072
6258177
1253173
9353244
5584748
4658140
9942709
7001151
2161393
4332322
6575741
7064699
947407
6474426
3463200
8890237
9094923
7100172
7722816
390023
9703991
4036536
9177874
6624733
2993572
4936458
5090221
4792737
5900558
4468260
8758664
1835463
7923107
8043402
8323016
9310655
9756395
5816560
2120051
4470339
3534483
2972262
4670161
7725764
3522868
1474785
9003273
3310006
294735
2698021
2257946
1385980
3775211
4636307
1010396
7017065
1024690
3037166
1996477
3077848
3564222
1491557
9488309
7879879
3360698
9160746
547687
4362837
8968747
5155935
5385711
3236575
2178096
8695763
2356143
5570530
7403369
4688007
6273623
3973308
2793085
5730312
819791
380326
4440019
8048257
8092578
1888809
8894077
550585
4847518
33116
6944632
9045995
3644644
9958944
4483867
8687452
4185045
1832136
4874866
6837622
7388918
100314
4757962
3891282
4208960
6620941
960328
5514078
89874
2279569
2885065
1354574
9186180
1865339
717882
3002755
9290000
7090165
6282456
7806393
6305778
8958859
9090702
5047527
960068
8553692
1971563
4135216
2916803
2761848
9607537
2096277
7548701
1689453
6797769
4003355
1949158
8021723
9564063
4156408
6412925
864373
6378627
255602
4798325
136379
5064067
5175869
2698731
3827570
7547067
8241903
2212057
9969689
2353845
2882641
5877951
8237788
8586301
2176940
7336692
6087213
8096206
39123
6310702
8634279
4989719
4958503
4472717
7101855
7029548
3743643
533330
7359236
9855382
4112402
6452102
5908729
4208608
4271582
2282958
2535381
6066407
8522526
5546087
1486073
9009812
1752648
2310726
4403262
5425965
2096640
4757123
5696118
8651107
4238311
6564351
5218187
2061139
8494538
8110975
8129277
6108821
237392
8618039
6027822
7418436
1933600
8813420
6056306
6879438
7207348
2746148
2390791
1951005
8576917
4509222
7145545
5460038
7488562
7090346
3857327
8778669
4595060
4428861
5979645
9482669
4897306
873777
6320901
6777654
3080700
5615047
9408265
5607979
9608530
9308920
2170187
5405031
5010231
8162970
1018305
8925816
6215771
9208545
6175643
8752216
3900547
311749
3593020
2073900
7249791
922943
8557973
5791480
7626551
5652593
568766
931455
4873266
2703382
3202074
513601
5435921
6450217
8987368
5091178
9282966
5531692
1092264
6763721
3999389
102622
1516350
8693291
1187668
9573041
7247862
4143968
1564768
2481622
4879581
3073931
3567954
6708956
7974536
9348026
8081369
6236874
6773250
9625114
9166876
8576159
9644114
6240647
1913254
8588345
6820662
6309604
4580770
9440207
5651853
4472778
4464423
8897891
7694515
1093232
9484565
8291106
2963306
2913810
2316538
960127
5154619
6247821
8343630
8548271
4522242
5078160
6762210
325089
6963385
7268981
8978773
8503330
8418016
4264634
2103385
9989840
3210591
7545537
8134364
8031161
35933
6681689
3534674
3953308
7217739
5646861
3079232
7305117
7507303
8389710
8568516
6750272
3557024
8864000
5704187
6032951
8600597
6316856
9151382
4906370
490184
9386052
3813734
5597399
638709
7048024
4148055
9011016
4611751
1155743
490593
8805928
8598917
7065092
8513937
5690696
183465
4091089
1158903
6952249
8100770
7802968
5311688
6939503
9041103
1442046
9475114
2646078
9854080
2285430
8249177
2781576
9918001
5746604
1317805
8018165
9720251
2597702
4571169
4638318
8836086
6886788
6387069
6742192
8026701
3053947
6332745
4980632
2467043
3678510
1377605
2371668
2727282
5690500
8248570
8987439
7637245
4600871
7800919
9535999
4545800
3669381
899873
8184094
1721232
3529950
5745226
1141354
4714186
6132172
9126445
9961517
4717972
8982679
1209202
2902712
596376
1687935
8092496
4298292
9086873
2479708
6183374
1309569
1350995
8585412
4066848
6416955
7471252
8607987
6506534
4464090
4648815
1428482
4923782
3596946
5156981
2619712
4391055
6167060
7488060
5422866
8227687
2784078
9730176
1204761
7403646
9671104
7316647
8780532
8253956
7318049
4392872
7190348
4884958
5214431
30725
9364130
5846306
111571
1792432
4566435
8854812
3527282
9285527
145465
8718631
2312492
3557105
9121760
3691690
6630381
2668816
106497
988614
3411941
8813911
4209456
7214549
4931324
5854169
1511627
8868092
9127024
5008170
7625639
4947946
9869132
9114004
3749601
5251235
100701
4154758
3482271
4258158
9901818
4079746
2628967
9207012
692811
8689936
7941306
3796226
191803
2501725
9109458
1170649
8377915
2911953
3725380
4999469
9756942
7318480
9554003
8261977
7446635
6430033
1485309
5226006
569096
9040414
6809505
5796295
8363501
9229601
7129820
2564060
4452228
5136180
3749839
9696131
7772742
5644013
359718
7454359
1256030
5628642
2050075
2354035
7530553
7705544
8403577
2141476
3199569
241587
371267
4633551
6222101
6667617
3465653
8027112
950643
3798811
8951999
2749580
6966109
8119283
9260097
1556749
7698749
4593980
2578202
481954
1400326
6242701
8220806
5866472
3872299
537035
385160
4851653
5193828
2165755
7354019
7983405
8279053
2042842
4514400
2029438
2486433
4158405
2338963
3179966
9491908
3434430
2068359
2550146
4759081
2437731
9519854
863879
7464111
5299679
1506400
1374332
9308619
6007726
6444214
8994004
4189158
6935007
8686084
9532944
7083282
8701394
3719004
382832
7023239
8736789
1846506
7007963
7098791
8155126
5581467
1213005
1231566
1372360
8566606
5039281
724608
658937
6579389
5482698
5809059
9451262
2046758
4070050
6638560
2011383
5117668
5765539
7472827
8155938
9856298
9947422
6692043
123837
5890783
6557513
9247588
3979820
219895
4359998
1449004
570254
9906325
4907186
8006288
8063124
1614004
8579092
2824612
5474697
4975304
3517911
8929445
2161511
1744580
4344993
3666928
4509660
3742876
4704892
2965885
2491469
8809435
3780493
4075599
4308090
6043789
4109055
4492994
5933151
6724845
3773900
2142972
1958542
2241879
1507225
9182405
9486781
123298
1173211
2314020
5033713
4518483
9470470
8411156
4904053
2132442
6610836
2063395
2881960
1110437
5418534
8971680
327707
6888253
5495432
4933135
5510003
5941728
9501632
9185842
5857140
5450070
5138632
6910502
7704206
9585812
9905388
754308
3296872
9135055
6268020
1947486
9269757
8419053
5155291
5426483
1219825
151994
1672806
8864955
1823730
2525008
6917935
9371564
2578731
6993760
5788691
8414747
9179971
1446707
8662513
8245525
3186511
1348661
3456448
9847827
9071795
5951015
5642788
9543642
1497298
7339663
8910756
2014265
6387045
4406783
6176568
6837841
8541260
2641850
4259625
3166138
8084747
6411553
7725587
2047864
565219
5334023
1438639
7565742
4721737
4319659
7926125
6656184
3660246
2935305
3164805
4720330
4413977
4535499
8097869
1600159
4534749
7556347
986198
9678774
2286057
8587135
9422177
5355415
4791895
3438211
2148552
6007785
9306541
7582339
1098284
4410261
9978677
8687708
2446769
2864329
5901808
7674946
8897530
9949897
2360404
1173312
9098582
386033
3516775
4531890
7447055
1385599
9778139
3816724
5195893
8320573
1318254
9108435
5725053
812257
326856
6352488
4996035
5576333
5579708
5868140
3305796
4083120
9599550
5283606
8066381
6311586
8173162
3953567
1559309
4134947
9362150
4571068
510158
3568901
8796990
390207
2342018
217693
5997527
5337823
6355831
1804300
4619352
5975991
8341890
9232223
9168017
8619746
1118986
6889179
8306350
295292
2287009
8823628
5314111
9698163
2679606
8351783
7055968
5173319
2311248
7458034
6178838
1621631
7505057
3404158
1894178
5335473
2807949
5679562
8178125
6219810
3553253
7136032
9569164
1102017
6599181
4864048
4440423
8017282
5376089
5348836
3434077
2168834
5391455
8610205
9127861
3451008
8232267
2271879
7870106
658470
1966524
9890735
2853050
7749914
4706145
7949978
4397052
2279335
2379031
9516186
7393960
8886554
1091949
8732007
2609133
1445192
305546
9243758
5678314
7279289
2310152
1752674
3290727
808594
6775734
3604931
826683
610679
1245993
4426716
7221028
7760149
2537669
7102750
8941815
6281406
2072704
5671325
2867932
417508
2629630
3899947
1359351
2987015
502191
4412728
6876512
4910952
3190022
7650282
5206663
4471810
1556181
8222811
7371709
1987515
1627285
5288966
743831
6500610
9546759
3902496
6276704
9878532
8249613
1902226
2448693
4406683
9230448
7515058
8544033
5263441
3665176
6119716
8822919
2763427
7049459
1596950
5491500
5053669
8331790
5261434
2389445
9462607
9330290
2543563
9933955
6862772
5333674
1086840
9605883
7236244
9998943
4256344
8795948
9693060
8056957
8953854
9802956
330478
6986616
8040203
8174141
9475319
3280417
1594688
7356509
334428
364258
757349
9348055
989580
5980432
4145282
1075017
4439428
7642046
9246740
853713
2423790
4371577
2907179
7132679
801760
4532450
9715847
4283089
1297611
2640335
9896711
2984290
1689912
9627512
4448220
8630533
6121934
4252759
3345383
8611613
7373546
9795908
669003
1987506
6144516
9908157
947158
1604702
1789628
8081139
6831795
5942906
1452270
2599732
8607831
5632353
3034775
4296859
7529663
202677
264291
145612
7879631
9767205
3044656
568267
4818004
2330095
4886569
2014393
4091503
4934956
2778512
8924428
6237499
3338178
7570115
4827037
7980202
7026837
9519285
3144257
7455034
8745240
6265666
9014298
1216425
6050416
4860335
5845206
8337348
267893
5934573
3400676
2531671
3512967
8383134
8543725
9904618
6984220
1480895
3626638
259673
6396800
3620373
6377972
3992068
4830539
6732055
9330446
5534789
1029643
3546394
2689031
1785757
7129927
7467709
5359344
5952932
2791591
366927
4208937
7410456
725425
9753272
9434698
2239890
6622498
7300837
7616015
3926541
6030802
7995014
3404380
2712269
789951
8303727
7555994
9281234
1500047
3595738
72827
8796099
5692588
3345782
9405325
3147989
8672186
5741268
2810339
1595203
3193313
4206412
6561702
2642459
1257539
7499970
227301
6229916
162366
2714337
1331523
8374283
9083403
5922518
1509813
7697269
4094440
8472867
4758918
4098700
5221936
9595412
6110068
596182
6404044
155114
2972554
1427016
5750474
8502084
8496509
1889952
9253835
7590050
5147596
3771140
3296671
2956694
3240038
1003788
1589487
1217393
4246813
4702110
2316343
9632668
1551507
3478462
484777
525728
9006166
1908250
8202366
4102458
1992020
8436185
729594
2437568
1315977
1180190
9877689
18818
1832265
5120057
3080453
857628
1951169
5039165
2468811
8141247
4984169
1125868
2299767
739561
9629945
669741
3655950
754343
5028927
8485131
3078767
6239186
5848420
6591075
4177555
9082348
9524055
8841342
3328800
3962740
987677
4984126
4456912
9693815
5115159
4855354
5288083
6311282
1250503
7827817
7841126
6599873
5722546
1034892
9532
8094633
862789
9883944
5159791
6765677
1920802
9388036
4922706
791556
4920133
5719847
9703416
9370759
1499522
8497190
5222120
5893898
8049889
5290467
1054046
5284972
3244644
7328311
2473481
3153962
702507
7828951
4696617
7802834
2988803
2399906
8453997
9369019
1597243
3569236
8480182
7818463
7705867
5054787
4581065
8925260
2946262
2419931
7432393
4823577
2220658
1384737
6464200
3503949
909573
4424888
7964357
2377770
1530891
1187658
7626228
9069577
8804922
3412945
2912792
9798360
8031853
6082672
5087291
841197
7422387
1378481
2067116
4812622
1154568
1722330
9118746
5203474
4835402
6304608
2630912
647512
7437130
9657165
9782834
154322
7491943
5666606
3060956
5209255
8464054
8693683
9221071
2326271
8072645
8747698
2741252
9630653
3025594
1298754
1396090
8696068
2157214
5403020
4570814
2659973
3536061
204651
6563918
8486956
1619314
9757988
8238708
5618014
5691033
6165239
9821170
4961402
1571181
3067622
8147734
6018324
4929367
347050
8123721
3637037
3787093
4991327
5131681
4442351
8294877
6895229
7269701
299302
9601791
9864406
3250207
5425003
8302060
8254982
2394084
8118726
4114846
6375762
1728864
8559561
2676421
4972870
5140583
9822147
3401307
5590913
6310364
7206086
910637
1284406
6142411
2266396
7688120
5937762
2458962
7948926
3703016
9383647
7247337
8175689
9035325
8552021
2054158
6356905
9215220
322988
2246876
757928
5891704
1925069
976671
4205559
4561733
6886213
1398590
684186
7386539
5889302
9642925
878270
8807258
4162496
9525726
5639859
9413976
3379919
3766453
517330
180392
9479547
8819610
9311082
6273975
2091229
1541463
4530205
6908121
5931026
6968777
8537492
8771159
1146298
8248716
173815
9476549
8670329
6855130
6527695
9956760
3056877
6825790
5299828
8387962
5800904
9701804
9121465
6877298
9181783
5679359
6285837
1436080
1082529
1036779
6091050
9874745
7375853
9880415
8553239
1650049
3346721
4196674
2827861
8273202
959013
8585071
3556224
3611187
2785049
3603993
3250593
2090365
4917325
2104934
4345461
8788953
3912266
3888871
5386759
19767
6942825
1590658
6607912
7876791
588036
7375271
8163102
4303139
8408394
4801628
9977107
2092270
8886582
4927836
2775887
5475132
8352059
1941589
4900173
1874730
8133057
2839783
9763283
4267134
8644904
8816948
679895
9385993
454672
3147326
7002260
3001533
783120
318333
7725540
8325648
6840209
2013681
3459056
7482208
8971519
1581171
2088149
7774733
8982147
9255228
2429913
5844300
2370066
6194626
9944457
8949208
5328362
6807776
9727195
6105984
2171052
2904398
7296789
6731913
1195461
2345332
4463353
8802099
1846872
9129360
8987806
4745930
9521945
457205
3945322
2485325
9837217
3917936
2304790
9302450
2451361
2510849
6690985
31631
4633525
9684511
5790927
2682861
1379741
2845109
8765973
5989672
3386997
6321038
7904257
1079948
8570818
9263992
7213579
5799524
8265575
4636888
792768
2262025
1789900
2833539
1632285
5331721
1571953
7115447
5573420
7647878
6973956
7917366
681884
8218674
6769621
5771548
6281533
4143248
5148231
4959716
3533275
4637410
7282297
2013762
941342
5062644
8350705
6202972
7190478
5534054
9238077
188040
3824681
2018814
8673278
9280682
3042786
5509091
5927329
6471372
1465036
9162977
8743521
3982366
8037911
9102194
308818
5656107
6346568
7902310
3474081
206816
5925572
8654142
5934609
8012001
348221
7958238
8898209
6698242
2466628
6954373
2166761
3976042
5620516
5426449
557631
5633607
1634381
6696809
1209125
5290279
3476624
9572564
6607191
4903782
177064
8928320
911286
2271165
1546721
8593231
3898437
5013193
443919
8759361
1972012
2039249
8298275
6534360
1387552
1098389
8207717
7755326
8800234
807436
6808447
2536215
5256837
1020999
8086114
9647031
662216
513162
3634910
1774182
8330616
3798209
4169103
4747834
3440164
8279155
9486909
9386639
3545338
5552158
6544975
3388021
2346103
654750
260108
4307437
916288
7151144
2203157
1808457
9701065
8508074
1340530
8012074
3378746
6902009
5858732
3813693
4558968
4771523
7051409
2037685
2591150
9864284
2837691
4794640
9847829
6222154
3123368
1492694
6815303
5275715
3369332
6690529
3237504
2165050
9111989
6979805
6625716
8181876
5133714
4380836
6985460
4688424
8679741
1660595
3657080
2168179
1767854
8534101
4657345
4426182
8068355
7143275
2481603
7094926
5461679
6561508
6377775
4127599
7620020
4201471
2238611
792729
1838266
7798668
8503531
9096421
6410547
7706096
1769341
5854292
3801909
9348084
1841229
4472686
70341
8039939
9831534
2580122
9556712
3844303
4379203
6678953
860571
2286509
7375954
2309074
2000008
6719003
4030218
6116543
2951688
5421633
3169797
5428810
2449594
7618532
4624052
1047102
74363
5406170
4026962
5419645
6432309
4484606
7452514
834811
6552155
7932650
357666
8365408
1371951
8552312
2925289
1855852
8419622
6080274
4359184
4835781
7990499
9828002
1885394
9011276
4887168
4875491
5130152
51754
5405262
1326122
5600977
5295077
2497853
2682811
1535962
4511457
2841750
4390129
2536460
483305
2397057
1869671
5696035
3707105
7877378
1114071
2716882
7191535
4061172
7917534
5376605
7866407
9269427
4985772
8955610
5757527
9552523
1250307
1950082
84925
3470247
38085
5954805
9881655
567395
4801374
4413759
5835278
4635113
3702184
916750
9962030
350221
6280749
495229
9535383
4906557
7140315
7185459
4034955
6272873
4270434
200398
3927200
2279215
8664821
7034830
7492211
1949130
8881565
429481
1696905
6061266
3802757
8254809
4914998
1609005
8885047
7905961
4471944
870745
9935818
7935176
112430
5454557
8397513
816329
6960718
270806
3201855
2396013
9313767
708482
9913999
5977597
5160829
7975838
7011466
2835178
769421
4420398
2186086
9707251
3016968
9824693
5119995
8335791
7933336
575952
9182003
3734313
1846569
1372485
7125943
1519943
9974765
4205578
2192708
7504153
1745692
2999054
2348608
1720589
8458399
7205611
511762
8908272
9724174
5256206
318830
5438187
3525905
9935465
7069259
9290441
4530081
4154010
4576924
377183
1077707
6230778
488671
9288128
3678357
6493464
6447252
3628160
4370810
4852609
1965233
3055910
202014
7549438
2960904
5089518
1833936
14958
9169362
1008263
8551954
8387742
592101
8877882
3249885
2312714
4702781
8385715
537357
2003793
5714081
4797734
9046838
9862478
8816796
3762392
4709059
8574244
3030715
371101
8971263
2024334
7926207
359995
8472913
7099701
202459
5547058
9289951
1919791
5432715
6326587
8608785
8342370
8003176
9515085
2110011
1314136
5165912
6729710
2676630
1614002
1741649
3046593
6688384
9610249
9426809
4326275
8039932
874321
2765954
4191199
7427783
6993621
2655860
2807365
7095883
4475009
5492402
9110458
1764642
3946339
82503
163679
6877100
1435053
2983227
2535622
5819691
2254892
8356713
1698194
3898699
3641732
4384267
892170
5713888
812025
6697002
5135853
9462649
5626931
6951111
6035427
651972
3219606
9673659
6140785
9905544
9924593
7273459
6390309
6291406
4209833
2493341
838814
1071631
9911164
10455
3561634
424500
1197383
1072311
8821179
839055
3763650
1733164
8842627
2810008
7613228
7545742
6838135
8639231
9455504
2145355
2565335
6396836
5155483
8949787
4201220
4590659
9637934
9450425
5042476
5232122
2658027
7159796
2130083
2389596
1416776
3286682
1725547
3926760
3402461
2150460
4009258
6514830
1305849
863342
2835507
5171090
2063441
5517633
4353913
9158297
474497
1840477
1802921
2408961
3511065
6828540
1135682
3691046
6415864
6217211
9749922
5543315
7398763
5609855
7918585
1414550
6175169
1810628
2699778
3384284
5853270
6435569
9700514
9368075
1571461
8044194
5058210
180925
3961558
2444196
5724578
9502901
3683687
1213088
8421856
7057353
8269649
9185913
7804650
4050354
7092893
261297
5529255
9369303
7098361
9141060
6010402
9672840
5405121
1642410
4221112
4249242
2063682
3934795
9991166
858595
1906090
3738444
6273430
5221263
9747706
2429094
9504845
8869918
4597545
6595645
79794
1818449
1953497
1691350
9247282
8122298
450899
3357039
7955402
4699922
2751693
9568827
1414917
4119891
9715403
5298853
1526315
3189998
7430914
2121131
5212505
3998548
4466686
596559
2388103
8892849
4379554
4107913
7630340
2750279
4656165
4717235
4964020
3064835
7316213
2522170
5629909
9805037
4471173
5005956
9321808
1662456
4087333
5047096
9843309
4335468
4371380
3344197
7257411
6155463
1831369
6350369
9002840
6367954
2854597
3039834
996915
9135468
2872574
5489791
8357629
1801702
4646410
1364393
6771459
5836406
8993701
9375341
9130919
4718870
5236214
3160501
9379985
8914376
763047
6341947
8607893
7945647
8556501
889578
7207829
7022210
7505515
3226140
5149873
7449924
1436485
7414979
2565943
5121224
8797544
1990899
4104981
2563236
5761240
3132012
3754648
184232
6414600
9310747
7056351
3699492
4717270
8695966
4223084
4472935
3680968
1707549
6323319
9428448
1532456
6439998
1927233
9617859
3544918
4264120
452332
1716542
8799136
365028
5865475
6466181
7703247
4080750
5009323
7498553
8281487
400448
4805545
5822403
9105291
3683407
4522573
3617667
4905791
1664464
7678496
287394
7945118
9517273
5865116
9185670
7474858
9550465
3896243
7434976
8098812
8818587
8406946
1169324
5645513
5734590
2363378
5352449
6192270
9851302
8872866
8139106
6704699
2733575
1521524
845794
8403589
1533718
7447396
7151516
7698378
2341126
7220781
4408291
7242720
3255758
1540069
3882523
8215752
6010445
4985164
5171364
1689556
8832861
5378905
4992805
3145400
5819617
5251780
1811566
5215091
7512822
625180
3690810
5623139
6518505
1587164
4692168
9455595
9578422
2009269
4990739
3830889
7410902
1660093
8350719
8325342
4780954
801880
1171774
1884548
7104205
1784536
9242741
114987
1678605
2319737
5326014
3931262
3914062
3134036
1146127
6456908
8235417
2753583
8610664
5842141
219620
4546358
183333
4832486
8090285
9617647
7321004
4916876
4517006
2056433
552480
4321193
5573596
3511012
3172076
5154110
5395042
417567
3218322
2656490
2774085
7339326
4829319
6123787
9893156
2582065
3928810
2598643
7488457
9451406
6343169
7056782
2517182
6083245
4245087
4993808
6925810
5704885
3768482
8008600
2663619
2497762
5569848
6722564
9066123
9214054
6527568
3561875
8003913
8296433
4379431
4038796
4233968
480135
5976194
3663432
3214853
453316
6795133
9542286
895160
8746636
7317952
8183587
4237005
2756326
5271327
9443913
3705687
7408341
2241058
7926657
6034536
1825560
9237212
8796227
6894736
8321117
7553978
4790732
4112764
4637280
3913098
8220658
7769575
8926228
5797787
9572005
3966317
22280
9761806
3589573
733155
6678296
7894432
5074115
4211429
5965608
5877841
9144324
8160921
23850
723199
4382040
5905374
8012957
1338051
9810585
3506568
218465
7929601
8159170
7708495
8389962
8074806
8953151
1624005
3959610
4980967
8516688
9329608
7912230
9642306
3596415
9475130
4976521
7099774
4553958
1394130
8993717
2230448
5413227
5766233
5041972
854066
2390059
8291616
3555568
6009577
6589227
5849845
8475778
1828498
1996085
6711155
973985
4059839
7966934
6876520
4812419
2548951
9129779
2220157
1117380
5828065
7289891
1692211
9240406
5809677
7802314
3538468
6848861
4265088
4108292
4263091
1393713
9675971
6954234
4607634
6651762
6098206
8154148
5708209
5733161
8290473
8509366
6539937
7435729
2829406
6368551
7808297
9193801
4223656
7370788
8376040
908203
8064450
4849279
457738
3851847
5048297
9907024
3184413
5692616
5757996
8581579
5376784
2799578
9622509
374932
6296173
8972070
6024488
2305377
1102433
3884262
965624
4393786
8348393
611163
8640268
9856131
2290880
7100334
7890119
7919731
1547803
1703666
4432899
6048106
500577
1420789
3885585
4970782
826333
566312
8917899
8089853
6931834
2104033
9160176
5641506
8967135
7166513
1215857
6427096
7504081
6561759
2903945
2356357
8348705
307714
6694243
5717348
9056679
869874
1132937
6405662
9004965
9456058
4984615
4464938
7920230
1447577
120437
2258404
4556447
3685385
4312530
6405562
5961174
6751621
1630117
8133228
4517679
1063594
215167
3118643
9075019
4024229
1969971
3736642
6537731
3673349
3923240
2790755
9297476
6761050
6309374
7276229
9442909
2653008
4730925
3400528
4087721
2247800
9722923
190146
9138587
6008196
2092427
7380343
2454445
1462581
7352380
9038662
3022884
2171163
7420252
6393581
6885668
3682998
557827
4180065
3946942
3678068
8935588
1196339
7529276
4513332
4581566
2752521
2199674
685712
5062208
9463162
9636781
661127
3865835
3786580
1812874
7978242
8432641
1354476
9540564
7841933
9224804
7414950
7900617
5177335
4862146
3998321
329296
5248111
1897180
7457528
6185439
6326425
9698854
5299957
8527185
5809617
6714016
3123071
9896023
2694251
4745820
4055544
3990023
435619
7662772
5991928
5408908
2291332
5342991
9492759
7596456
7674668
347
3931285
1267408
8675732
2756992
7873466
4233861
8314072
7626942
2225356
7908653
5562034
9627194
9449272
9947604
829064
647181
6907952
6793083
7511817
3279632
8749575
7444959
1347488
1049699
9317685
1275841
3610667
3449493
6707427
4928425
6672393
7279186
9999200
793992
515109
806900
7958676
5259613
9517879
3570677
5131909
8223131
4890527
6764330
3517731
7130184
1334222
6149680
8462602
6334905
2611676
7329932
5537014
8562904
8863072
8049957
9290013
2457713
310670
7017753
4114109
5575418
7400790
8501595
9686008
2553544
7202249
1883950
3695017
1044072
4581959
1851787
5997172
5346276
240210
8708369
9953408
2383185
1341069
3974239
1485612
2240154
3744173
8370990
2339698
7239724
3772639
8014465
6601415
9904793
6619599
6333040
8422440
101965
54650
3301306
9051175
1414306
3075058
6561691
7021432
5699788
8197893
9482920
8455504
4020971
8685297
9927166
4859166
3487764
3562229
5378286
8614193
5227735
4161111
8672315
5226864
7751962
5959412
3379641
1124601
5625683
4833682
8950010
7654727
6959379
1971785
3701009
8672936
2401426
4796642
6589692
4741360
5493080
2304398
6647301
3912035
9035064
6851592
2440234
701800
5217129
4596936
793684
4525175
1859763
6380789
3542156
9824890
3977217
2542045
5544198
3358865
7997193
5815296
7537357
1925006
6081540
7660591
4076522
2449085
5490370
1920428
140048
3614368
9539892
4306538
7548051
694942
6209584
5915395
4358474
7356622
1066111
6426628
9409951
542069
8102271
6346497
6507209
9784809
2780360
894507
7528216
1633038
2508960
3584895
2170382
4365225
2876811
2115568
9905244
7918655
4622633
360594
8790913
7193664
4301117
7609811
1589781
8630607
2320433
5611551
5129328
1868520
4917635
7998020
294868
2491483
2870408
5909792
5913795
393822
9278674
7028656
7840597
6308941
9750212
4483099
6555806
2020746
6043264
9702113
8421493
2516124
6514797
5895046
1684566
7241287
8094782
6455776
1006867
4960598
7308567
6172923
9942969
1213335
239527
4046653
7915766
5989664
3383290
7586897
6399892
1050949
5755148
5855111
574642
558526
9195584
8774176
4818958
3803016
177163
6341905
3387989
4720173
2076406
5420306
7487669
6068482
1643250
6997925
1964099
1114329
6204440
9445038
8730564
7095197
5074176
2300212
179913
7313585
4948443
7139544
2919818
8726480
5541129
4321296
6357265
960223
2907245
2602208
7311323
9444648
9359462
3485950
4595287
3503807
5928073
625748
614246
9819052
1640873
4109748
1438
829498
6212657
414209
8525417
1610587
2734358
3363627
3365574
8818789
6526936
4982765
6612953
3826884
5608869
9175509
902821
1884130
9958818
2278454
4494237
9171587
889479
4788406
2687354
126509
5439112
5159124
2399862
8828088
3718564
2351507
4048448
2494479
4890287
5586708
4665340
8529125
8272475
9159711
6657607
7847773
3571102
4576423
4714086
5040860
443161
6356126
9430225
6523178
397498
4438714
710526
9274076
3908415
832770
5129528
1674380
8372249
6912934
1072621
2611956
5355058
7703776
1422777
4421950
2930768
3105643
5364465
7304758
8512378
6412981
1055854
1564147
5285595
2465554
571007
5464362
7452300
3443238
1366405
2950586
3779670
461960
9311686
2829470
981021
3655546
5311405
4523604
8290907
3467592
913629
6567405
2725515
1417469
2164227
5875346
5266144
5871741
8273458
5378731
8332090
2627340
5806776
9377168
1298982
5730834
2564530
3950934
3147009
5677159
5496131
1599369
8144036
4768062
4656659
3594909
2196548
2501665
3501689
398571
2066676
9755495
3675518
282115
7875713
9984856
4679593
6649721
6515030
7901932
7710370
8002088
5701487
2415024
7019378
1116502
7978250
5160815
8925855
6864291
1920331
2048855
8577867
1034633
6244725
4631108
8195929
648621
3680278
6383923
3498559
4435406
2904365
9883664
3856952
8219212
7594475
249749
1391628
276306
2463201
5116676
9442521
41578
4204794
7795406
814863
4587333
9834206
375599
7122028
7685594
9453608
8866005
907701
8110446
1221446
5266170
8448538
31592
5179985
6522611
824599
875116
7620941
9833130
1916821
7535438
9355182
8021062
4779846
944138
2688065
1127799
6784862
3708368
3477225
4649896
4556938
7979028
7019385
3100130
4016192
5186886
5502899
9982394
8765341
2989801
9510054
5471277
7235007
4305539
3886899
5950760
368258
6816501
8365500
8094040
2129564
8465901
4694821
7284707
5452156
6963801
2444881
2804100
5552525
2530532
9637924
5765508
7162848
579349
8204504
1152285
2050520
4659132
5850673
1048696
5294114
5687923
694326
8363214
281775
58371
6346264
7379892
3406290
5098417
9434978
7418412
9244981
1514505
1801567
5750575
5171658
867741
9793177
3047166
9137303
3522225
7006740
1136092
7241340
6018772
7817154
2380636
8119568
7269633
1008064
1187295
8864523
5518517
8879934
8952799
6739076
2680768
4497915
2132358
3215746
6778177
7276168
1935250
624319
7699324
1747512
951091
8946855
1159601
8995847
4684132
7613403
8656764
2633498
2960055
7772173
1020604
5769157
4634444
7171268
211023
949229
8683998
1213513
6057514
9678794
8495707
3935529
5122837
5843269
739545
5612207
6024977
3711749
3865090
2469213
7007574
1020777
4321844
7981814
1922650
741437
7954479
6129476
729325
4079899
2823990
8445963
7952056
8811030
5602189
3415193
9088793
4578468
2352378
9096422
4424775
6705809
3099970
1490655
9907533
4157247
8470495
6645692
8669500
8286847
9609661
6607241
6583280
706365
9051428
3288940
2613989
8183235
2869835
7019597
7432391
6720611
4921946
3238818
3735400
7598764
9998933
7201124
1170608
9814277
6607460
6480691
4130888
4678407
9579062
4233115
8151076
7125323
3743416
2276187
9040551
5945975
3646947
3375654
5681046
8982723
6471915
9201625
7543440
4539005
3389050
5536581
857576
618204
9542358
7954457
3188944
4632321
8042027
8812705
5579085
1839739
8574350
9178940
5433812
7299971
2027949
9429907
1596010
5867545
4919009
7194190
6512571
8539839
5927369
3170168
5285369
3403449
2942585
7966963
948104
2072233
7552506
5940082
5944144
1559747
2264869
5329726
3164370
7057181
7751421
6004785
8009451
223783
8717287
1356484
3517275
4838462
2685010
8762962
735059
2157238
462740
8207145
625475
8726577
2222341
7977076
1860338
4102253
9187512
6910205
1490668
5173444
1457705
9623544
890189
2199638
8605086
5439744
473151
1116186
4486379
1958950
5302861
8947806
6277154
8766127
7703037
4728551
9655250
3890469
18601
3654682
9533118
6225004
1816777
7030507
785224
9033106
4718394
4585969
8498028
5199076
4282585
3493706
5657868
7753069
8261853
725246
2722479
5840498
9718880
9914986
9863787
6869910
4028187
8110897
6172957
7452555
4071693
6729979
7466099
8287574
5320376
6498022
8266260
6631602
5520520
2470169
6563217
2306785
8063
4806801
2132962
3825357
9658474
6662047
7379038
9113722
9875450
151898
8773392
9137880
4239488
9959310
5840794
3574095
2865629
1230571
5884843
1577232
7999456
554635
2954876
8477336
8830653
4682509
7789055
1224189
6527747
7393936
6808486
8936596
1602896
4390516
9324360
857705
6495775
5014896
7073146
8211501
3093708
5086706
8096427
6712184
4194489
4142170
6010249
5004796
4484331
7071067
1378886
4275699
4332632
660755
1410331
4834213
9777561
850981
2111639
9814464
842814
1648431
579254
8031633
5430222
8521521
3375758
9883726
5533434
5687578
4531183
5118788
7311245
4103995
1742290
2264319
2463720
9143111
9078146
1862043
2790227
3879241
7791446
8780492
6376508
7586673
8304195
5662776
7893438
545647
7733453
3667135
3595152
7646786
8652770
9667189
5192395
5394681
6910800
7537851
7480644
3546934
8982617
7929783
3818781
4580050
6319369
6182812
3290568
7373317
862129
4835101
5277110
3521363
924404
8368996
9667487
7166654
5524933
1166883
9728765
645888
848170
5924757
7292518
2954635
119333
9879825
5768258
470417
4630986
3520652
8079000
3647258
1391545
9098063
9286038
8133973
4012155
9461766
1278498
8725169
3961587
8095430
9071419
515028
4838178
5162317
4218933
4724386
3920583
9076862
4887912
854677
7962718
1859077
4917420
3908974
3497011
7597552
6503557
8272373
1249670
3038554
2229171
7330972
1630942
3363149
2603436
7472744
5538646
2824132
1785124
647279
7254053
3168685
3425002
6184757
4031575
9992950
4672977
818661
6885944
6754294
4026062
6775328
6685459
6367321
4461499
8626950
9967920
3643666
4864260
2569837
8028951
6738104
7606163
4094367
6309169
6558009
6948625
7394929
2518633
654130
5152695
1610752
1677698
6028380
2959504
9168641
6036339
7254534
1491775
7066168
8116128
8834303
5447467
4878048
5351760
4027838
3443292
2092986
3381242
6170502
9252547
9943589
1047230
3230116
3515563
5602949
9886886
4622463
711556
2193174
9887155
4530036
4155357
7045588
3240135
8011453
2826194
4723516
9683734
2611907
1973767
8449425
7052448
8914708
8213467
3775378
1504768
8177224
4932823
5128844
8454373
3765529
3210841
5372251
7902908
6729236
5286267
5630187
5669420
941593
2374124
7268093
5997313
1700587
7503644
9947952
9091019
882322
4069252
2822554
9923604
6360971
8291169
9528481
72049
7153965
6150937
9171017
7465192
8016576
7209810
7209579
545344
6156479
7856541
4347871
397355
4268503
8579723
7221859
966146
886529
5029682
3833887
9038275
4016854
5263232
9457905
6805530
1707477
2686601
598162
5107189
5921794
7920921
885162
7770439
6825185
5839443
8479589
6774539
4617558
2679032
2508304
103612
1117148
7713694
9028472
4723767
7875281
4029441
4569645
3434206
2033948
1512694
6101095
9451624
8330844
2387482
3094635
9056636
8356162
2085853
7469113
1914599
9938715
2118780
2585146
8138158
9354877
6006203
6668071
4533518
8755960
985671
2228096
694923
4972258
6733136
9574586
5654677
7657829
5238087
4542444
5348688
7079114
6368243
8104626
8181703
7312339
8368118
3090994
2739207
994472
6750535
3804766
9785605
3733793
9945205
8269559
1539848
8036703
8968642
6854040
506499
6981262
3764701
8541972
8976309
5307899
6746286
9218713
8564640
9257168
8626757
5453655
911303
2302720
880039
8789191
754763
3089437
3281653
9807420
7175218
4817714
6410385
492783
5307921
314497
9737474
7751938
3171158
8647729
1084376
5953627
5112339
6999083
968106
8652037
8388065
7048162
852681
4675712
9171674
5152926
572420
4977011
4857266
8980860
7156317
1450902
3468102
9583993
7369942
4745190
8888079
1845614
5703051
7428605
8006139
7849960
7401395
5299710
5100759
2125921
733082
3939417
7707480
2008441
9603865
5421785
97464
4588202
3577121
5448106
3177236
7919986
6383021
2028185
6312093
6031054
2502142
6438284
9742332
4246253
9391166
5602192
2813419
7299592
9804749
4984668
8507575
6654210
5052196
9170855
12152
7634126
265452
5601511
9364205
538475
4667426
5005767
8154223
480955
2385833
2534593
1966246
7611541
4188994
8373438
7324217
1212926
3661141
1343911
1615731
7076934
670988
6958248
1315231
3084445
6751089
6659525
4953077
7635982
1555823
9799180
5026866
3598104
8380839
1297669
3127585
5081192
6443180
3873160
9593522
2607132
3699541
135785
302483
3662549
2626841
5908961
4048540
4158335
9185888
2284012
8203696
2407459
5515155
1287716
3931701
6257965
478166
1524383
548190
1905522
3203243
3285707
5801326
8495682
8673550
6787657
618130
1176838
7067689
9114318
2919961
4836861
2062635
4007965
1208909
7260595
9176749
6253860
9181472
3579403
8279375
3671602
5586759
2940389
988512
7432762
7518847
880643
6801169
2497264
8356443
7751800
515975
2925924
6798858
5680831
7932635
9311881
792551
1103600
2797799
5934317
245478
7441264
5534834
6422178
4281055
4449550
1696264
409143
3938765
6640771
9183605
6951648
8910346
5228065
5887147
3096757
1164082
4810669
8474302
3218748
7519641
5094442
2800912
1672367
2339581
2446636
4034754
5864973
8535285
2406378
1910046
7734409
4203557
3100891
7032560
3229479
6474458
8641322
3236812
8472970
7306281
7204167
4343662
7779687
3136186
6177277
2745701
1130214
5596014
5696196
9636293
180791
9857648
9895252
6316997
1847475
3901995
7102168
1917162
7222793
4903258
7952391
1380801
9198957
3706914
1394134
7051409
1329264
1900270
5875882
1506478
2714003
910659
9347908
391737
4078504
842822
5169802
756033
1853437
672576
2415991
1495813
4999391
7420370
2684419
189413
8433610
2688459
7100038
828347
5394693
4800616
2312903
7896129
2376654
2679503
7591317
5015460
235126
9344672
6083497
5926296
5762889
2764675
7313617
4977386
2821966
2402517
928711
7819998
9891114
944782
8584071
2946957
1550891
6926491
5158923
3738837
5946585
3386294
4011489
7780332
9341992
5100342
584806
3884870
1864018
3163947
8442284
801603
103672
726732
3441881
3563988
7655692
8821610
5119416
8123838
6197649
7089425
2524567
1104074
5283180
3130778
9286789
8145005
3029117
6660943
6623719
6072245
9894407
8586183
3836905
7121818
8273752
6175499
2092582
7459365
5710984
6629501
4124777
2274307
6621067
7774985
358804
1153754
5211706
697690
7497863
7006572
609921
5726930
479949
6401032
5627314
4680724
6637330
7850068
514550
5822023
6057153
2536917
5954142
2010502
4857992
305822
592745
6290599
2459364
4409924
7383073
3511637
1103687
9507433
8731250
7726471
2080494
2559332
4899720
7154309
6981531
3286278
9595044
1052476
6121621
2738776
8490827
4530203
3886953
9021779
8647837
7077878
57529
2050879
2737119
9311722
5572812
6555211
5711141
7138719
6928582
8671070
3699552
651532
6820409
9949749
3233090
2759932
6204762
3365107
9379388
7650483
4704049
5358888
7646387
8493985
3847116
9847309
2299176
4542296
4343078
3638011
1548432
9559206
9317043
200246
1038597
8092957
3309679
5312519
4319608
1879166
6927833
6163005
5089697
4942483
8601200
7110281
9625281
1427853
5077404
5636619
8178726
8659711
8499385
121860
4957161
8987294
8810755
1656509
3035845
1621871
4006980
8406352
4345351
3952233
7555362
2002509
3502576
177174
2453274
7471145
7006076
3119657
4731189
1302230
9398669
3688727
8569300
9798798
9308990
9231255
4718013
6444508
4890923
2442293
9724678
3655829
7684019
8978364
894031
6655806
7814843
1568589
7269048
3213970
1120217
419063
9693984
7958937
4058220
6245753
6367168
6688276
2991834
9532912
4269030
5004778
4019313
7911395
9072941
5449740
4919371
1765788
1933154
9216059
1197947
448539
9599292
5988792
9154903
3602374
9283689
1126242
337764
2212512
89740
4230339
6219577
510338
5228351
120141
2154557
7343198
8481446
2495584
6497229
2817368
1054327
671785
5339547
3760514
6034470
6009605
9290786
7600387
608753
4948858
5584634
2664129
9153570
3853526
6376962
7673154
4241328
4038468
1362349
561632
1926583
4059060
1403326
5065556
6811876
1881368
6043288
6974352
9767612
694433
787525
1237415
8394499
2159548
1960636
6957895
7821330
2623437
1348313
7462980
1551449
8783378
1145559
4372416
9686538
9039598
1992788
4720645
1469927
3547291
1463246
217113
8275269
5408755
1446786
4049939
9174939
7690536
2188602
5019715
5259562
2994878
2126305
5563962
4603171
4561991
4676507
3471399
7615092
3249792
910541
8363679
9021096
9108701
5346304
822502
8472896
3984714
3456210
8328874
2600460
238656
2901125
4755922
7635126
7707652
2517592
8665510
360182
7972212
1223888
7476727
1849296
169532
6074674
2950920
1698403
8903634
3279844
3728669
7703023
8653269
6819741
955320
1407780
4537063
4617933
6913909
7647363
8927090
4348861
2004966
3732399
131580
3233456
9643452
1894448
6433078
3434272
4549052
1631151
5161714
3992312
6740994
561577
8380312
9747223
6282525
3348237
3277866
3626848
1466735
8455271
9439636
7642971
9890366
6916658
389552
5596615
9648240
4629567
7895458
5523482
7983098
6526496
1452548
5549462
2048085
8361174
9158265
9515337
9927319
397068
7011410
8509100
7273234
4974715
5503695
5075287
2631576
3549405
1987911
4223997
3710841
2102434
2628229
2137250
385600
5217049
9425329
3739574
647412
2279180
1822391
2562744
9115938
4876779
2759948
9080291
9827656
7233711
7414654
5906340
4998950
5244489
8667842
7541620
1327841
9996492
455665
894250
3280118
8880569
5619497
5057300
8649359
2183080
9660285
5279370
362311
6112326
9148020
8180209
6265724
8718200
2316419
1220900
122072
3399016
3842296
6947821
536637
1808304
9447816
6648991
8278066
1824886
2070999
7279758
5277553
1301520
2293667
5841896
3685947
9928734
4072132
3995008
7736455
7445775
2612636
8867748
7044752
66202
666097
3195025
9566235
2064182
9130765
4522574
235242
6479301
3108266
2080804
7229873
9957436
4508006
6578288
5406547
7219302
6708754
4040642
3613587
6587888
2898078
6975490
4523147
9153459
3027579
3935133
2818948
3003455
2820970
7595171
9025610
7113298
1756132
9188086
9577845
1363697
4080088
2518957
6909910
1442119
5902563
7174768
2846517
2640481
5158828
3811051
3014879
6783250
242509
7610477
9041869
1366258
9841730
7559838
7980549
2659777
6277598
5113833
581646
3900618
452294
5589832
1806362
8506562
7146644
3093738
2502579
9916880
2926777
1920152
7571133
7782735
2318127
9837552
2229813
4794907
8420444
154574
4029384
8574691
493177
2400119
3560851
1854142
6684865
1117221
5048240
202643
3304356
2555673
1465157
8036932
361409
9727343
73985
3779490
4391823
2575765
5885471
9704368
9838991
9369515
3036820
9383612
9970410
2181954
124006
4375652
2856134
583663
6324932
3156755
2612778
2658560
629182
6198560
9646058
5799454
3610016
8169289
1531613
997708
3747811
6220262
2001065
1553502
8805458
7200843
8379846
1016327
7461087
5879066
3941306
240142
7971226
5651566
1081594
9563410
2529372
9718589
1808692
2097249
4376358
2778714
5753768
3042134
1360885
8269593
489473
4584642
6407991
2963149
6313059
5536483
2934905
3124960
3684030
8144434
9112489
6606459
9993346
4675504
6181830
1552695
503948
8879769
5506041
5359404
6538852
8700229
4236773
9697745
206738
6447503
1243108
2583660
2329821
9049311
1328939
4279863
8147252
4913788
5943623
8929718
7492179
8397777
2160253
5555583
1870876
5329933
3056629
318824
1829336
6127930
3158774
3747139
6517731
1106533
1216470
608487
3652796
4704166
9365933
5529095
7876684
2679874
5243738
4289699
1949405
2498133
5999740
6727799
6640986
2352748
6045580
7408938
6196354
309678
8906323
788335
5626479
7289776
867610
4914346
3921563
5639844
9461784
783685
522461
5998543
2123702
5210129
6862692
5597279
561745
278860
8117824
4663034
270201
3665347
683541
1172007
6130171
2124328
8230779
4653616
6887267
7250196
2699738
2986967
1516474
3932559
1189240
5117863
2902994
2801106
8132848
9572072
7894742
9411988
3324842
1665600
7574252
6361154
3047316
6686
5609897
3387839
7273442
4641255
8196575
2060974
3830792
1928246
4542692
2529354
5935326
1047591
3720655
7098427
3147194
5187638
4625315
6863605
6638711
9203825
3739489
8118336
5955812
6950534
1886188
8214492
7751072
258426
483287
7298813
5617649
4559123
2351013
9951661
68587
6139701
6815899
3894106
3353428
3032799
8662105
3422734
6134606
3356441
6018791
2233994
5382472
7551675
714129
2470175
7164431
2969319
8450184
3066533
2862348
6672008
2064169
8889499
2524168
109526
9872398
1110894
2717207
474097
2898032
5759394
2730117
1239694
5036010
3848302
2285171
1237765
6568190
3335901
8521706
8373218
2637585
26472
326441
6373304
2193681
3621604
9248892
4481647
7060504
123693
9473142
8263612
9382027
1647316
809617
1973063
6322840
145946
8011337
7814953
8574787
890591
6572618
8095374
4572876
4859134
4967030
5538574
7144215
6586957
2954441
1445230
946037
4998664
4589303
9450006
2467643
7646280
2753236
6871416
5733798
5591775
9445733
8257358
5946009
5572505
5847760
3961013
9105627
1454876
4493554
8706195
548571
5666589
7526964
5716099
1464150
8729591
6215818
2945414
9464560
7707468
627778
623488
1006824
6902009
4067876
4772543
1238070
6490313
7273842
5223133
5483280
4005036
4541640
2644137
568332
9239219
2677745
566998
8444890
6127292
8776604
4735690
539468
3417185
458982
9998173
8500229
3975928
9382435
3402321
1721017
1898836
7162861
9413704
1363506
7497163
2412364
4208660
5814865
7194701
1034481
8710867
5186850
2842149
1311153
7956175
2451211
8414075
8614021
4294253
8459080
5493580
2754875
4028744
6143182
5932245
343623
808930
9704269
6358438
5721335
8588623
933607
7653642
5363781
4835388
4505999
9470748
2012485
3096767
3103955
7553451
4640758
7121808
4987592
5896543
3880192
393338
9736597
5857682
2535347
4861184
5314020
5228458
5615909
7127045
701597
3522518
1528527
6585024
8110555
9586948
1813866
4185742
5650774
4620997
160265
5361371
5889040
7736180
523406
4640847
9255282
3873109
7470126
6758875
7715975
248640
4026006
4059006
5662897
5629364
9014346
9190235
8706094
3023932
9757180
9824673
3403154
6872729
5975156
5315061
831569
2435674
819815
4665927
9488742
9818705
2517281
4009558
1081184
2234359
164785
27933
1687240
20399
3502971
5802669
6161236
5666836
9815200
6076044
473032
9324528
6974800
402025
8271704
4063883
8942962
7970518
5744075
2587950
9189965
8296017
8007780
3163198
4718970
9583341
2273517
4158292
9711336
4188976
1339224
1521238
7021271
6282368
1069360
8727054
9693964
1431770
5005491
478904
6626169
9525213
7376620
4924475
1281475
4053698
5056688
6471264
7796587
933314
559137
425013
4833456
3290818
8392484
5660545
2567007
6310825
7436859
9102089
8376240
6247204
5585344
1633670
415185
5370904
9210634
3576673
335043
8986077
1967483
7759425
4802332
6334622
8845650
6453895
4763741
7969221
8648782
2710098
5518779
5561324
6720937
1985297
2417585
4279391
8794058
1225447
6703554
1604880
5590668
8933359
5127916
906456
4744396
3692616
1145930
7881072
5082441
301151
6737712
4790360
999668
1804970
7667915
6289318
7210777
61225
1336684
4700399
1702304
4369267
9603938
4998503
7091334
1966433
6526039
3917168
9971692
8921386
3464818
2010581
6321044
5546720
6717159
6136847
8430453
1487705
7491167
4293665
4014447
3651559
6055141
5085511
5353218
3628185
3427184
7541207
4039360
4918495
4489843
3537531
2948751
7096659
1231766
1360136
2577507
2729149
974860
5585610
2263808
4301655
6293548
3624421
1141201
6610783
2249032
7282191
7492677
3128221
8492768
118746
149390
7298798
9102891
8791639
1775287
2002361
9438385
9809800
457875
2643464
240357
188915
9189637
3636307
1073652
4153279
8559942
4150104
2186389
8867939
5120375
6548435
2442057
6136834
1370665
5716399
4855177
8534494
4338214
480480
1006267
8287871
8264590
1620516
1264598
7549170
443310
7243321
2623447
9018524
3056448
2308265
5413115
9477411
747427
8934859
7879233
3871028
613832
5857906
7064651
9989367
7694256
3011817
9196596
5339351
1447035
9635865
3495692
2374394
2416896
9969981
9249488
6404033
6851855
7444268
9139438
4791573
7385718
5536939
119879
5040677
8308787
491543
7365018
7811598
7266533
5733992
9736952
8558826
7583587
2691322
7000838
8655149
9911314
6817326
6559849
7608121
7589507
188430
7830383
1091403
9236733
6129824
8217877
3068110
324275
9472979
2477619
6297544
6544044
9603204
7394951
367275
2273527
1633501
8021852
398992
1818081
3522814
6806107
2406935
7833601
2487670
6592647
4670234
6831287
4285963
235412
848691
7849483
7942971
8217782
843399
9713162
7981146
9024290
9203427
7693732
8021324
3939663
464323
1789765
2302828
9183314
9178193
4718548
4503424
4236730
8364445
7734523
8591767
1282676
5347119
4820135
5721304
6984822
3698883
371298
78090
9963374
1647954
2677148
1044956
5005223
4118299
5254788
3801626
1982439
7883054
5633706
2736637
7401261
650111
3794431
5156140
1415635
6892263
8710780
5027596
7567393
6292083
7485381
8171954
1961681
6199052
1656242
9365120
2853804
7931076
7445429
9685702
3285206
438494
8632832
5508272
5742955
759643
2277105
6133190
4658835
1360462
9275873
1610415
8365836
4358703
790269
3513723
3844557
8178437
2687998
4175437
5442755
8034515
8574432
6060602
3578569
4430322
6920226
5906027
9669639
1732735
1937949
4211107
4847568
2913805
3156586
6420690
2328942
6816085
4010283
5835040
3594088
3240274
5468670
4289606
3686319
4160527
6437247
6099453
1878982
7612086
5394503
963017
5256653
6116750
7280828
9090811
5547427
3242726
414419
4282105
4145694
454904
4661863
3087810
1991224
7704240
9373430
5194503
1922258
8616088
2132607
5548371
8127236
3766553
1359547
8556526
7415256
4496978
6789666
5800162
1506442
753881
2541293
3214225
5676322
6616068
3969790
7701340
8454996
5064539
1016662
206304
2778258
9234368
1628317
7442633
5464889
6340611
1147989
2642091
3749009
2637795
5820067
2695051
4690378
4064580
5679124
7693541
1367993
8297850
9353837
9298508
4171193
2722094
7614902
1658686
2144196
607948
6997354
3094659
8592221
5660424
5224420
825574
4253032
7123964
182383
6650383
1613204
4547596
9188106
2250045
9495757
4885285
1492298
5615752
744913
6758091
649137
8350610
3077553
5153441
4763366
7931808
2852668
7193521
8411195
4381655
4820372
859219
3923017
2960821
4468697
2815612
9211060
5690366
1996934
7381323
7731780
3240222
2726425
1768122
9721733
3921305
5315130
3569805
3227436
4792132
4156502
539020
7800439
5686088
2793656
8978700
7823266
961772
7186306
9009679
1776095
7867626
3735181
1398356
8183755
791605
7215803
2492925
8658590
9154145
3695143
8440858
720512
431457
8260126
7053957
6965509
5106927
8034326
6369431
4458487
7060099
9166137
1543547
1013521
5820778
198998
8818338
3818546
1226467
9394263
490943
6268137
3014633
8570104
1752817
6286582
765915
6038368
1447562
7897067
9832047
6215016
9753901
2375530
6395521
1867563
1344304
8995942
8567533
6137323
6611288
9628885
7009627
1743929
730658
6761672
9247
9152530
3769342
9398239
5825230
7319994
4905681
6306195
590302
7010622
5945815
3701917
3413388
3167576
2192066
9555922
9792829
685234
4597756
3987987
4399695
9937360
693107
3359957
657101
4728967
8195897
5357625
7387045
4304354
4716328
1106184
5688331
9374073
2486504
7756693
6231078
9587536
6136490
717732
6529425
3515344
9750521
5261483
9722663
9774137
1322079
6815917
4088812
6303919
9483417
8559770
5728489
4974177
2891791
203319
1367387
9048120
2862191
1101221
1508071
8479074
9188570
6896942
4141293
6322113
1642222
3965213
5198976
4255634
8102716
891720
5226909
2511246
539135
6290124
4927070
1352795
5715603
827884
7596554
8492940
7776581
1348746
8769627
6692011
4625013
3214836
246508
3971329
9208618
8097213
6931381
3623047
3392547
3168819
2478571
5148268
926235
1896479
2933674
4600196
3693311
1261914
677968
2880482
29717
9430313
5669933
6878292
5414061
6733576
3167795
7854232
9449547
3641019
8197268
5216568
5387918
9086529
2442210
9562271
6593168
961702
9082065
6843529
6531316
2056806
6385173
7593587
7447721
2044066
5332398
8496148
6797762
3444167
4220036
3574767
2160525
4374629
8274773
8481443
1354844
2198327
5002230
3594260
1650827
9999466
9864292
2134051
999931
3554782
8901211
3776369
2072976
2807808
5032262
750992
1588467
699300
1087672
6857890
8655551
2553958
9597375
728537
5955027
9906788
7706340
9209635
578703
9711441
5949789
144031
2335601
8171538
6692132
4702741
4319322
3208230
9949708
8110877
8874702
6495906
5768244
4370901
6004912
459233
728567
5494968
5849706
6037524
1112717
8856103
3170271
4927182
1991379
349005
2432753
4622767
7039575
1837525
599703
5110138
6492627
2635129
6482253
3237504
4767235
750747
9000821
6680450
7639077
648914
7292308
8247464
2015375
5410542
2672921
1262253
608326
2475901
8597117
1246006
9112532
3016864
2718731
8362744
4210182
3979701
1103674
8210161
1058373
768918
5209310
8843578
9379269
7974247
726010
8874616
8743170
6132505
53729
5412568
5802711
8886848
8358693
6158611
7940635
1932914
1887811
3277488
6564841
8236773
8675648
7941602
1324215
9258097
7944955
5535868
1151327
9834949
9319204
1958136
1062399
1692628
2504134
5558812
4567841
8411215
5742029
1304022
9365351
3173916
1403532
9159029
2436128
6592837
875782
4303140
5940688
907386
8921435
7159048
4280018
2997539
1838279
3269608
2074774
2678301
6324634
9783208
3732909
6609369
8251341
789758
8124912
7763060
1733877
5905500
9013162
7621472
1288830
3714609
6739604
2530712
238538
366900
9896046
2709460
8628487
1554486
4283045
7080075
6179699
5795519
6105099
4352059
884122
8855813
8982610
2783966
7502678
9452621
5091888
5089708
8355560
7599596
1268834
1231192
8370059
2463961
7074248
928190
3792439
2510708
2482219
20076
3722840
3115379
1751254
8323277
3606923
8214704
2553715
8290238
3973720
7340576
6593893
89851
2646916
6513269
4039991
7373258
611032
619483
3650722
6981070
3276891
1096736
6115881
5167897
2704177
7764488
2381033
3549021
6692843
9333959
9603039
5913128
9494465
6326301
7280018
8040989
5596929
2079686
3375514
8330768
1934316
8160916
7536277
1184475
8125515
5633608
2120908
1267542
2182574
7342367
6258360
6645912
1796187
5948298
4512007
9705329
5490509
7598723
7013047
5810855
3643170
6405280
2521567
8732400
329873
5176967
6643591
5617740
7812105
4450348
535961
3731086
4407567
1642757
8458044
6030444
4678533
8527963
5345490
2422304
7177469
9808047
8421174
2814132
5032779
181360
6878345
2528011
3139679
9915355
9473380
4873492
4708605
8224525
9930190
8724811
7510084
1986959
5965073
1457141
4489382
4761559
5732733
5155282
7060596
2096360
2460119
2934450
8442231
6077192
9820441
3955273
5226853
7113490
1318480
4924198
7825634
7631428
5070699
9386850
6934410
8951444
4584196
2896287
9176006
1044789
5725454
8843931
3224460
594065
5592718
6588072
8555893
1456777
4321228
9614165
3305959
7739997
3638453
4046252
8901207
9262702
6931773
3923722
7644611
8192946
5639356
8764013
1440893
9548933
4133167
1172047
3502728
9990824
6883746
6264166
6145464
1139678
6156858
7103073
9222189
8909326
9520099
4319974
3597290
8196896
4644971
6493790
159423
431011
9615353
5518892
6754961
7608338
1113799
135108
7079867
6550844
9671594
4439195
7919340
9631430
1592939
40746
7223043
3690864
6565976
5476045
4930506
2418145
410328
6212837
1446566
5942821
3128437
5269778
2304235
7403500
1278556
6994860
4758470
1880244
5558644
1554102
3393618
7575064
6260900
4844249
4561911
3673387
4255620
693737
7774636
912353
7723858
9836890
8922590
8145447
4185955
7954083
5657183
4303189
8377223
9017629
5394839
9446425
363094
8983106
1018894
5310488
6007595
1205487
2592881
2614427
2113499
7472458
6037760
2115284
1208176
8533146
647694
6228533
6957813
8916252
5582748
2432926
6134540
8910234
8314240
8720864
9435892
6321578
1960538
3737474
9463194
3765350
2617519
7351119
2326563
5446336
8907547
1388415
5551301
1986438
3910268
9802808
3902623
6758344
9587159
5913767
8220001
8957774
5817742
1325759
4895970
1314807
8572438
313702
4201132
6234805
2497503
3488789
5757487
8325007
1762020
6755480
8357838
2330187
1609351
1704985
9952237
5456361
1256016
6220432
2898065
3536964
7215739
3631737
261235
311387
6168570
5000216
6035273
7800167
53279
4552408
6158705
7145182
7960597
6244436
1738693
5151380
9138193
1372471
7476292
7158676
9462933
2647459
8739141
9864321
9305222
9002406
7554149
4890060
4903738
2109310
6344733
1529822
8903551
6045723
7337617
1562740
4471792
9702786
3718242
2876232
1830310
9427098
5862998
2375010
1831376
6734707
8614102
2655839
2291530
6137584
3565377
5467164
7473751
5718538
6460095
4695228
3851526
2030265
1211910
6595204
4287196
5489144
9651541
3115674
6982275
8035291
5553136
7606956
4902816
8509877
4362258
6169747
4105553
286066
8782555
6891984
4250314
2283212
3757924
6617543
3947224
3150191
2225528
9508466
4306191
2473536
7529322
8192073
70359
1667783
3330207
4689785
5774907
6959620
3699824
9146255
3719965
1775621
9086212
4185681
4753864
3371023
2412325
3669798
37946
1780374
7480460
6864428
5242651
8016529
6291736
6355098
9008813
1517179
159242
1441167
404526
5587398
637667
9099228
5497286
3947552
6544587
859632
2508872
343626
2775911
8403952
32402
6231677
930398
2467228
5171818
168565
7515654
8953468
8877096
8865222
1909567
890391
8355937
4404526
8933599
8140389
4328631
9853400
3928724
504777
9068717
4610293
8052894
4612064
1931499
1653280
1255597
660641
844542
7722464
9472061
7300238
2896185
4140292
5580290
6062491
6499604
4239095
3688758
3474846
76417
5577323
5019886
139624
9860530
1089034
8385999
5787888
1507634
8077839
6337152
5763544
2209190
4523374
6373694
6791593
5982995
8371407
6701483
5892655
9048955
4868806
8092537
8752603
7802066
22480
7971046
5591063
6864618
157642
4163941
7987354
8314183
8427856
7883204
1043640
4475259
4542872
8058369
4836427
4781047
8209710
5804189
2510670
9427449
4092403
4116757
6598216
5337060
9593286
7167941
686959
3707085
5335047
2525126
9363807
7081034
9729423
3148825
6941530
9170992
273369
9985408
5959114
4968984
6433956
3923940
1732973
8929570
124363
3232378
4867319
4224300
7549229
1112991
54192
7469306
9615407
5309241
7388483
5867339
6270988
9422738
7911823
1009132
7384344
8855977
2188228
2912770
7282610
513787
9981098
7394593
9889714
6644892
6887138
787595
9961348
1254850
5473815
60017
135030
8736188
7279158
1864011
1289538
3144450
1540223
5378793
551558
7456744
2772782
1084368
2223264
8971140
3001443
584610
9440131
9928894
6554121
9690052
8869848
9712670
1296571
6948101
2036484
6136585
7512669
2255040
5004362
9989687
9121731
2703791
7663959
6931982
5840150
3383671
4442924
7061675
6405104
6244319
1777878
9550444
6211547
4724176
7542433
362502
7078700
2060141
7098279
4946622
4074679
1397115
9808475
2196930
4570672
7369908
8535585
1467756
1569744
4104445
5803574
1873133
3195748
2471678
7256079
8959499
8143596
5203329
5809746
8535628
8340413
5337123
7130306
6305131
3730760
2007295
1847350
4415499
9355219
7050325
117188
2304371
8192808
9567596
2953902
9384174
6323472
8521647
4009267
6370064
418263
4492388
2878881
2704440
46686
8456866
3581288
4672343
9593434
8511595
9909994
5394334
8211498
5656877
7198714
3293697
9669047
1535810
4309063
8608522
4882421
3215248
8793191
882044
4481856
6578942
4738533
7909356
8495648
8640636
3707990
799050
3626400
2191329
9766286
4493611
2742502
824487
9164225
3098483
5523567
2552844
8357067
7193640
9178280
8317331
7780027
2654599
7287206
6319119
8447088
6011881
5354416
1710773
9105177
3277009
4886802
4727055
9736473
485588
8829719
3578253
2715587
5723198
9480702
7143190
6809865
637582
3320995
9134047
9638167
962885
3264793
8798198
2204892
6993241
5255986
8633057
8308562
1532378
1283333
5701833
6493199
9756848
5092478
597299
4164997
2112640
2285827
4847157
3162003
5930304
5930726
4177808
1966997
6959811
7689064
525387
6375115
568895
8375008
8530819
2175928
782556
3114992
5273817
1982075
6281201
7661817
201800
4670304
8867480
3004792
3365524
8190934
6141137
2485600
6756107
3856564
7461267
7745403
8866696
7422655
8819548
4741671
1605274
9249408
7985125
7204597
9183759
4585149
6049649
8324827
3064663
8637956
2169874
9053645
213487
6110085
5353368
7196758
6969381
2945315
6746207
3579038
8712606
3667351
1869769
5720130
5624864
2627234
3416125
407058
8039917
3994432
2754722
1909089
1923490
1567749
2092737
2343467
8907253
2062209
7217534
5005532
3896632
521374
6870777
2868460
5511920
1062350
5530179
5564912
823105
3431967
8278348
8204340
7706309
9529638
4754393
3556516
1259283
741475
4047473
943158
4921294
7946797
1993456
9652044
9234410
6697603
998778
8011853
3517652
9643762
276695
6477668
7672144
5141060
6704957
6284565
6323002
5998120
5249311
4723813
8757259
7208717
1165291
1331288
4175880
4339953
9862989
9089252
79562
770449
884355
2458470
6632017
3072631
9861907
3837916
8258131
4028325
193047
8368523
573556
9189707
2989322
6756816
919689
1342464
3229943
6570586
2536350
4057062
5301308
5640088
9680935
8665181
6788231
3068303
7929400
7254532
272960
3824979
8731862
8345350
4497793
3852945
6030204
1866240
6071437
5263041
7683403
9393706
8249985
4440646
2033940
7835904
9043304
319392
4594464
2286356
9728598
4092414
6922710
4326383
5888627
8163920
3575011
8220577
9589673
4055519
432588
1078720
3746377
7782536
1762058
5305661
6475985
8584195
9713889
6368293
2274861
6857006
1221348
1705219
4182463
6958800
2937011
3095379
632572
4469416
5888714
3148758
8488636
2362489
8584426
8764700
5869316
4350157
3803786
4896567
4505562
9510994
2101464
5277562
7858341
7273948
7730262
2915696
2727722
6687972
2554351
1810647
4374306
2640436
3642827
2317957
7211022
95219
5873294
6705441
5260576
4493502
1521165
2289800
9830275
9201068
8856819
7221391
1500191
7491458
5700812
5897388
7954940
7889167
4793591
5467413
4781773
7691525
8481367
8853417
5308310
9118054
276859
6058922
2291572
1867070
7855347
9509157
4829967
6742572
6975353
9923307
3433706
6862671
7011363
1630935
1053893
5400210
2135596
8382402
6898982
1157740
2490463
4595873
9158141
4869324
8907269
5644504
3469155
5904357
9041448
8023084
8715912
9278686
2619614
293408
2959602
8236692
6388992
9292824
9695240
6017642
4016096
5655107
7678506
2750904
7521643
309748
2827014
3899037
9133437
9077978
4285830
4996456
7501663
7354116
2801425
4515209
8520676
8028194
5405752
3903099
1592571
5005928
1831126
8411178
3110838
6436952
1300552
6078045
2275116
1847839
5567570
8567944
5517478
5961088
8485034
6839401
6557007
4640145
9347361
429257
4101990
3179405
1508179
2870420
5701223
926268
1694657
5176502
9024868
8488076
185644
4343394
7890967
1662448
1495272
2259439
4918869
7543538
4948079
1618052
8721902
6675696
6690238
9407368
8494843
6021894
1201969
6790537
4822186
6580610
765228
9891332
8165819
5617092
2793085
1567871
936424
5058466
2030497
9753297
7664999
5733724
4277811
374284
5862691
9346840
7498534
8934763
6477811
1745961
2385375
7007618
9275845
6192442
6647534
8582361
9332835
1113185
6399424
122734
6008747
2137665
344843
8679394
3802484
2654886
3276097
890811
2884894
4880873
3208379
6414274
1131790
9504734
802759
5419510
5786743
7967758
1587948
514344
8962775
7052592
9126967
759391
6930984
1320371
2917828
5224722
6055190
5583240
4788965
1960893
6794529
7466297
5819861
9165103
5010199
9747369
8914785
5381959
8709100
9471217
3321865
587497
6204235
4411479
8590974
6800733
2833366
4788808
972672
103106
7971997
3399029
3086258
9202687
1932112
1991455
1035063
9130005
1545694
5877561
797723
5648668
1492823
2898293
6676783
9546563
8787877
3289552
2921810
9480788
2065058
1849874
549809
3954328
4911672
1693439
5754646
7798700
3926554
3842296
1758699
5203987
3218936
6375180
6530401
5276902
3281895
3884906
5010231
1409990
8889048
5750243
434755
2241525
9142786
6003403
2409363
3819338
5815092
9296147
5826565
9214002
7006446
4894581
4155138
3517347
4770870
2710358
8116638
1307478
3067678
8477711
3731811
7118170
9416760
3832637
2516516
1514294
3822398
3870543
7293894
8238315
6690757
1949714
5962971
9178021
5048597
3976724
2901966
5263601
6924109
8124085
6047916
2553618
3552602
9221503
9422936
1798203
514538
8098301
649407
2108343
5877731
3708828
8720501
7236470
1446944
9628843
9730404
7625256
5190567
1275518
7802463
141967
2854821
1875321
6137682
7916951
834184
7162989
936380
1218885
1637900
1682886
9528192
3690251
7400887
1739731
1673183
6276212
388705
124177
1866024
5395497
1797080
2888871
9678263
6050842
3491392
6857103
4473972
3473916
6886244
9560222
9723310
2795657
8915015
1417184
1211811
6906734
4844749
5780940
6158935
6953982
7622049
7286827
651560
811053
3447692
7974425
5322519
3700703
3804563
1160132
298121
2549689
7548979
851443
5524153
9510667
6344080
9092863
810179
6215291
6651900
2839444
6021306
6654618
6030092
3345568
6174598
7028998
5773654
799928
8871105
5647212
1322515
6077253
5700406
5536792
3265919
4055302
9867393
5879757
8350287
8728324
8953875
481788
4591617
7798188
627291
8906193
3939213
6060421
7990521
2304445
8142955
5922156
381591
4045479
3857599
2746234
4150965
304153
8070129
8675976
3294288
8995599
967075
1529669
3365812
8042689
1756980
3195268
7902673
2590653
9269800
7472174
6408434
9001876
1456462
3761291
5120564
8823151
2735168
4108657
5441095
1186286
8992410
9192334
4508215
7652517
2486111
7604825
247102
7182303
9833824
9105184
2251420
8131509
2495593
5780751
5783649
9084685
5884027
1588169
8565825
7450146
8600009
1892204
6704051
1666395
3593574
2578282
9855776
8461428
8348217
3333581
721757
8694675
1025861
5039471
6507104
9000106
5599047
4943472
531792
4365220
575748
7736600
9998016
4829800
6443738
8778037
214568
9179813
4395635
1098466
9251888
5693370
4253217
8652307
2329625
9218865
3546926
7961827
9132742
5073762
2757312
8691209
5152465
717082
1257746
5970911
9070286
6293692
9680114
694363
4188618
6779058
5882942
9801582
7535029
1965392
1208769
6174100
2435862
9921197
9003416
4699850
27911
4617740
6967090
6719703
5015361
8411650
3071403
8489256
3161828
6220934
2944844
4710507
8012647
5828848
2290525
6922310
624623
1394439
2945039
6388499
670985
1490135
5917497
4344451
1435528
5665636
815125
3956954
2615273
5711129
6236832
2188156
7505872
4248432
778101
1713696
3237048
6286792
8075768
9845388
7719417
4229347
5252088
2424333
3582448
2821284
748562
7780898
9470199
4646130
3494417
5660413
1807457
508236
4559760
3453887
6844281
7945576
5254384
8218685
8668039
8769884
8926052
4265150
7998134
4894165
3375951
8154346
2329507
6794433
1337391
4430028
742824
6472988
8812847
1547803
4826994
540664
2251778
4602843
6527031
3310684
3950711
5937202
7142963
3063735
4318589
1593
4854526
6953250
9242690
6266474
1149144
4325839
1523294
6200248
5678006
9088428
2294204
7097877
7744439
7951881
6710316
916816
7443095
2394332
6652847
1533833
8651019
467238
4169790
402730
2790657
7203560
523768
7936481
6754612
2155981
714713
9128753
4185628
515125
2340093
3227239
2244420
7228551
8603581
8406999
5555615
3177873
2324622
3290236
4960558
9267337
5620165
1613539
6515126
8601552
9531720
3649604
6970913
9640124
1685187
9024985
1430472
2166144
2367425
1130564
2877858
3602364
1531366
1240802
1584082
89620
7058421
971060
7418943
4355086
7279429
9325537
9581153
6978136
4368772
6785722
313891
8988061
8887675
2278289
8700226
5771290
5789063
3302102
8900583
197160
7256420
2721328
4970219
8033866
9066541
5361250
4007512
5021728
716583
4023066
2553752
4042573
4732429
3905079
7216032
3189497
2315859
1036446
1779638
53101
1535067
3638091
971557
7145930
6065891
2367637
4278500
4597588
2217408
8212385
9458956
6536403
6225531
506064
4665711
1801375
3409154
7170376
9264459
843674
4124858
2526085
2206311
5677518
7353860
6277424
873567
480569
3242859
3109516
1019103
3429321
6073138
8368099
2818606
6982751
2597848
9128009
7346121
117289
4405296
6556252
4139921
9077146
6536592
5503193
19807
2497836
1402546
197934
295652
3557599
6047726
1943760
2614584
8757793
2743612
9869958
971745
4435180
6935935
9838096
2534140
2651840
6490979
4226211
2290097
5956759
5449365
2147628
5530953
8362401
4519338
2296819
9816863
4720576
1040660
9830804
256250
2503868
9216757
3508067
7982412
3462460
5088002
5340681
1661674
5808056
9909775
6586162
1347265
3899425
9642413
2589818
4345089
7168655
2330260
8673222
3549219
8059121
2038988
4883004
7860438
8937280
6584624
8098386
9784298
3993332
8656355
5180809
3256784
7165073
1128915
7070146
4421858
9128862
1561423
7077781
1736680
7895028
3739546
4348103
6520012
3027189
5294849
8471442
4832891
7630075
2670396
6880618
9332594
4614618
8756318
9849358
2637999
3022486
2852815
5458246
8841992
5802376
8076400
606609
6380193
7196055
4540504
3564395
5097850
6435105
3151665
8772458
3677433
784369
2975733
8614859
2479197
6090317
5586257
314748
7857110
9916342
9560536
6501966
5240252
150132
5604860
1156755
8088801
8649991
9192849
616412
9193588
8686811
2377292
2279686
8992240
8262878
2218037
8815907
1182114
5635619
5012790
5839301
4499014
584711
4871524
4746243
3641380
7580586
9005056
8611709
9189690
382328
1669958
7025269
3183588
1597859
4116925
6115060
4280374
2614107
445456
4923944
6854439
4135102
8445273
8343870
6262052
8316698
6854045
9355960
4778593
4793156
983156
4090342
708655
3318626
1890641
2328892
9392866
7336143
6618911
2772894
8974044
2319075
2153001
3228670
6244062
6356842
3450175
1877410
5215592
7148628
9950035
9513166
4603916
4381157
5050217
6116690
5047926
2353498
24194
716505
5468398
9872372
2480576
6001378
1388581
6357893
2989631
7041806
589008
662679
2442009
4017117
3639731
4007713
6660718
7959646
8916796
7140722
5476021
3915170
4770600
989601
4264250
6611117
1031907
9449793
3045645
455395
8313745
3389490
8439409
6656251
4916144
9173652
4683996
7729167
5260449
9846972
673611
5237538
9986764
8319145
3696766
4320710
7881299
2083344
214642
9194164
3419188
7444658
8351432
1708585
9710693
8786414
5282493
1916626
8854593
9267937
870659
6607082
3026260
6340094
5242129
5353787
2504789
1418654
8461616
8547939
3035280
8813882
8047879
8794059
8924896
3726890
3068693
9121478
918445
1017248
3720325
882790
3736992
6739920
5283399
3174708
4508931
6283707
9015397
8579429
8876471
654500
3873760
3871918
1451579
4472339
2916467
9468317
8529666
2771993
8924778
1198656
6659686
2084522
9630089
3479904
8499569
3624533
5670236
4161071
4285066
31544
28650
3091539
8268440
7099916
3329144
7848538
9043408
5603775
3493964
8913084
4890535
4598707
4947653
5014821
7518109
7457335
7123606
6936737
8243600
9987364
370762
1366992
614956
5693558
9943141
9457656
9317181
2261662
803138
1573964
5971151
7767710
3750553
3810523
5361548
253513
8442037
684613
4956281
7751951
286602
2382480
301265
3171653
1821069
9973422
6893048
9524289
6592605
8290209
3773302
2728917
1519345
3931135
7875234
7479795
8931175
7427929
5710474
3557159
3593548
1545433
3688195
2880012
7886760
8217449
2696009
436035
4230856
8305380
1800113
29590
885030
2571490
3935929
2689679
7384162
6993747
2675353
5351730
3819990
5898818
2587673
2071674
3127303
1461733
1321877
2158397
3831244
2170478
9507203
7754261
1236382
2528906
3767276
3254422
7548080
7802532
8587427
5823762
7993428
6369780
9210273
3719217
3046994
6774626
1674805
5674502
1711164
617217
9511329
2901868
5974188
5907980
5172370
6586511
6308123
6667230
4908933
8062072
9608812
3133558
6689594
3867325
3775247
3548977
3313958
5467197
8643206
2655269
3824566
4845375
7090214
2112202
3857834
8549841
5206012
2781222
9830658
7385202
3749803
4607728
7661010
2216659
5848424
2452768
4945851
7394514
8526326
4482613
6161873
4719609
1762945
3372231
8515054
2535189
6841224
9307927
89527
840700
2597661
2848965
6758081
9439380
6250571
1640118
8339842
7737545
6229109
2755879
5313066
7979390
6816852
9405212
4639720
2111110
4009506
2650689
9832366
7996928
7535257
569342
926978
5076982
2754325
4209134
6403794
4268893
8235611
5027187
4844974
1951041
6388074
5359821
5028695
4532921
2091757
4148700
4151879
6887710
9406606
9828025
9971870
1521081
785261
4888092
3212154
5755204
3606326
3980680
9982768
4519235
3299962
7346853
2212625
1281019
8242661
2676798
8093641
6254146
1531999
2518443
7752342
1333022
9577685
2621097
8701380
9968164
7444657
611841
128932
840321
4523054
1489465
1064911
410181
868253
7030458
793582
9730553
8831604
3422748
5351351
3863737
4114979
6741741
1905595
7746101
7969433
4523096
361974
5947584
2312439
4241841
2850502
2572931
9653466
4548936
4022209
2714247
4626852
5822845
4675848
7106964
1037974
5727274
8804741
5758121
4259
3317750
3795986
2947690
2119391
4070577
6135246
350542
6120560
9334085
8166664
6714002
4790129
5296618
7268260
7490424
665158
6687292
2534010
5974020
256330
7494589
6660700
2083685
67228
9494836
6894854
9884596
3255817
2704695
5573695
9383210
5163874
2792053
6028646
216395
5454681
9842276
7911740
8014594
5060661
3681210
3948612
1244176
1758796
1749819
8335378
5800398
6638214
7145412
6760327
7546654
7592238
1767514
6449812
8842458
9606483
330240
5403357
2918005
1558524
5202901
8354778
8309403
7700868
5726558
2792640
4098936
5336591
3275494
3977510
1253656
6737412
2836191
4586845
1913391
8083693
8833918
499086
1561565
9228616
1184968
8975724
9924536
6231420
5876462
4275063
7268758
7375722
4540859
2128511
3656272
8939015
1184141
3245566
4637588
2286860
6477162
4109948
842330
9744563
2761665
5880002
3855619
8517931
617992
4382541
1337956
43033
927421
3032729
7869396
4897133
1391729
8203290
7591799
3079669
1906990
366388
2633951
8858715
2143084
4708647
6329932
8924871
6554368
1456431
4010131
1048831
1024892
7692534
9969030
162843
3021955
18942
6382995
9354808
5337810
9062745
2811398
859564
3862709
549442
9230411
1888563
2589583
9215844
6873394
6868725
9452606
9088652
9126800
9430648
8630609
653731
8468195
1149119
9713884
8795653
5319315
3309117
8130871
3971569
6240936
6425483
2593124
3564838
6430436
9378700
2010154
5111629
2751668
3009327
7162638
3757259
3302392
4718400
8915411
2177391
2917536
4069751
1103288
7632676
5292310
9862917
9118924
1975797
4800342
6231569
2473314
1048801
1309908
3373339
1293729
6665791
4874948
7853653
2711683
9032027
597525
208578
5800852
2698443
8566933
2732715
8069133
6128039
1460629
416433
9059582
3653824
3484882
9174378
9501374
7280476
4772095
6529753
3968527
9733694
5274971
9004738
3433904
6885911
3986905
3766700
1309652
422088
4873447
391532
9745204
3849487
560962
5337083
2158193
4619245
7210272
2087316
8801061
2072014
4925245
8167279
6117059
8816918
3324634
5557211
4982025
4726153
2446495
4389566
8200795
5513386
5913918
1882559
66184
1273574
3384237
554670
426693
2459820
5617293
6784001
4306664
2519652
6255664
4005646
9206867
3126701
2705876
939499
5813013
6584076
2028765
3901288
9955635
4001506
7932535
9309643
1085843
7780357
5912108
6093187
6715212
2661197
585826
2538231
2507453
9884830
7941196
1786726
8146
1164978
7615522
4547170
5707692
4532175
1442814
6907102
4266994
5168279
5264058
5021054
2334388
1426249
6563578
5265167
7385838
1542795
4252174
3588677
462078
3939503
8375333
9429266
1196455
1325141
1203032
6627978
8329423
9134331
6394035
4607400
4119295
8928643
7050698
1586515
1613522
899445
1215795
4992485
8282515
8199520
5725547
188708
6574305
1102123
5839376
6979619
7785665
9990944
5844541
7324990
9830053
1800207
9088998
9394746
9320961
6327783
4731002
8924063
1944418
8721854
2158222
6893966
6660177
7469675
1483155
2473002
4523573
2245469
5408084
1339290
2926890
5900680
5792744
1227350
6591420
7175836
2658077
9160066
3395891
4290803
6880745
1641099
889149
349263
547618
6855329
8372327
1134753
7721725
3384551
5560183
2478048
3850387
9206505
3241056
4088230
6815486
9101147
4333706
4464890
267125
4426429
8524823
8146396
2564698
7486566
312205
7455377
3374285
159654
5358043
5464743
9448648
7281936
2771664
7020839
1381375
4422308
7154430
3659083
9174309
2608528
8186239
1925705
7307263
5442160
6170418
7163695
9780677
1003205
6798355
7470007
9175299
599504
3285004
7160085
4319583
1714706
8674881
8278845
5552388
9000803
8308572
673633
6983468
2073736
9780674
1680616
3890946
9920847
3697590
7639761
8269088
2165339
9700900
7404495
584886
2924136
8307130
665081
9564489
3242865
3832419
3744834
1188623
5613648
4275373
1009813
1339976
663869
3539999
7010761
106543
7181766
23517
3731489
5665718
3739998
2086019
5664229
3180375
7608867
8987792
9093302
4785689
1483779
5257531
2380353
9632751
225767
2643838
4800308
6257380
1231205
7436934
3309555
1735860
5837905
980060
6792414
8591988
5852179
7386899
7402090
1859457
1535984
2068494
6351997
6174272
7680015
2469782
2425864
3884628
5406871
443766
7507358
6425499
6788283
8669727
3397860
5222755
8421986
8244357
7229691
4361819
3762633
3780083
6869178
4107959
5141126
8538018
1433517
5235523
2099527
2571500
4909139
6469541
2950708
5225675
879738
5130036
939510
5462573
7599269
6286134
4083149
2696139
2958670
5871516
3740175
9964450
2811816
3976483
9727746
2659157
131760
7149514
9122920
7146063
5665834
6455502
6765533
1673605
7056309
762628
7280026
8784144
2611738
976170
3960045
8288477
6412108
3430333
8475570
1643262
1032964
135268
9045636
3010601
9120175
3814240
9839502
8145551
2724302
115222
5570932
6692201
3798893
1984306
5685055
5042895
2992376
5968102
4630112
3431539
7414898
9083772
1863060
3201294
7878489
6185747
8108725
9264042
2302902
4312432
6165321
1977132
4522214
3721713
5600700
1489892
8906856
4340210
3893248
8182590
7068099
3990029
4898079
6334880
4621846
7161992
6849004
7856493
8509176
9007265
7190859
6673350
2268183
3385204
6086479
7990034
3232744
3253732
6240771
6949499
669308
4407721
5836931
6916732
2454078
5610116
7617525
7174543
1698429
8231435
9561474
3564080
1467571
8044349
656559
3897422
3914780
5242838
5512830
6092665
3375743
9994537
8939660
574176
6289921
3357394
81223
6833048
7155648
2672615
9549914
370851
3783359
311348
7297702
9927152
3445485
2472500
4511559
4555143
7236123
8423849
6224271
8519481
2691628
5053372
7352550
2475564
8357961
8331288
8390549
1266930
8424676
9247501
9867152
3695777
8255318
3007405
4429202
6675914
2393046
3761728
6569172
179875
6721976
5704665
1062875
6346730
3665162
9270631
8235125
5274149
4214213
1315074
3610946
9504196
4957741
8549638
9952378
9502827
1870943
5737741
2492848
4856919
265905
2644564
5777065
6007663
7138605
6021004
5146902
9649597
3578640
7347037
3799946
6724822
5409487
1646931
9631900
2061055
1757277
6810696
9319273
9578727
9227740
8250320
5704036
6366265
8399072
9757531
1286788
3450127
9428434
8920924
4138652
9130028
87530
3244005
7742031
6690956
9071346
9376668
9966968
2038328
7197246
7027177
1623355
904254
9063214
3818322
963931
4946569
1561560
792493
9216601
9660317
3779552
3400531
1664277
9652527
2082726
5997579
3445466
1849248
8077471
5883160
3570150
5251615
2267582
4693556
4335863
9024179
4818291
5268745
2935994
3831570
8851851
4645289
6173166
6542339
345334
1581222
2996664
8309739
303740
7450701
2508835
5161947
6252790
4506786
2411414
1745430
7070642
7976684
8950409
1953934
8181105
826695
9313192
3858973
3998215
4925212
5734862
3736619
6131092
4062724
1263512
2045367
3868966
7988906
655757
4822000
6841465
160810
5349538
2192346
1417330
968424
312612
849373
9951169
1278724
3479150
5676836
5068676
770469
8324423
5515705
2338115
3932044
9903234
9811470
1887411
7452903
597598
5777007
9636446
8969552
5130000
738626
2996906
445723
4718730
389318
294943
4329736
1085257
8764527
2549931
984217
1421460
3159231
3779703
7570712
6396758
4466618
6200848
8359889
6191143
101199
4127602
8005738
6589478
2809756
4655839
342744
973290
8190248
1403301
8192974
4044980
7988821
1802802
1553543
3965014
8079818
1176546
8988824
8464973
9027571
3352706
8363076
939795
7819593
1999150
454722
8993362
9046251
8192186
2880653
1016907
649342
8034321
4061491
4749758
2535510
1094625
2979115
9645822
7030199
1787569
5661162
4847830
1858179
4609913
5474546
8553530
9102515
9010293
3003977
142303
3526114
4909075
6897635
3983801
3598617
8494893
9035121
2796067
3631478
3367700
8069689
6726920
8616070
3445035
2717454
8012261
6445511
7304325
537028
9855027
4506714
4979157
7047357
2791648
2149285
3073293
7194219
5126382
5643581
2408524
2109466
4150589
8666593
4689916
6144022
3356209
1768603
7256290
7656507
7960201
765950
5660872
5225202
7165185
5054830
447505
6638407
9749404
2102097
469208
744514
4415704
1858687
6545267
2478066
5803796
4398153
5550217
5327162
8680256
7806390
3620214
1151279
2837221
243782
5162510
6363136
1634879
1029717
6265120
5874541
8578382
8031090
9818348
8666657
2967029
5219723
3177595
9857302
7712125
1862808
6353967
4561441
7233384
6914956
7937725
661321
6998195
9789142
2482664
4698896
1581522
6266206
7212108
2461773
9245898
2014002
7325512
481819
9256509
4907709
9892211
1337559
654159
8685652
1843144
9781174
958817
3007582
7380181
4780423
8703227
7571373
892473
3597436
8231400
7821050
1749536
4283361
7842697
5844859
847674
8902230
9961502
3202610
7444013
4985924
7768664
3265368
3354477
8261248
7642199
7173435
1456693
8915307
3945799
7940657
7843161
2711164
5116057
2126403
4462944
8185069
7101010
1880415
908121
8961125
9452459
2881952
6187754
8054309
7113314
1877599
7203719
2593812
8253411
3684716
5470762
1163123
1424125
7614454
8893882
7876307
3066353
5501843
6847896
9752792
8662967
5547855
5928524
390978
5182015
6415227
740521
5629423
901241
7545636
7671280
831962
7576297
4369247
9924745
6058962
4433183
6441663
8808487
4144748
9770075
7567523
4798849
4223971
8996604
8832543
383302
4771033
8440882
4479424
7302800
2918500
2268689
9897433
8442628
7467336
237194
1995878
4889817
8109754
813528
9949403
1032846
1961400
5656251
4317680
6274686
1058528
657166
5792396
8624487
5162485
6427241
8174907
7845
2752273
6361984
3064105
3059312
9216570
7970390
8248299
4567501
322193
7798670
6226608
8343769
5467094
9641913
393706
7733001
6044428
4703217
8674284
7022539
3634123
5871490
442199
7376842
7712416
3057368
4834297
5395350
7799107
4169892
563813
8138943
6873841
8978599
2275642
8718496
5343226
1181848
2843787
5895370
4356698
2393034
5694715
3931063
1597574
7176804
253933
3115292
5327965
6287130
8152254
8782536
7117578
175498
1305211
5419979
9054091
7091944
2807399
1489067
8017787
2286370
7673763
9092047
284839
8891574
5346684
8158316
2806782
5625526
312785
1511914
6883169
1913161
6217207
8756521
6273014
7185016
9285330
6953596
2516983
2160010
2411319
3846810
3756560
5926353
2938477
1838356
2794592
8806596
6257954
6888283
9286789
8584283
3440616
2793612
2212544
33880
8419931
1829372
7834306
5701749
1069978
1860783
7807434
8260345
7432863
5533550
5131274
6541025
995932
52287
4353239
2981674
4106402
6479008
8133372
5212046
2499004
287106
9648169
8335368
6946657
5475300
4956004
6505763
5298807
3103427
7829496
7156129
9538621
294718
4472909
2592043
123453
9946070
2268293
3904103
7505637
2647425
2153213
7715590
6511039
3865506
6386460
4908693
1246565
8717016
6222979
8309174
1013981
7592397
4842198
742729
5510155
191858
5386639
4058353
3517732
1730867
6880305
599169
2593326
1291754
387353
9018763
5398558
4585724
3722794
246245
5910578
7890944
6562521
503747
1506145
2891252
464164
9963306
8216373
2713234
36445
3390319
8273075
568676
5450007
1856397
7227616
9560791
7771871
4492371
3183295
8847261
93615
6208547
7037443
3389622
5641640
3855636
4761085
2789718
3794263
5478417
8699026
5088312
2080276
8520513
3532041
3381156
4763932
4624666
3066943
6068144
7858729
6202804
3835875
8251522
3860409
7640968
8056563
5925264
9885455
4514794
637126
6606278
7956491
3035281
3816240
9538195
4340208
2975801
5264847
2453571
6364092
7017499
4171527
9051835
3272848
252779
7553778
5909608
4277711
5975127
6803252
6852047
7989573
3188319
9377580
3682979
5735290
393323
3519733
7018745
8730078
4867117
8534811
5111283
9124985
7024630
3509717
6984445
8906063
2125482
9501339
9085847
1418609
5477704
2153159
5293400
6011985
317389
3222241
1100881
5666291
3874781
2811989
7097008
9605285
8129271
233205
820318
3233454
5321
6977804
2805958
6202860
4504738
5473990
4974961
7169381
5189884
3555879
809500
3733390
603530
4414861
2812604
1448089
9610786
6169646
662785
763160
8513669
3667474
8565582
4933893
7454194
4738035
883429
2851713
3586310
4694574
7067026
6561404
3790521
9040828
8119982
5540418
9846370
8275118
4248917
2333646
3220251
1549186
5647282
4542863
9001877
5829993
5950929
6188869
9709156
4479211
496390
690834
4745209
4993631
646700
9680694
3701650
5177510
7971329
7732003
5455842
2127420
9439258
2060305
7359774
1095823
7450827
5149172
5014918
9863125
7735775
3023568
3986660
2271613
8906169
9219633
8975535
4792993
9568360
1001494
3972182
1488192
4338018
2093845
236256
2426026
6749160
1975971
3802150
9559516
3037997
1758282
3313063
5478781
468933
3297331
5500882
8202937
4456471
3319394
148722
4673999
5844556
9106537
8428242
9957464
246626
6100886
7347122
9853823
4057268
8528724
2815691
7019141
3070873
4072056
4232735
3920377
9416984
3254459
1371117
3372362
6270066
2784247
1086818
2409142
8366823
5850142
2607611
3550956
9207404
3230089
2864213
2661918
8066846
5178191
6589377
4304861
1975018
9084027
8937035
6665379
9449276
4722651
6366130
8599787
3227557
7256864
2697712
4913910
9416734
2435238
5983332
2804089
7317765
3163371
4680640
3584944
6141948
3468145
2950172
4354933
4904545
5055450
511419
9312169
2563827
4427969
7858445
644782
8888997
485417
9982614
7031752
4107939
815974
9193852
7149353
4822492
2556301
2329930
6686186
9903998
4876048
6754851
8772379
96818
971508
6628297
1764284
6798778
4572708
75822
6243399
3599397
5131020
846636
5936003
7905556
3565110
6367644
2493292
9223130
6298939
2665583
3900959
2530461
4897709
3986559
6566553
983913
8214409
9140880
7673306
7725498
5221329
8774705
3423547
9777535
6323110
224995
7228564
9810977
4516441
6284186
7294810
2916916
2524049
8476375
3131074
4246354
1491062
283840
3472911
245278
3582552
6386337
468868
8899082
2268312
9300811
2909340
3285225
254725
3049958
9691616
3524270
353862
8291485
362662
3328893
3291099
1919128
4525932
9311135
6287390
972344
6644080
8722085
7043493
1965266
6641981
9682537
5708531
9589242
7361143
7321635
8541473
9506644
9515832
814885
5595241
6557964
2538816
5102604
6726377
3778892
3460437
839025
2788122
8605494
83237
9178996
2481506
7336381
6100186
4364756
1725286
3791925
2044536
3495174
2156472
5572670
9932569
8454412
3219067
443504
5202386
6477028
5017058
9339465
289210
1267906
5910134
2615613
6565200
4084320
6832484
1757591
4213840
4014293
1213609
1802292
7376361
1443220
3699818
8972046
2864643
7825079
6909234
1469233
3600551
5912042
3766845
1964580
3539205
436295
631384
1030310
2541516
3260981
6714512
9916199
9789421
3077770
258768
84892
7567556
2346370
2376147
6787349
3743352
7354312
6481448
6914689
4882544
9749655
5335707
1115576
2750229
510418
2117980
5855224
9600270
2419830
5895902
5529525
6342236
2612869
5777941
7340470
5684765
9968562
1818867
4662486
3638234
5990991
8891175
5182692
6918202
8919399
1493218
2884894
2655402
7700043
6163956
2989302
1320784
7147570
1479925
1075043
5012729
7920730
8283687
1915458
100478
5466954
590310
6781975
7783980
4467068
9618666
1170067
2837459
106217
3446996
7766507
545960
8861041
4511780
8393183
514106
1152028
7157837
9910924
5256052
312851
1941967
3398644
6371264
4069796
6908298
4784166
2243665
3080730
2473445
5063856
2111167
519089
8128811
4228642
3606307
4398737
7706388
3746303
9653456
2090312
7876720
3320416
6045159
8186066
3254210
6401884
5094591
4917818
6279737
5664528
4885887
3709954
9734144
3780190
7055961
3441234
2913442
8741169
4151739
1360193
2994513
5416477
1027029
4962543
3950567
433217
7891768
7755039
266964
3294763
9908182
5882020
4300169
832151
9945383
7996024
3821906
2500963
4719756
2131603
18784
8642667
7072434
5370925
1511274
7481819
6649349
3712178
5100412
8091009
1895449
3547044
5373645
5813218
9319349
877915
6074095
6582451
806198
7556780
4445949
2273175
9586267
8343882
6195247
1049347
814337
5142576
696901
2185193
4363070
6848469
6339644
4474171
580287
5008927
320192
4930166
1137211
4620951
4632511
8902182
8563599
6370490
9558500
2966020
2099651
2687653
9121671
445197
7585319
9811041
639008
46221
5498087
5893277
1211257
6139302
9612613
6991744
9923823
6133211
473520
1853605
715988
8345828
5305440
5098395
3343810
5447002
328509
9273067
596278
7058077
7312351
2788399
5134795
861295
4799320
8410047
799390
8854089
9123483
9333790
8939569
1235961
5453523
9553885
7674929
7580046
8743730
1039769
400393
1451901
451744
1456106
3819225
1237132
1117165
6890462
2009258
6967577
7263323
6573817
8549875
9926620
4443223
1941514
3355679
9815480
521833
3220124
7526969
7063708
8925849
9219224
976898
5929581
3840201
3046917
9044810
5422484
5367586
6885477
1334037
5758320
4899921
9438711
5282735
1057536
993005
1674011
9967277
8431157
8909571
5209809
1471032
7805751
1968599
5910229
473077
3646414
8645831
1591860
8139969
9241650
1420738
6318158
4317100
458420
4979660
4326436
1134620
7587251
8390823
2410868
4315008
3900479
6770224
600490
3331138
6663317
9776798
7892730
2722708
1974192
1081340
5641654
9120731
8739654
6125500
2773228
6903333
4613546
1504991
6820019
999570
568020
8989558
5340602
3848184
1022292
7020065
6973537
2887322
6837222
4554179
4147374
3906339
2622768
5456202
2201791
2481820
8905259
8254805
7225820
213729
5772160
2101732
6635132
1620328
7969473
5113696
7555256
2606959
6051753
1404697
1527499
8572255
7956882
1352340
6208002
2111222
9583402
1488786
4417675
7287149
1664288
8118946
1908325
7530399
8551358
4129508
5755759
7939935
6511101
4657371
8395125
9309719
5999801
793552
9837988
3457788
920136
326296
1404176
905159
3443036
3797014
7128079
3288892
7010080
3714304
5376928
712253
8582119
300227
73578
8183988
3508101
2370125
2209
4601779
6243069
7425089
9634236
6289988
6318614
417628
6355457
5718042
1541612
1479398
2010907
5493268
4945020
4035353
1010882
8870338
9083690
511319
7579850
8180791
4123211
7016234
1075779
912866
4550203
4913189
3118830
5446025
6851592
9551616
3743157
2186367
4190694
7772766
1669862
4356969
8037411
6116301
5540008
5404485
3761767
6965944
2711483
1557357
3802004
4887533
5763187
2811239
7165979
1437188
6578893
7785173
1468838
8252966
5556857
6101192
8947537
8628310
9699616
2378611
6057903
9093289
1120101
5111146
993942
8550698
4525230
4843217
1436028
8300929
8899592
9086552
6522473
3640333
2015245
2779775
2709502
5373456
4096980
1633303
913872
6905029
3019646
1528103
7334063
6623056
8046216
4732116
8745502
4404890
5756513
5620218
8003967
6525903
9022030
7690108
8686267
8900468
7087683
3349395
7852499
9482465
6770190
5651934
9756640
1075079
5469974
9413062
1859793
5058156
8149785
4599717
8229612
6234678
6328426
6631664
1365891
4602377
8678598
4720438
7427423
9856442
9215074
280289
1206774
7912432
1450898
293006
744267
8810611
2530565
6780704
505819
3139248
5795675
4470190
7147319
3335253
4441780
3762234
257435
3338453
3531154
5480229
9824076
78441
5076875
6441535
2951340
153076
5342114
6386489
9202852
1590596
2765279
6433392
5246004
496493
1560384
8942878
1306413
7622664
7325727
4159857
378697
5995015
4321810
2010880
1400399
629098
8890374
3736446
8778725
7060265
9173928
3209587
637847
9585227
5152199
6197922
2068311
3667357
9997721
6405624
6214308
2980797
4075937
5443355
9902598
558540
898077
5412791
4295231
5325658
3881993
7447921
1184650
3080897
5798654
7961047
6189088
6733496
5829344
3264116
4639563
434698
4490492
9397726
4363051
2565192
7607273
8542195
5299457
2875827
7366015
2284316
7497542
1370111
8852125
1778694
3120737
8211515
5367369
7223452
8042622
5210656
1790030
3482005
7096895
5318862
7739016
2592400
9265918
7037165
6491829
7816983
3782406
3675841
2513658
9557483
2703386
9051096
6905650
6810697
1424103
8350207
50765
5980966
6012584
1107945
5902326
4709637
4701159
3958091
6278718
4107569
341552
538932
9678786
9767729
7346634
7398154
5547791
3353443
3619404
9693269
1588400
4997290
5991867
3445981
7282854
9653135
9503904
9229558
9843902
1019440
8652893
4865863
4242010
302798
1600618
3167371
8951438
9593242
478402
8500908
6490546
4958146
4147769
1567750
4240661
2549228
9890334
6249535
7567261
2977127
8630383
7451944
2158948
6203848
1589467
8259584
1617323
351466
2980109
274496
8953833
3372190
3331421
8879515
5091880
5312157
2331456
3240721
7886143
1850519
2199640
351625
9083844
3744439
1349603
5158713
5801341
9199856
1276630
8839313
9205740
5620968
7772268
5761409
3568941
2542241
2068079
2515893
4383753
6595197
9969862
6895247
7546896
6971496
3485211
4973044
1599229
5231351
2730889
9531979
3049587
4026065
8112040
7681503
5505526
1997155
3365359
7815817
5837576
8475277
5695293
8609950
99978
8060335
2489799
1051022
3341486
8992466
9813094
6351958
7682505
6086288
1625476
5475167
8845134
2206999
6967238
1005631
1820748
8697627
2554259
4859946
2792018
5147744
2866114
1742162
227196
6712008
4419020
7088159
1075467
6792632
6856815
3669559
7954737
3832172
9606408
3389113
4731315
9102510
4777963
2489589
7890488
2063645
3682686
6272302
7973425
572859
5589266
2321155
7871266
370297
248819
5508515
1058870
280320
5790927
7096328
6117117
6576671
6025051
1289201
3966117
189921
4740334
7745343
9710830
8312264
7491831
3314537
7808063
9412337
1792878
5796726
6023116
6147397
6547831
8242181
7988889
3367985
4085072
1471215
9119008
1327547
8642606
2511661
7492828
4972809
3746174
5214166
27836
6153013
8472764
6922488
2984061
8577210
407080
2464366
6650538
5616415
219476
4245066
6532574
4690403
7728646
1871790
4448528
7869162
1148533
9661471
5785245
8896976
2354383
2173270
330061
3237455
7515190
9017995
9613704
3337634
4906921
9447254
5029832
1876207
3405193
4561569
9581151
3195342
1613041
4426981
2716167
5222567
4975416
3067074
4382779
2910987
4437933
447917
9797799
6761659
3879288
4359188
6919770
8850705
6868305
527519
8764831
1869536
1892508
5764961
1583548
2707067
1147662
3587339
5704209
3589720
4652712
87306
2566008
4995845
6415899
4537410
7462809
501023
3115935
789825
397027
7580398
468433
8279982
9128088
8477082
6884104
975463
5307661
1098451
9431548
6915538
5832752
2079612
9504253
511033
3008041
7399012
643065
2472692
4754585
857020
146180
3901769
3832294
7355701
7598298
9098110
6799542
518726
2298422
6492974
7168098
2285996
8344009
6081319
2429503
8775386
9749738
1323532
9338170
2438845
7370350
7885099
8624522
6900755
7784366
4139948
1558054
3653922
2203942
8946115
8547470
5494434
2031271
2513986
1259682
9142407
5900650
8111952
9104468
3746737
8214146
9707138
1561279
7346708
5616260
8535634
7911093
1139926
3265751
4868499
4751784
8310441
2712986
9196456
848508
395610
3353876
2099743
7281080
676080
4890699
6295890
2828592
6466946
2774971
572503
6941561
2732445
3455131
401583
868214
5456598
6796904
3147253
9909314
591984
5635242
871069
1552524
431484
4967495
8606199
6516376
6239014
9238252
5223865
3413253
7351006
6092246
3298600
8037919
6679684
6450604
8857084
6065751
4071715
4722097
5338924
1507903
8931602
1834129
9625437
2653873
4643741
8842193
6941580
4146944
2257893
6982316
9776965
6162265
5020557
2374861
5947610
700301
5083029
6632760
4164964
3390464
8205850
5610828
4812622
9785347
9398772
9971588
965478
3227136
2324371
8158990
9982374
6831169
6887618
8226211
3050427
961601
6371437
8391536
4421245
1569959
7092091
9963572
7129448
1541459
116127
4937747
1391249
1867093
3379799
3186867
9016705
5156968
8714841
8851368
9197077
8106011
9312090
5625128
5160104
9931241
8736550
8815688
7292142
2714468
7039597
2809343
8468643
3046386
2723372
9311444
8415016
1375388
7915761
9357736
417406
688251
1967817
9432126
1764920
904072
4534226
1512610
3067592
3843380
7109291
8941462
1091286
193074
1968248
5368351
2481600
1266606
3631725
9172661
5084297
8863193
5509534
3218548
5812983
3274125
4784787
4270388
4674442
8176670
1922329
8954468
6149709
4716696
6048727
3964647
1213192
2427320
1563569
8687569
8495703
8030307
4722999
3202344
2486494
7201813
9825263
2501049
5717989
8701411
2009961
9494326
4655072
2820067
9673973
1430589
3415080
3326885
7334814
1179943
9443406
9655328
2399845
5060435
6550219
7518895
6740379
9205133
1476164
334409
5804621
389795
9839518
3029670
6445921
3941653
5659870
756298
5464476
7624955
2974009
789866
7390864
8127360
9630511
3174664
6086137
1077907
1131719
4506075
9488832
8934402
2682315
8190242
5708112
683209
2999250
9116313
4485550
8812759
8836647
9524987
4577838
3659536
8877715
2822214
784261
4721500
8066250
1069156
3125772
4320523
180852
2826469
5428987
3298542
7227281
4439909
8684051
8068213
9365265
6624250
6940838
8076506
1866775
2296967
6394165
6814902
1545618
8287700
579339
5396522
7943306
5526564
7543372
2203760
6358950
5432355
5341728
4190005
2148901
2353917
2896841
7957432
9019716
507064
2082536
5789255
9433939
7469228
6460290
5962401
6694393
7765695
5897982
7019028
7433248
4276445
1631324
4590241
7119306
6553571
7992033
4074802
1750741
4372503
3848671
1426250
3561923
6697383
3215366
3465989
1043194
5761564
3702767
3586104
4815553
8852653
3380110
5826704
1292846
2119063
5462023
3135056
1637046
7819988
4083572
9118486
9169033
7706987
584090
632764
798935
1762414
5753632
8419475
6247980
594193
4035431
1018360
9788302
3778585
8625586
7902216
440429
9832960
8527829
6330839
5901901
5147078
8322785
4954189
3049748
6268014
13516
955843
9790174
4311877
3892833
9368188
6132526
3654084
4375384
5982565
2287417
9759561
4209238
1961743
2649847
975212
8556763
8512375
9908223
6181679
251719
159346
5545388
7120603
2378434
9863610
1406466
9933018
9919176
4154266
3520158
1143376
3091834
3429514
7457612
6984604
4109521
7481305
281768
8535936
1945292
6386591
3258793
1036797
2618284
3997044
6234249
8978048
9759836
9278490
6542998
6713654
5488584
4954466
4916980
6576031
3575711
3070236
2471335
535926
4119719
6049333
9223764
2254224
6895837
8390554
8479424
3709164
3970721
606645
1075580
8627088
4365168
4377288
9452536
2609610
9746241
3017272
2829306
8285702
8559574
1099422
8499360
6273133
1495811
3574359
9622729
9746178
4819835
8459144
2993293
9468036
1398289
3689019
7302540
4843972
2383036
1134222
6298051
7003437
833864
4842674
7656936
4089581
3251038
3802287
4810366
4668168
8838418
87809
7936984
2895948
3013514
687948
1127269
8223391
7831493
8304376
5668198
6663059
1873080
7888133
8577127
6836160
3232318
3204883
5566948
8043703
9901429
5448105
3114783
1752601
6748929
5732669
7593613
6817506
7928652
1526512
9860408
217413
9901632
1299763
9432985
7618832
7651170
3458482
9148533
4746990
8104974
1405589
9707945
768022
120893
2566563
5632648
7506253
8373324
7186032
4813096
1702362
9278652
9523622
2868672
8433575
4993606
4943049
2292224
4576908
8736253
3516083
684757
3572740
4666512
1181194
9318227
7271094
3526467
947345
1135400
2444869
3751208
7770823
3973124
446763
9889053
8135630
5491187
1729427
6282994
3414943
8282357
6470122
9934897
6872775
9522669
9727872
1959293
3087649
5123021
6330533
5558739
2192899
6543141
3730867
9222996
7965696
8795470
5311724
9083347
5788709
6325179
4505796
7561571
9466050
2095910
7367005
760031
5150149
2615068
4626479
456981
270054
8217701
4272552
2862396
1275495
6270918
2945431
4418261
7967812
8050029
2692476
4057777
7273234
2361017
3107360
5994144
8494150
2514151
7902904
3895057
1574851
6087493
3538395
3858033
3666702
3091230
4890969
2755825
6119594
9164121
3100334
9839024
3041146
1532010
6652928
8496950
4115225
2778954
2529355
5902681
8056583
2248438
4350417
8837731
6970828
3838897
1229150
4074923
6021543
9151083
2290881
8204974
7468679
4789426
8437788
2544573
4593537
9250521
9283339
8548691
8482756
4109823
1093166
8239300
7064688
2511985
6913899
3365681
650416
1467640
7346128
4612428
5242101
2319217
3960084
7847857
9907880
1780599
2984562
2945302
4516119
7010229
7604613
2255572
4116508
103131
9384150
2619313
8964963
6442262
442325
3406869
4567592
7217374
7081124
6606288
1565744
3038064
3674277
4254244
9816757
1764311
4423792
8940119
3987793
1728069
1698591
9334297
3716723
5755081
3538719
8834945
2417515
6928058
6417925
5034020
3303566
590475
2850403
9838274
2623213
7623322
3693459
2258865
3170083
9009972
3569065
8343014
269533
8352338
9601205
3081744
3352445
3425398
6440364
6251760
166670
3571141
1333565
6143754
9238930
8452506
4214466
7585860
4276751
7789101
8676660
5728244
8326249
2900416
8491757
121745
6554854
4255910
6181522
8041680
4067697
8931228
6211248
7875312
6800167
273791
936665
1846511
4214726
8343913
2496511
2058809
3557481
8942515
8434231
6647918
2833789
715875
3550126
6324648
8258411
183230
269886
1286277
5418247
8057485
2087204
9877544
8492516
7041736
9182019
8726584
7783190
3441068
8176637
9449613
4463519
9819825
7389692
2626341
4339995
4067476
289871
8675557
6192145
4091826
7200327
7462620
6984464
4235928
1943701
1907975
7145693
6132629
2904651
5781305
8008582
7075918
1416248
2116065
3265690
6392790
2716510
5866946
2171359
2146755
5262910
135540
24719
7364932
3084829
7999474
2278589
1608205
9159323
1205773
3906788
9853350
3595487
9696867
9887503
6579197
8073678
8487620
3549416
1484404
9730843
5299949
4817111
7353587
1401312
7825870
490127
5857458
9691893
1838469
6196047
2543863
2414344
3086204
5428432
708445
5075078
6825831
866428
2512490
1205020
7816490
7638690
5535268
9248238
7369117
6225745
5439360
3873215
2196157
4455570
7656415
262946
5367258
9580726
8166609
6294102
3565696
6081918
6275090
5943320
2314752
2751217
1266208
6883259
9110898
8090280
6453155
7063131
7852492
4404579
705014
1822345
8491135
1597746
7008331
480095
6916865
5593287
5911829
2974931
1820969
8949304
6337260
178867
319190
1975792
7680891
2498949
8908408
2401082
8765109
152989
2870481
732359
592284
4854400
5176642
5128146
4108228
7044116
114814
2288796
2709088
3311323
3315605
6706113
1357721
8091508
1090572
7745780
802804
7744032
8872638
6773171
9465674
2035078
7278711
9992974
1950997
6460721
8358098
5077289
4683483
6060989
1726438
4644528
6690974
527712
9898468
4149350
5447075
1674467
3436705
5399754
9200402
7114895
1467683
1941986
6377017
9468892
4865487
6393596
7007122
406726
6039470
6781367
9275981
5899152
5042327
7242505
9995927
4660271
8944133
9173022
2887798
7205176
8675968
2858599
8893441
7067789
4068750
7198722
3945344
886731
9675467
218190
8641081
875817
9281301
9679726
2286146
1126288
110233
5787165
1772983
1717642
7059064
140488
130486
9291969
1887879
2280642
8798698
1976736
715492
3561751
7103822
4251090
1177904
3645597
1981207
3123435
9646739
4029096
4652892
7762709
7653540
5136047
1743587
3481917
5986345
1670841
8096562
871865
3767287
2651121
5537410
2579007
6057200
9553497
5825544
8243650
4229710
6410376
7342050
2860654
84498
7880192
5964105
4089333
2750913
3694075
8106077
2398595
2277981
2451129
9875713
2072932
3458481
8328449
5350498
7412158
9363485
904118
3900967
1721084
3027734
7786771
7662616
2597337
595845
390075
3201444
6311909
5658340
9886579
9515623
4157700
2587846
7606784
6194463
8953575
2257794
3912092
8671085
4761516
946660
6724443
1417066
7107738
4285866
4625019
5279088
3635605
9728465
5346795
9978213
3305277
5763300
4161903
2650707
6055037
348987
1389030
2970394
4877006
6551624
184969
2084312
7718827
3133919
9244674
5758384
8828257
6738822
2437001
813479
5885646
7326168
3444278
806284
3899944
5342958
3945545
382217
7988721
6264860
3241646
7973022
439288
537872
454699
4325281
3059486
404098
5014646
6941252
6192829
6719432
6043738
8565189
3296667
2562544
9962647
5437339
6191777
3196156
6681853
3843203
8246756
5701383
8522347
9012328
7322372
8662964
1174669
8190892
4581605
948080
6455899
5113708
3807148
5761769
5644831
6662684
4706222
556731
3266376
5216158
9694400
7027295
8468305
6881833
7092382
5209358
2019740
8109531
6822828
3898396
718445
7518851
3423060
2864311
4853304
4642924
5420248
2520869
3915510
9885486
1632971
9464224
2773130
2939282
3208138
3954070
9102785
1034611
9644382
7967888
7221889
7011301
916496
9488017
7656354
6532837
1751500
8924678
9187800
1034933
9087452
8865901
5342040
3501950
5682155
7109450
1216701
370689
8505054
8296434
317093
6869125
6418032
7017680
7161065
9742522
7194686
9189253
1267133
6260307
2577595
2989060
3927594
2058798
3641804
7159201
4824977
9917976
5384427
7826878
5342704
5042697
379010
2796057
4983770
7137794
3374233
7831544
5546491
7407984
529481
3435820
9956495
3975540
2022070
5908692
7613456
5234893
1539417
6086428
7223907
100395
3870304
7338777
1059170
6630484
8843969
813175
3521145
6317224
1996683
8952294
1501645
6147265
137995
8076350
4652740
2686345
6128641
5542104
315493
6096226
7877497
8678122
7135405
624609
3557684
8946165
3090257
109358
845179
6286788
9079847
6288239
2372593
658357
8156320
410272
5577144
6813842
5866060
4505137
9003062
2887899
3571912
1301728
2774299
438332
3240946
3111882
632181
8477
3723724
40176
949160
6372818
6416745
1590199
9254186
9350900
1277489
1640104
2860146
1529523
5358368
1299093
6358325
6272713
1312583
7511036
1139707
3968642
8247278
9233870
1535479
5317814
3117763
5107109
1553393
6394025
6966039
5520525
5524900
3329319
8187803
6008694
4662669
2105621
5455461
1812022
8121887
1913522
2995316
1394089
472483
6484981
1218876
1100098
3173931
306916
4184113
491894
9865208
6412049
4112418
7938043
8084170
1350397
457438
5418151
4802290
7002694
2916370
164973
8179020
9769320
5193528
4385862
3718450
3589975
3842713
1957261
5242511
2092338
8395213
2694638
9747140
8651419
2761948
2846770
1352815
828554
6429639
2154915
7164685
3600497
7736616
7636244
566034
2395761
4580473
210077
62410
786051
5376723
3137990
5999688
4209255
8409732
4773528
2181079
3953359
3295726
2837385
5820118
9874994
8913727
2581943
3020493
1919249
5254319
6373061
5818582
5343321
3143727
5052766
5387775
6683555
1081953
4243652
5950285
651351
4580190
4464964
3610054
5084309
1671827
8525506
9730821
7514383
5971643
3865197
2544204
2272099
3443375
2639898
7607973
2004578
8642499
7366197
2769576
1379436
4818361
3931744
8322018
7402643
48662
9050727
3943697
725897
1367232
6404836
4704967
33063
9500409
130863
2858978
2673367
6743336
3446579
1031313
9484210
5098334
387627
2140093
9958032
6144218
9953459
7019099
474473
8706460
5914087
4751113
1482271
2151250
1998250
2388351
5889656
5026217
6442018
771311
5346465
3919698
6790814
3186679
5569826
9830002
8417486
4388627
4318557
5926269
1720229
9260226
4206638
5209822
9788534
6047717
4929998
6545177
5484339
8433214
8245619
7022914
5116543
3844029
5452608
8125170
8347104
39467
9218326
2106466
6433325
4360289
4596696
5040392
3093745
8558746
7466854
7690051
436806
2135309
4966515
5096071
9132857
9026048
6826327
8885305
9356334
9974113
2024156
9117712
7986373
1605613
8885056
6445878
9154505
5681106
6251909
8267928
4271824
2500566
674013
3388480
8037924
13584
5040209
7719746
156540
4580484
1612610
6832314
2185878
6575795
7950463
7689700
6734370
1654751
7363119
8118655
2018163
4713602
992162
7179716
8868120
6104106
6220846
1932235
5366983
8295378
7770063
4161311
3082398
1247717
1906032
9116513
2128932
293529
8990046
2154613
7829099
5118298
5486110
3001391
5191486
6808569
3129069
9471919
1569275
713978
4507685
8077702
8354970
6283844
2780883
3315677
8893479
5915105
7734282
8428921
2084575
7598358
8478683
9828395
6763590
5112249
5907675
1055255
2896015
2622158
8515737
7886764
6073659
7834610
6687406
7622473
5425573
9349525
82144
3917334
2724266
3302964
2367551
9305620
265395
1601948
1589406
742715
7371441
2742681
9995262
7780971
6386769
7557183
3685717
1877016
2812794
1892863
8204916
7750420
5689568
2094412
2413723
1249918
8597587
3819604
2774980
5762912
5944445
7741332
5743017
9967416
5323428
9339946
2022905
9673702
4499791
3041853
6933340
6689469
6393581
5238511
7736933
7442053
3932029
6900633
3465120
142002
3816250
4687532
9395873
960201
8137987
4804326
5524632
1113845
5902373
9569187
5372829
2751101
4526807
3382428
2420959
4177106
9761134
5693296
1795294
767790
2005122
9385653
9452278
7629898
9019250
1391488
7114675
8247594
7045137
9561821
1803376
3081512
5254296
7705676
9837554
9655389
3786559
8464566
7748649
5965202
69298
6372790
7075610
9429197
4520669
9771571
6509934
2825079
468133
158816
7131699
2339935
6853327
6801504
9156402
1627200
2511266
2864075
2543213
4922846
8204156
5085079
7152807
2984660
4426079
2554828
7418772
952459
8771924
6599632
2439820
4428666
2000940
450911
2948759
1247014
3532309
6724719
7243784
7811088
3897013
8833629
3565758
8162256
2420396
8919170
4039117
8720103
6521079
9889968
3326203
3848557
9343940
3355923
2310886
2393806
299452
4103768
8065220
2467326
8276059
5520307
7080754
8418761
2626073
9815903
4733929
6609072
9355578
6981043
3412266
4288725
7880524
7997326
34037
598006
2375799
7295984
9023350
653863
6421308
3858835
75511
4387817
6558848
7910640
5358936
9815658
3502183
3131101
7471745
7410737
1628256
8809830
3013901
2196082
2499925
6175096
416310
2490498
6359658
6688216
2094112
3445338
9996424
8700863
2434196
4806744
4982166
8748415
9729619
1975680
6479097
1691203
8148428
4801812
7657232
2144057
1908170
2773409
9315425
5186769
5268486
7326745
9326336
7231277
8622558
1189020
6777404
4483193
4060375
9131831
487362
681048
6738085
2449401
2412608
3994092
1960218
4216725
1735855
9068139
3974032
5253747
3636537
5358389
4947689
9379344
6811533
8823989
5787215
3154762
2582539
3989800
3124321
1360534
6179970
1349313
7516305
9648268
3739359
8819051
6368005
173725
9833997
3121304
385274
5169672
4355798
6419617
5592455
4745855
1161271
4691314
6063881
8245748
2886679
9101019
2957413
414195
1011652
7457850
9099772
9509388
7915840
2174907
2330065
4608093
4238018
1830418
6565034
3470430
7978953
1866254
5438685
3354857
6955374
9790723
2725473
8496826
7694609
5309540
9090496
3468343
7257468
9813320
4627724
4320059
5773966
2839608
4903553
754622
3250320
4654498
9585368
6162435
4556255
5396343
1947756
4829521
9609059
3391721
4932653
8470462
297743
3169580
1057197
6045595
5776741
5672332
9447915
4948040
6679969
8839530
8754691
9986581
9172798
7270492
8202792
9802113
2483399
1387808
1688425
6557484
9470884
124958
8590786
4886917
5580317
8953071
591418
4720018
3517114
3056390
9182573
6923762
4426360
2427678
5107994
9520352
8014263
2791357
8628072
3988029
8298801
5541941
5682406
5272285
7299566
13620
7154572
3212281
7334783
9379772
8709283
2110736
6117693
7456740
60252
5045577
7456111
8391434
1857011
4877076
1869706
2166224
7798510
3245110
442843
8237838
3767064
5144787
1707928
7406977
7437010
6214141
6557836
1530295
2742289
2498038
2902461
2599656
445124
5752363
2808956
8663015
2161610
6494474
7093001
4610042
1237057
7867309
5977917
3416238
1041996
7547259
8210479
9789043
1413471
7286531
8929782
7043356
4240115
4751163
7489068
3478554
4729687
7955002
6553473
8393785
8567334
7616110
1286639
3085827
9148378
1280497
2120727
9807303
916996
759757
2425706
4626478
8492044
1078557
3754533
332313
8281546
8922720
3367900
3117842
8449283
6796839
2930090
3687514
9393452
3774722
6457831
3881132
6804658
2836597
8515563
9596081
945440
5837628
1896655
1888671
2609969
1335031
7132418
2433734
8415955
2614810
1285687
5385633
3018
7778104
1158185
375145
4492512
1789776
4725551
9884444
529407
910260
4685917
2797486
7436796
8781267
3951672
1454060
9468776
3746913
1299454
3057260
1860826
2342987
7283260
9694162
401578
7025756
3249355
5611977
5102730
891746
2814514
9453591
8964664
3556383
6794933
7308408
987697
7181842
5861475
6818738
7817819
9145734
6601839
2516584
7656430
4086769
5407079
1061341
6298156
1229487
1869686
1395020
650599
8287632
7847855
3611493
8738018
9092818
5816654
573717
5111580
2202543
8449496
2745605
736187
6403857
6744325
8039321
3038854
3499180
7410806
7947771
7011557
3378799
9496220
1565409
4067587
2810059
5366585
4736007
6639639
8852906
3825207
3650591
5246161
6795705
8065282
2319957
3583956
5619987
7328913
1965976
2185579
3952215
4529726
4756267
501480
1402481
2670411
8394989
7081246
8984103
217490
6778429
8025178
8970155
8796128
4351878
1625599
2016937
2592865
4656020
4337910
606432
9992017
4788728
6156715
7099929
2244810
7384556
7291032
6687116
3962201
8274827
1532399
2862313
2408121
8755642
3562070
1683082
6730752
5802318
6083789
1675311
9396134
7032494
7865041
3513849
8045213
9249399
9718036
7866294
297738
7029196
8036079
3920195
5785488
7840184
9973639
8675620
1044729
9506010
8207909
7462151
2285198
8951855
6908814
7215029
4908319
2825731
4103211
9797145
6653623
9734044
2542946
3352866
1328104
3637458
2377065
3287868
7189587
7669963
9104925
7530192
3794541
5630728
5392170
4284409
9220193
3314184
2387159
2419636
2743908
6195371
5995356
88471
3107363
7568736
4266861
9960417
9147431
597721
8709877
4384788
4624360
2085203
6631973
6030431
2658255
4072799
3553583
4986034
774076
2361912
6212043
6142899
1746500
3465820
2756949
4774931
1823528
1753051
3095671
4543277
393825
4281237
9307239
2080551
3693353
2939977
3038772
6483102
7850811
8871875
2099019
8643331
2495359
1007830
6710222
6467652
5864831
904947
9433221
3197039
5498322
3058379
9113696
6002035
5773258
9298026
9852467
7529491
1648904
8874650
6298483
6788895
4486519
5905912
544689
4158474
9861982
7507753
7337176
3041175
2697440
5890669
821462
7693475
7242027
3453909
5031513
8856318
8125772
9094134
9378041
1254483
9486467
1781706
8328649
9621459
2474384
4731035
2482977
4748802
2290218
4950225
5728906
9178614
9480429
3676293
3684301
4164500
1917665
9735110
5763785
7604196
2359271
2378641
8710933
3487606
2541278
4970921
1695379
3776047
1461901
6852625
3475055
8076970
8348130
2861205
5623684
2601522
5364049
5329117
8311522
4931921
5582163
9795742
3290991
4089070
516589
9057634
2569442
9884636
1829923
11782
3433797
923100
6432278
8815730
1654571
7520241
8964307
1734687
1436089
4634888
9033812
6896409
5182001
7534218
4503743
102478
8934251
1833927
6941991
6359863
5412816
9839345
4811151
8399548
4930876
3942186
4831001
7382335
7270526
8818429
5365562
9393323
9352025
3291388
5863925
7216450
1245140
5192882
4227296
946612
5738182
4247562
9449888
1615646
7052164
3576287
2285811
3384587
8954837
2359038
9869765
8490610
3903312
3654667
8552361
9572882
490546
7422685
6924554
3029969
3282789
6545519
2461248
8162276
9035923
8601422
9929726
1475333
9535716
3517061
4348521
9334903
589194
5534067
4302340
683653
1790372
347964
9757073
1165433
9918836
1173409
5896017
6395733
8352574
9065515
4433412
6217124
3099632
4299537
6026861
8388374
3751448
1678974
8385390
8273552
1934400
4341695
3513732
6617612
9739333
817978
8206063
1346277
7253333
2528001
9432949
2256429
7209205
3038915
2440636
2291255
2320503
4264407
4958734
4104930
9578060
6533939
1507582
9015551
4149234
8675271
403749
8033333
5750853
915005
4527805
2347715
8669358
7950735
6361680
4471805
1935302
4095014
5966715
860998
7237614
2992226
1594664
8850404
5069179
6630819
3234482
8803904
2724976
7719508
108206
1782767
8227711
1250668
2530285
2438165
8897469
8249115
3635493
8170652
8444951
8029617
2767979
5148775
105449
454895
9046968
7448030
3339340
6075308
7530438
3140914
7600957
6004434
8125286
7874667
744284
3052947
8504369
8164359
2753715
7613983
5304297
6892687
1823375
9198939
2830145
8233824
4180044
2344453
4529100
2444934
1915313
6683632
164492
7889166
7476766
2390741
3951792
7868630
3195759
8347843
2209981
6729442
6747331
748459
9497189
5291029
5969701
5372850
7240101
3006617
7011587
503102
2282301
4529236
475084
1845516
5704306
8285149
6420933
636731
2322387
2788466
7253755
5402615
2504814
94635
6752844
7309869
4367423
5450151
5917510
5546163
6355021
6833134
2472997
6894923
3643984
7969103
4612419
3785149
289407
7672348
4404289
8322714
1612250
9495740
3598837
5645143
6589553
5522612
3814456
211356
5953873
667775
6925176
1907340
7418105
2444783
6186443
5699071
9938101
4027432
1725677
9686961
6385332
5184347
7377952
9109753
7080553
3077915
8553014
7084699
9160987
5138733
9765529
4989781
7252665
5126198
7591802
5439713
6754357
1304494
3850225
9050697
2388522
5723856
6343532
4222838
53707
6635817
8709026
7372065
7436372
8753294
4657901
5061373
9205735
9871681
1066284
1318744
6156987
492164
9116837
1569855
9583649
4892870
7491885
2192219
7997828
2674106
5955014
3070367
502405
8088468
3996396
6695524
1926244
4662581
2703405
9610181
1175795
5685361
3492267
1931735
4039818
4841210
6537568
6960250
6285321
2040708
7230650
504857
8955945
9688661
6687192
9314590
4636032
630496
9011552
5660544
6499561
2091586
3277273
774476
1831844
2274159
8536476
5060767
8675031
5515950
633877
6892356
2714347
5874481
5835533
6676843
2870655
4224693
4314208
7341042
4023178
4100458
8780206
3830025
2115220
1973517
669853
6665971
504381
9672897
6439330
6616341
3786138
3588287
7895330
2708028
2500958
2176177
4016370
2325916
2686469
2692
7825212
6091046
2784611
9352935
4408821
9099233
8564518
3574031
9243672
7136672
8263970
4210811
7079944
6905415
7345243
7945975
6198055
6848629
1614205
5979560
4221152
3732892
204653
6156242
4507928
5779134
9548096
8303033
6062674
6601800
3811145
9885380
6460503
191669
484812
8194175
8842291
1777806
1530046
7666518
3364821
3306760
6770556
4496935
4054077
1653085
3136616
7886508
6050467
1982588
7590623
8918891
9255979
4816056
9782628
1489656
5447685
2619058
158975
6238929
6731226
4402253
5106448
8943577
8979170
7544177
2471792
3908117
6077418
1108109
4615849
6293797
2875415
1296151
8995740
9928539
3362212
888223
1169572
7562729
2605992
2189460
8233266
3798561
3275192
7366996
7268570
7547524
6516264
3355098
2807171
1584951
3766732
9237739
9591351
9001176
8300062
5837695
8079353
9327564
7146535
6578004
7781630
1902603
9393080
7093880
820010
1132188
2610890
9724239
1790608
2650142
2494410
7021935
8704968
9786088
3105492
9498395
1126464
4924221
5689914
1905030
2383122
9543104
8416778
2253233
9885532
8243067
2016274
6348142
3785778
690190
5705516
214716
963238
789383
6204901
7627489
8012268
1991788
3634955
5229959
2038611
4948628
304210
5033896
5303013
5324969
7438689
9048281
523997
6400975
3805223
3589885
9549514
390380
7513284
122379
3987591
6737398
5601480
3026244
6649685
7389165
3528632
8152697
4739335
8459113
6944561
7938743
1543361
4000249
860909
5258691
1613223
868307
5240328
6870440
6206233
4085591
1349618
2497788
8915158
1027982
5364195
2230309
4407643
7638341
4500799
3781198
4420297
5088529
507339
9987897
7006977
2105032
7278462
389060
8974594
7898565
359845
8832937
1589708
4907760
316041
4732922
4914417
3224076
126282
5219268
540109
7406354
694783
9955082
989854
3576838
5840679
7757946
7245254
7748802
1746698
9082062
6807578
6708752
2403788
224464
9230332
8412768
8398590
1995513
2035868
3743692
8853780
9808691
9909102
1044703
6700242
6711849
4633512
3551046
2852767
2284381
1917379
2338993
7667103
4402526
1545893
2022794
8552502
9463999
4086257
759138
6261860
5553875
9005582
2279040
968134
1476377
1168794
3206580
6361913
6378590
659895
3661
3112241
9120432
7033559
8493218
306764
3437888
9930060
4383889
7585597
1501403
1171595
693029
8963008
2242554
6795025
6280888
8705517
657539
5470570
4893523
5151293
969777
9482285
8607302
6207986
5024273
9346346
2469590
4243432
4768802
8720434
3323552
5215412
5030419
944629
3251915
1762281
9834860
1799941
8593329
8217323
2641418
4845215
6554497
247481
6376003
4146609
2225452
3752752
9004729
1076433
95698
1599526
1457008
8392632
341159
2372151
4967669
7606898
4596430
8414595
4001461
9751567
5035781
6799755
7386590
1455471
2040422
3326135
6492098
8624129
1811452
2563777
4772504
2330606
4784784
4500793
9030230
3348029
3489111
9641562
5770673
5486873
7970306
6502380
4090472
1196221
8010712
5960834
1083273
1647606
538342
8286872
2388737
7555830
7777767
5740529
3600942
6030663
7609423
2743000
8938599
876487
6529391
5965651
8733663
2465896
7506139
8820944
4333196
2963316
7302510
4076912
5572168
8842907
3503405
5644373
2858130
349317
1732859
858884
537458
9945838
3078623
6816261
1968949
1522335
535980
5122018
2612237
1591757
1593034
72407
5463661
2006660
2677170
1581401
3031012
8542151
9889390
401136
360575
3255983
7596602
4365980
7882355
2714857
3337058
1039609
6655770
4512509
1212423
2535760
8073675
5146112
1479845
8201911
1045786
6206376
2322630
3631036
2819545
4763861
7832713
1149412
680080
1001041
225627
672107
5582750
101745
8649274
9047837
5081175
8651682
4869946
6968093
7554898
5361102
3039010
5483377
5582998
7863475
1349742
147381
2100980
5231650
3332512
3840910
7980664
798973
1642567
2273636
9815086
4205737
9795622
2054796
2413376
5997850
1319727
5946738
9496522
4082815
467703
6733348
4064301
7895109
6204669
9954427
7844010
2211618
4571014
4613874
3102643
5469670
3064360
711115
5836761
75684
9074263
8534595
3990085
5845453
7407969
5804232
5380273
2418426
9371771
4892100
1631549
5313030
7328496
8292217
3230047
259689
3372286
4458012
4290262
9293041
155639
8374572
2396375
9250464
8246697
1565003
1931020
5413773
4626820
1628338
2371576
6655159
8978050
2472017
2380828
7689275
6420725
6359617
1887327
8132107
421638
6310114
6548549
8221261
4778292
6574991
7686661
4263421
4737112
4806653
5997803
5903834
4014032
3591355
1028921
8434943
9739115
2097975
6126393
3699735
9998427
6397007
214133
617920
251707
8458049
6549687
260599
6065732
5586378
2273681
6514960
7989630
4492810
6683511
8742150
8179476
1501599
9467119
7865770
3528848
5089470
3251102
2349286
2270121
8010749
2735193
9336320
696415
5380049
4317452
1983070
3380414
4095419
911703
6910475
5693298
8776715
5077127
9390420
7949075
9495080
5381226
1497693
6721915
9169647
6246783
6846726
5349190
4576109
4832233
5465573
3421066
189637
6418440
4431801
5662713
5530496
3386535
3475455
460190
6720153
2306671
1237170
2441979
3449567
5585159
2236621
1798377
406965
2516854
9287624
6353430
660018
3334699
4325890
9082082
639712
7418285
7585511
4424430
272655
607458
7573316
7953768
9440130
8068789
691300
1315652
255982
8591198
1295788
1718075
2536582
8737574
5515579
3950218
410453
7210987
5261171
7472605
2611970
6033221
4169689
2578704
665617
9000280
7954476
2706299
6781158
7233965
2410729
3339787
1177192
2399422
6132366
1667144
46220
7126630
6092366
4278445
5386760
7399124
9830039
7112999
7381262
6844390
2223189
3792734
3283964
3413915
5322643
3274422
3480447
4791274
1385164
2062471
5466864
9652543
3443376
9981187
4115791
5774953
5072952
3226817
68263
7396798
2578766
4591746
5591223
8457762
3956730
2763138
6293607
2377902
7603490
1236275
9838574
1159119
77777
5607341
5143513
8402674
9213868
4393512
4112873
5822471
8383499
2696551
9775848
9510463
800307
5189442
8358188
3497796
9228560
6702640
57743
7825149
6908389
8178768
6362874
3338475
8339418
1908501
3069913
7099216
4188738
2453183
6023263
9654378
9257128
4621055
659991
6557679
8802362
6367919
1042761
3888463
5366820
4714383
9234958
1186142
7301186
9877271
4979949
5411878
149233
8407436
66955
3483384
8654473
9999358
8193133
2406761
8818250
3064129
533410
3127239
9705576
6953889
5029367
6145885
9534418
6884435
9901392
6003777
7290054
9260466
7711590
768182
75875
4271819
7131435
4869635
3191417
127930
3880777
3097821
5804555
4421708
1539426
758677
5517067
4384738
4617632
3848460
6754157
6261127
3601174
97263
3820412
2153372
3345255
8794082
1364965
6686501
958437
4946248
6067175
7450290
8131383
821930
8240746
1594009
1206551
5157482
3492345
8324276
6920061
3965404
852636
1439500
1831499
2704498
3165442
1693582
4271930
8830825
6134348
5022415
145502
6669426
1326496
7469363
654775
6476646
7890281
9864129
9415552
9653567
4110998
6797791
1925948
8149004
3839309
7683417
892090
9618991
6746950
9968447
1411211
3725992
1441838
7510915
7330162
1483481
4467555
3445441
3992614
8633137
7284263
1468541
1279679
5639081
6915903
6794473
7871867
9444752
7909407
720450
9751758
1269536
299209
706566
8458828
2898705
176667
4179212
122287
7947728
7090460
7200861
7917746
7779952
9611028
7207323
246143
1768716
1075234
7734495
9865794
2149506
2768232
9466949
1871612
6225620
8094309
9229328
1275533
4771451
687657
6732431
3757914
4477392
3388655
6045761
5759702
6846709
1949342
534239
907120
3850263
5405257
4785574
5854616
5165234
6276627
7966759
6862911
3159382
6790209
2962759
7424653
3683227
3207986
8835745
5974281
2447642
820099
1052479
6994312
3171806
2867163
8500568
4891423
5383558
6114848
6469965
4951520
8984977
8381723
7804280
4217322
4300644
3536359
1654442
7889389
8203558
446804
9593298
4717047
9171519
297787
6019942
8029785
9843743
2005764
5712683
7465025
8191813
1555051
7660327
9255536
8542711
6678227
7059386
8689481
16373
6411162
1417056
575367
3431626
3425811
8311230
2818776
5342628
6261703
5474683
8542089
4131353
4159344
2350283
9723110
1383885
3954029
2837638
627762
8457255
6374367
9594371
96117
2706836
5951061
4441990
9258611
3385581
161250
8437206
1434092
3361857
1248110
5247213
1275717
7934011
6511694
1528931
284290
4295498
341772
3788285
9273084
7178866
2737637
6195039
3899874
1998291
8350328
4550267
5085354
9758059
2880741
1673118
4232968
2771618
3276775
2964443
1511853
8587160
1142398
6008194
6759497
4749015
9879687
6905988
4614498
655285
1595453
2449625
4152636
2488798
4979619
3788430
800994
9498301
3569582
4719579
4789965
4349328
8546689
9054097
2090584
8432336
3240251
5784468
4302720
3202644
7815147
5784722
5309913
5971101
6328426
2071172
136929
6656024
5655764
620662
3946169
117140
7041434
2379172
150070
8095688
4286667
7719583
5778860
2779292
9046153
2470395
1143831
7899159
1406440
1270457
4596345
5278564
8963240
2191309
9937893
8243217
9735051
5104602
5256182
433699
6243152
2379480
6714755
766245
1370104
6221584
1185964
7625023
4054981
4534162
7664888
6990452
588666
8626062
2724760
7687494
6167224
3967544
8806721
8298153
3876287
4744990
9256202
8021856
9253680
3743944
3432608
3560953
1494405
8781912
4040359
8208530
6408909
5401114
9152110
4225710
7319020
9542271
8918143
4893706
296890
7511962
9947517
1684321
5453015
3081286
5922348
3293348
9328874
3377703
2520601
3453061
1195949
1312900
8435811
6492822
4282144
6524745
4604675
7045135
2144765
4540464
6816233
6710342
6825525
7022637
4412159
583461
8523325
5983755
1870349
4630480
6678647
6710158
1324519
4656697
4466683
771208
4772502
7140077
3377307
4094408
6108738
8096546
7315780
2336081
5737740
9214207
2284843
2979236
4105870
4606097
3088926
6552874
5789436
3847296
9125447
9493901
2826003
6494951
3791748
8213218
2312761
4706123
7279539
4730979
5999412
453953
2150204
952261
1003065
5807700
950565
3650196
5847742
6365091
567240
7331202
9835074
7016679
1329850
7523405
426848
463380
2238039
5447334
5597220
3847919
401571
2914726
676342
7157566
5036541
7934433
4991637
9746331
9404463
5665075
3661812
4012090
7330855
1780586
4394795
8025938
978108
418290
9513812
8473107
5695108
6815580
3399948
2452976
2119508
7830922
2146252
9201069
7986688
9948984
3843784
3811556
5605717
8606741
285950
680350
690502
6500765
4644445
2035346
8651521
6379323
8248299
8648738
1986956
9476410
487857
1680411
6539269
410640
6155793
1826146
7895713
9927292
4164515
4704434
2261477
5352132
2974967
2318509
4029246
6088506
4018092
690080
7384470
8319281
2735466
1791442
5046131
5098270
5595756
7308464
1779953
6138898
2222243
1431410
6108487
4249567
9255745
902700
6320834
9786936
9289738
4226540
6089106
6436702
5104691
9865713
5303559
8328570
4400084
4276940
3897706
9395876
7396474
617659
3698826
9495827
1921933
3812154
1050883
9370248
2018370
4071607
8223428
8084584
6844405
8625522
5976490
7958470
4326824
610102
5214221
8034672
2123169
5299997
2321958
4029076
5402700
3292567
3747646
6348005
5508340
7150488
9404628
2448019
7637194
8128889
7056968
6315236
1944146
6287389
3406370
7619258
5737075
8929728
8295417
7674251
2334921
3612052
1868792
8937633
9661447
9008783
618952
1370529
3378531
1966731
3800390
3374583
1225786
305067
8830958
4064237
8492085
432282
5905125
9847544
2169781
8042374
9054304
1821222
2686351
3200238
8402045
3368685
1863534
1611664
6547238
351208
2008723
1366651
8577808
8449223
2431343
8370576
9895502
629453
4903316
719399
1302593
2359223
187359
980771
8893939
7742596
8394946
2968247
2364311
2923606
8586701
9536959
7880787
8955906
9264928
2961791
1474508
2823375
9903715
4512445
2107426
6622020
5475047
641178
5871715
7806221
6258473
2195708
6204219
8923397
348075
2206244
6435265
6002946
6994341
7270244
6618843
7576345
8595577
6555332
3645143
9337382
7786785
5025916
863632
4708992
9875293
5233306
2276371
7651170
7003788
6675014
7150616
7210323
4187920
6423410
8733436
6425819
7704079
1726373
7375290
6829254
53390
6531104
3227027
8086557
7624676
2099960
1408352
760603
2014299
1876055
3225729
6365749
1048696
4504907
6884327
8271992
6041009
8324125
4252122
4229378
1357915
5156352
716765
5560009
3445521
1397878
4643764
4304101
302866
5548744
4620160
5536673
1151354
1367330
594389
3023379
966939
555958
3799077
1105459
1671897
314836
4279129
5604221
7361369
3762242
4753741
8915354
2527346
3274157
9102288
2767236
1731639
3024971
9795853
6200029
6133482
6014421
1328376
7946105
4028627
9720158
5983612
9495042
3525836
5812758
1789147
9190344
9687486
9426194
8605315
1316430
4301358
6557554
4165260
3672410
8401772
6906559
1877992
6512088
4790127
814775
301796
4299936
3070270
8637651
6272361
2612495
8632205
4930096
8217516
8761793
876841
3032699
9627255
7239812
4604276
3033124
8256731
9098226
3099887
9138152
9846094
3610881
4193897
8221816
4287820
4918408
7883295
8269908
6383010
9038073
2088428
6680617
9510856
5093661
7589831
8348376
3273017
7160046
9079227
9297461
4600176
8316177
9802501
1478484
3213363
443548
6648077
7402259
1359177
9575125
8006613
2564605
5561476
8583345
5777196
4535117
1067285
4933705
5540219
8187819
8430831
295491
819059
668215
2519161
5047205
4272800
7161731
5758778
6255976
7496763
1965179
3098939
2063055
8213415
9904120
4574845
7907640
956153
5920659
3903381
6716220
9939380
7348477
6860269
9082492
3625154
2378760
9609958
1242873
4297766
7440180
4037555
5644428
6535817
6024324
2061387
9725564
1563684
6148635
7358792
6296182
1753741
9002569
983969
3808009
4782094
9382291
9653609
787646
111653
7801380
1177888
7436626
8454968
9125339
1670448
7818467
2575203
7556602
6453506
3754137
5891390
5949654
1908609
8569285
1699425
3138535
7282132
3281834
7544673
2440067
8218356
6780400
9868529
1381512
8579798
710358
4040267
5369997
6323682
4665844
8763048
467372
8454974
1632955
7108901
3578534
4938808
1770527
1741103
3580066
3606617
4140378
999379
7723275
8461444
6137970
7395444
1324241
2191273
4834836
7884169
9055720
3609982
8174761
279864
138582
7353990
3266307
7546000
20302
4967642
8523023
8613335
2069451
8328166
4277250
8914655
4727165
8532118
2562604
1793394
8047016
8410832
2143778
9163989
5073474
147010
5547172
8771209
9027623
9707979
2754224
678628
1176427
9691198
7728325
6260553
8675163
7887978
4566008
6142795
7490069
4233991
6508851
7339677
6358448
7452648
7015124
3606653
3734764
1128451
3127977
1958996
7578244
1670033
7919081
1061509
9829628
1900169
96693
5168183
5319211
5670420
8520053
8750516
842417
2466769
137703
6628969
5355697
3608382
2789269
7756164
5095727
6089830
7508440
2990049
1679990
3652190
1748393
3054982
2123581
3293612
6111981
3142486
137440
6863814
519176
4932541
1667429
3428135
168792
1137614
1375283
2634808
557775
857617
365562
6751431
3333906
97198
3394129
9392500
8044001
69771
2356938
4198546
6706488
7060559
8954635
2585524
664161
7142290
6496311
4037753
7578728
7327048
1555640
775488
7817218
4517587
2244188
4126361
3324001
380274
9397848
384369
5493200
4113337
7374963
5322697
8175079
4305432
1779123
9957881
8664106
683536
7384699
6005682
7659026
6803077
4033444
6838062
254301
5719517
8213219
4988933
1115475
3594489
1303200
4810977
2672361
6789236
9956151
9061465
5614216
8615103
9361459
1299405
2045845
7375419
6202319
935578
3318772
92267
3363705
3564546
4878603
7350335
1798423
7687148
4117157
9133295
3343496
7757231
9781588
3659547
2981670
163332
7783080
4324439
83803
3952756
7627819
8122324
1790240
7062872
8447898
7287777
2969374
4152339
3492142
1567449
961321
2340335
5630140
7124690
3812836
886696
2281617
8662424
6890483
6232951
2641819
8293193
7484741
6182894
7111694
3011180
7141187
8445254
8478044
582250
139445
7372916
9872924
7029631
5124621
8282082
6047023
8632118
7953935
2961416
2982366
964626
6179989
9492262
2118937
8561214
699291
1571562
3884875
2696796
183487
8496435
2928422
8311344
4263703
5832651
5639087
4383933
1248090
823319
8972988
406414
7345907
7173383
832504
6523194
6001024
1720463
287706
1627214
8828186
2765936
800386
9125263
4069517
9238356
1732969
9977662
2910495
2942614
3853516
9344041
4006347
9760249
726491
7450242
2170049
4203169
6530345
6967028
6771220
435078
618371
8780069
8423131
5487521
8536911
289802
1071444
2208882
5109774
7858384
9863868
5165068
2954503
6380024
4063551
3044370
3681106
1200168
3732627
1636379
7335478
4418939
6567805
5598112
3978256
545228
8788968
2527970
2312819
6793565
4490769
625415
1106548
7455530
5329256
9258547
1071927
8711979
697330
8703381
10646
2456927
1610899
7576873
3629441
2163840
3752747
5608416
1009003
7520808
1266874
8641375
5341329
2264469
6444071
4176523
8693589
1791780
3525698
8770570
7085447
9363408
1682988
4159948
657571
4795499
3411747
8857279
2657856
7513473
150725
7545573
280216
8773350
367878
755224
107425
8504740
2692947
6392100
1169848
7868644
3683993
9434430
2213765
2278473
526456
5974419
2783129
8989929
1262308
5630823
8465599
2671457
7905139
7084127
430471
9430916
2141253
3047420
3388510
7654122
1494407
2822717
6120471
5697165
3530965
8543701
6306979
2758641
6092100
5693678
1318343
4916438
8142941
5902849
6219173
3252430
8631364
4558259
5512898
3740686
7597536
4893965
4028622
3280553
9196601
5200531
3268497
4105763
6208361
8420671
4871986
2124166
7097487
5028670
82015
8765760
5765917
2963882
459675
237002
6627791
4981984
4369619
1559736
8994948
8027666
8860519
2511951
8386758
4801147
1144399
7779670
6054771
3061426
593917
4444727
5056027
5019057
4428756
7295334
5735980
142476
6930754
2556248
554905
1907813
6550528
8487021
7797499
2663678
6768598
9572761
8261067
5395783
6486324
789756
3191198
146620
1230074
4382326
6326902
2728994
7846746
6672497
9071092
7694244
8127365
9472834
8782787
9737611
4280229
6549220
6196274
3918462
7555095
5815527
4513593
2112189
4239239
7978418
9975002
8302017
26765
412623
3078931
967859
2570787
8187419
2004182
7589210
6252006
7044369
2735661
2665608
4492944
8867475
1741508
6164982
1331550
3526344
6844343
6257436
9321120
1714741
1679819
8596740
9741613
5260438
5181677
1235838
2816575
5659906
5243332
8080517
9350194
3278065
303489
4877131
2920946
1516657
6832175
7725239
9676343
7488843
5655170
8556778
7802667
653984
1688197
3881917
3620788
8491315
6656290
8080751
5620770
7178324
2314547
7488371
9490113
6912820
2810656
1923441
2686997
8980012
2522629
6101576
2217550
1361597
4048251
6438818
9022073
5267430
8546970
2337131
9330135
6236486
8476687
7924915
4330178
9600353
4083980
6305638
8130640
5778273
1823979
6405241
4561066
6712763
3317006
4788899
2234198
448581
8187665
6065028
1523935
6266457
6649955
3535367
3998510
2928228
3335630
5918070
9128881
9310988
6708080
6651870
3763444
152932
8746103
5279432
9953332
8954075
5866304
7284979
1627546
6307670
4522803
6151856
9464240
7626224
1354512
8192062
5598187
9261695
918628
1588248
1086508
3285745
7578553
2641842
8504613
7312759
189150
9733914
7930164
717930
9317535
6457553
955963
8829543
7950946
5326467
2666742
4267670
1983652
3434879
3733395
5300384
3745855
5493536
7142950
8973037
2942908
8949507
2684470
5943057
7139492
4786246
2345041
5746221
8407117
8011879
1411250
3178727
1160439
166704
1976789
7255142
3579871
1982435
5751063
7569507
9276871
4358191
655698
7848609
7470617
591915
7473060
5191450
4420669
5243144
4389629
8102747
1935483
3376157
4580303
5198021
6457856
3640469
1465839
4479467
3650208
1713127
963134
263912
7431729
1599803
3523848
6521614
4386251
2353347
8605931
2474331
1829613
9671979
5180014
2785499
3297270
312485
9498632
2521426
1163178
4227703
6202585
4156098
7729147
3393386
2529906
6495187
1007017
4344099
2173884
1619369
8026076
4748399
9907414
7251446
5894259
3033020
9456594
9432053
4219643
3247043
2919235
7952117
7496104
6640921
2236453
3348612
7203060
3012629
5202159
357421
3485075
8549188
7058132
9673185
3725496
2733068
4477222
4714986
4050730
8975335
804567
7316461
9250693
1284360
9288287
6908201
712208
6615469
9981056
8183098
6303353
1020459
8085365
609869
6618532
6295500
9175087
3208423
8934383
5775656
5726680
2082283
6224056
1038689
9404804
9620081
1688570
1193558
6193345
3871196
8383612
3367979
4153452
5459734
3308488
5088152
511587
705293
6998785
7785799
4305611
2847560
4167817
8395970
304510
2263683
2059110
7701833
6793111
2274633
3618154
5051712
4031677
4996818
7425509
1548973
2031908
11808
892068
820980
9604012
8197160
9042255
4310676
3708368
4046961
8280621
3336823
912387
1480673
8955033
7402542
8558193
3208923
7957670
1273342
6339917
6369235
2927489
9106227
5578493
5655153
9576078
1063245
7254023
4976419
1541514
7711940
7303893
1132363
991421
4316074
8196233
6081338
984073
3135031
7760842
2358661
1194852
5380791
1909716
1417930
7435154
1756403
7525337
6286740
5646964
30890
2413509
2543350
1732361
6877003
512898
2298657
4331817
6107764
6111647
6382194
1226560
8927809
8447319
1709574
3598675
9721958
7696405
4947824
9327688
1453408
7579152
8472490
8294637
5815004
9614222
3874731
3947057
1676277
4777254
9721123
5958311
7722023
8344531
8723182
555128
8822295
3491515
5537359
1955047
1866612
4941164
6731960
495488
5375580
2208933
3677940
6329918
9432001
2520341
4281259
2482434
7598205
4251855
9135922
4782059
758132
7299415
4662872
4199839
8266215
1419049
8646916
4691503
4218914
3049574
7123525
6332699
8276217
1859144
2502397
300328
2469603
3672497
699403
9168615
6958811
2392339
3264419
342706
8232649
7155603
7924954
2387181
4998527
9003503
1889748
9506118
2834145
9555998
6894025
8840098
1128949
9910744
5836066
8044008
471670
527435
6929001
7395587
3005426
4809609
9004093
8551522
7730182
3965301
219826
7890586
377473
2067877
5574225
7157023
3993850
7427408
864109
6898601
8250206
2772797
485894
4357484
6328447
7236395
8352349
4459839
7576723
1348217
9396427
9676331
4405345
7363494
8001335
1246378
8199838
4473604
644712
2713938
4027237
7323845
878277
4472830
1072520
2857938
6777180
7367963
2224022
7073560
8692132
4709182
623412
1719790
444021
7753150
4203577
1576670
1592256
5523110
1973481
9095106
599999
2757261
9734112
8004617
5356880
5462305
996674
7104847
9100001
5244046
4278807
590506
8863778
4304961
8118270
7439807
5592524
8554408
2825252
4143603
6831383
7367937
809142
8317123
5797519
3020512
2137127
9510966
4253939
7637371
1094990
9035482
214378
5764747
1225706
4536200
7511183
562834
1806955
9051179
824660
744185
8484442
6301116
9731108
1195498
6393591
9634548
9895528
1590975
2249423
5978037
1226800
1260337
3414077
7537531
6549557
4291056
3007719
8006398
9318754
9078231
7840671
8678582
3864668
6965326
6072247
7497077
8009268
2130530
5264677
5383372
4471654
8794415
8114967
1126195
6557614
9933402
8998754
6663711
3860035
4835837
2906080
9106516
3174059
2393719
1174466
2194897
7125113
7185701
4634969
8434604
803373
2777410
4841925
2624236
2745552
2258117
2715649
9951850
4216485
2728370
3824785
5102800
4425192
7813612
3883870
8974878
2639146
9166365
5021362
7105086
9621413
3907799
8545004
3067169
7811572
1215144
375855
8808537
6971405
2869028
5100936
527721
3081861
3544089
5359967
4653851
3840392
6835761
7461685
562734
9862993
4472555
7659479
1972912
2262533
3007467
77403
2785390
3976385
6998198
6600207
2462419
1093165
6646542
7249747
6073225
7971254
5445575
3225803
3275802
5740571
5694507
201961
413726
5178500
9853831
1553029
2289701
9627964
1856762
4818759
5403933
4990561
7703850
7620288
5230712
7007984
266578
277919
8818938
1637049
5193911
1876856
5570320
5229469
9491994
7795881
6334200
9813615
706201
9463246
9607043
9844900
7465149
5851814
9837544
2837748
8800051
4401505
2430131
145575
1428901
1381310
1456119
8546231
2311390
680436
1139917
9558878
1607757
9379974
1105221
9247873
9475695
7420661
251278
2211834
1556436
3214268
2897342
9553762
6817993
6110946
4821962
1512568
5132113
1780640
4306456
7049950
6845133
9197389
6330365
4555733
9060181
4688022
3569165
7194699
1419102
6706070
6357113
2839196
5279753
963146
8607983
2647297
4676040
2940670
7436930
6181837
9844187
472607
927728
7595921
563603
363805
1811910
959721
5946583
2730733
9291790
8658747
462729
958869
8010996
2874923
2098357
8239503
2186352
5308652
1405721
8954878
895838
7251920
8285807
633297
8026418
9957396
1287171
2250283
3920548
5770563
2073833
1510767
9186719
7188029
8767502
5872016
4436035
6840959
7970691
2279765
4196004
2754357
3386235
4437973
6280118
4581076
8890125
824489
3209476
2046626
9153580
4749459
6804718
9950572
1045506
4031386
8055570
3357780
8968792
4399956
2944928
5664173
894951
8125342
6882299
1654071
9152834
7887971
3831323
6180203
1402388
1158286
5235303
9032883
2767177
9739885
8496252
3413073
3998843
4108369
9564487
8007121
2668892
7517903
7793696
3314270
8620488
1713397
4987422
7855922
7885894
3136451
891109
6616976
6397096
8717147
3177523
6462638
6589019
3804782
1643765
2811732
9317147
1623974
7585636
7858992
384068
6371200
4533483
158303
400933
1014061
3211686
3840793
997010
524539
9834665
9989046
1435212
6228738
7219890
7630739
3097198
3165276
2613031
8980826
9663676
4796342
3902451
8376332
9723424
69268
9187222
8772639
8726744
6492526
2939656
1013352
2698637
130444
2956332
4403827
9009374
4365552
8753680
7091492
6426457
66554
3149334
728221
9157693
5848315
2769643
8164128
1340662
5913088
1436016
1301800
424459
1252772
3137267
4602142
3478151
5411343
5480334
542819
5486384
1714234
2875949
9481472
6707976
1525171
8569289
1154009
7268017
2246244
6322985
7796784
5619647
828214
2104243
3413945
2845489
5695677
2777901
4584948
2698273
8588562
1578096
6455565
1259291
6190281
383108
8150373
8381439
7146597
1572347
3219503
5470296
3677659
5532057
9631073
5050469
1849305
9788757
8561116
2222443
7417435
6727866
369097
2470122
3854835
493657
3246043
5301184
9790075
9546160
3111479
4943899
9030325
3327473
1547020
9848596
3858535
8314143
3060603
437000
2750612
5385018
4269133
2263761
4420790
1429015
6788858
6369386
4849550
9701575
8219824
5068796
1576877
3645878
2544291
4480155
9255897
3221406
3590295
1364036
4689559
7113644
4829315
5246921
2815970
6363418
1927509
1850134
4458345
5062103
763772
857945
5596221
6910346
7205700
238754
7360119
1142113
1528682
7028429
7229083
503965
834754
8781950
1012646
8117821
4799247
7640608
4059337
4734137
2436762
4400239
5170704
4928439
8307783
1413224
3022523
6219261
3910384
850619
2491869
5614296
9595852
6309398
9257480
6750120
8492225
4596009
3381426
7494153
7837715
6053649
3354693
9776373
5169516
1206283
6242874
3159168
6294393
627099
7354095
9893720
604553
4110395
2921094
7438818
6696884
2533119
7796250
4178982
8054985
7740086
7906685
7033494
5036329
9600788
1793454
2687986
2274028
3645376
2958768
2153914
3151116
6803260
4357919
3039670
5889507
363994
232530
2731103
5505915
6060427
8798774
5056090
1491292
6788345
9859779
4369801
3005268
9813496
4272090
4199999
9988314
5705168
6786668
3834019
8032160
4387412
4780328
1564416
1299343
5576079
2573938
9579915
1267739
6475125
2956246
1932322
591046
3061149
8477104
5183480
6228312
73937
2631454
1106292
7979132
5191162
1992823
442628
5755717
4574920
1260449
4800778
2085440
1799218
6324135
2429601
3439585
7675402
362628
1515632
4075197
9567848
9570377
5797974
8571388
5852740
6277575
2996127
6813104
8585170
2457559
2547937
1394090
6326905
4286430
4156161
1651952
4072911
8074063
1616488
3165996
4324479
4624940
1690926
4572675
8349733
644698
9814626
1960233
1941466
6776789
9763873
6649985
9684414
393877
6927351
6963502
5617753
1095680
1678108
1589165
7944801
5824383
3060504
7581562
188809
5032292
9676625
5888969
3431678
8944449
6656851
24583
1311652
729058
2113615
5428484
4953538
9954877
9156368
8907102
3256524
2450145
200436
8625867
5100719
4274638
4818985
5379009
2292224
4835178
6547128
9579909
7967780
4591449
6170866
3693323
1443258
2826126
6172893
3019437
5197141
6926229
100806
6251971
1524608
6625747
6931061
1335106
2252403
735782
7617626
9418839
2256878
992794
4588027
950821
7613768
7816536
6321253
9933327
8620424
5202279
6817375
5038221
8088834
8679224
1372290
7383621
9223116
3833318
6705334
5202528
3233682
3027998
107814
9217066
4893794
6659609
379631
2847051
6783541
1605214
3276958
3533769
1786200
9216731
9207269
9099846
1281447
1307982
6543709
559986
6598183
5039509
9184982
6738228
2762388
8073221
7098127
3838344
7195372
9599624
2455433
2148335
1545164
6162701
5388833
8487508
1630366
1774418
665672
2172380
6158486
3627042
8172062
6458033
956347
8478691
4618020
8920150
992419
1939509
8148319
9434861
1895429
8776390
1971743
9166804
9592522
2555121
9152361
1913080
2727063
5080890
2168391
7574489
4536361
380031
3247988
9205197
522619
2816922
9481239
9836055
7978918
9987268
1112355
298201
5995450
9142372
9250140
6253270
1716578
6965514
7364190
4288004
2073350
3738832
943117
9588381
73239
1836051
1585756
7062128
4749719
3947300
2977477
8399456
6869877
1161047
9459730
8739348
9955972
4557966
1277379
3375822
4519874
582159
4322306
5453774
7806025
2425917
1054738
7133814
3132839
4074001
9455755
3888120
8466373
6261939
7160391
5169469
6617406
3059171
254645
6066162
7246453
1247523
9551691
8201636
2575280
6693401
4493778
6728941
7966877
5973287
6153014
5462072
14451
9366941
5842955
4292713
5063316
6743260
2288127
2305740
3059230
1901499
7603304
2742214
6141978
8867975
5700614
2129214
8963279
8626073
6847897
5589808
3969310
5578798
7535695
1333194
5442297
2626515
8989665
7399300
524248
7457094
6669095
9199284
1919872
9262379
7396337
9520436
6875025
983307
5571457
1464124
6418387
5392246
2239150
42831
4392327
3670263
948419
5416381
1626439
6926398
5479954
3782088
6088492
9428151
7488949
3328814
3098396
7084852
5140180
7627416
9364673
4998481
7661222
6270693
450326
5840711
7994070
185328
2741014
5089274
4506935
7749789
6593498
2672087
8904827
735228
6278314
3875529
6709122
3248572
329870
6243906
8485683
3815566
2382768
5155170
7278920
3615124
2003511
2543750
8813593
3712682
1415324
7947452
6675578
5863074
2249020
4042628
247520
5031537
6676003
1096512
9245720
9099420
2602746
8485447
8362529
7252040
6550216
808047
7344765
796668
3899399
5987102
6399143
876631
2688124
6200104
8712508
9309662
5128151
407286
5725757
9225265
4509133
106631
9439504
2695973
7619983
7162362
8456280
5389281
1847705
958685
4978883
8665426
967931
6079075
8010677
616955
4702313
3231834
3808895
8199738
6685522
8184226
7820265
1652526
7408221
8693860
7951181
6878884
3008927
8047486
1676684
77911
3688889
4640381
6394733
2661584
1745496
1968373
3388772
9675396
3638690
3372689
4505234
6017181
6495167
9528400
7129432
1503090
7987569
53337
3152927
4672695
8766815
7094215
2856913
7394849
5952388
3003357
2344640
7788417
8885581
7309010
6306154
9461888
4852229
1539816
1193657
7935602
6338905
1351321
6098295
4991339
5891202
4661585
7730548
280500
53235
8812470
3278651
1658460
240798
7202918
2215508
6201316
6230042
2017401
4506930
3726868
6515250
4494781
9127751
9879870
3552341
7268394
2194903
5165191
8053720
9961207
3550917
2783126
4332427
8486517
2314474
2450718
6373541
2823192
5907101
2285807
9659098
2185451
5820617
1032060
2067820
6330338
3784530
8197471
6437616
8989410
4910145
9348822
7827044
1577282
9738292
2181949
3221865
4984344
3266045
9005476
8839298
1778257
2281657
7395665
76385
6215609
5453086
313209
1372678
1731453
8114428
1238041
6438694
131009
8814429
5001903
1029129
6169747
1970214
5172057
4164038
6231311
593057
4244881
6334437
7880538
504114
9536135
9562167
2357594
2136444
4203729
4043795
6599774
4968143
4968630
5086693
9114633
2828534
5717340
4162204
3145001
919026
7012347
8037362
381774
612278
2636323
4980803
58037
3072569
5400634
9424351
5068189
9172568
2295855
7880562
9053552
9657533
7253027
8647080
6964783
7976446
9433133
2227088
7958999
4195315
8950087
262089
4003110
5474058
2829160
3099883
1163292
2081577
4129108
403152
5934555
2838293
3462184
5588177
8208973
1303405
7054327
1047547
9610726
9650438
767551
88719
1070201
8319518
1030009
8296912
4092580
73183
9355244
8112692
3770933
9807610
5166785
7529048
5202878
2200686
9315224
672431
9141680
9790835
2107185
3960697
356866
6932909
5821983
1950906
3073133
2171589
8294737
8981672
1567039
1124331
912636
177335
5175528
2392806
9206560
3252722
8649310
5801356
274978
9041900
7218637
1327955
975377
4520359
6005294
4315007
7808404
3547278
3492590
723572
957230
351797
2372849
307067
7176448
2511745
4435828
6079762
1360976
7525017
553429
3901745
795202
1417570
3562639
5156128
5701682
633175
5723924
1204169
2322215
2546911
1568793
6782354
3105141
3597930
1377158
7558033
5523947
6353131
1537676
4390665
9308674
8845051
5425935
6791959
8471479
5126967
1728419
9790877
2226352
6276974
3248377
8372794
8956141
1577895
7920649
9924053
6816938
2848409
724772
845403
3498869
2609202
655458
4149925
7274753
1921279
9051233
2353104
3453882
3843217
9904217
8311420
2253085
9180258
3967867
7219400
2632183
8170549
4965319
5839653
6420425
6337602
6836983
2047461
9733611
4860678
5114108
6707406
6601224
2904943
1541735
9755689
8533474
672002
6202497
1008209
2935352
6207644
7535157
9225557
875274
1617315
5901145
5989343
275833
9514324
5874016
4823064
5880784
1983007
5310732
542375
2701656
9033265
8349123
716602
7881999
2191318
6669371
8820446
9733804
3944769
4763563
6827901
7180817
5063651
1441369
3525236
5240767
2717692
8882867
5842808
5056053
2243875
7312730
8868905
8243489
3456226
7368580
9754116
9197630
8346586
5924851
6604456
4113022
1216860
1560991
5616262
5552890
5205286
4970482
113385
7771735
1173844
4935485
5347808
8857663
4245573
8440979
8837106
9016456
4280979
4189235
9373429
146721
2922921
8384970
856044
127402
4071458
8375732
6291225
1348369
5903508
3184079
691511
5164469
2747659
2775797
736337
3157988
171710
2067417
9310023
6774468
6708554
5551731
2994527
9861824
5355025
5264434
7890895
265861
4199879
704581
523665
9052679
3348043
4572857
7631459
4673475
697854
4888703
7808056
8284214
1913125
6888156
8020278
3399513
5393782
2337771
9050740
9804018
5870027
5306131
1333410
4081596
9033780
7050577
4799099
3318995
8186862
685899
8971539
2012429
8233213
9987536
6346262
6868530
6215045
2364039
502814
6260426
5912380
2518508
4890987
8167705
2599017
6817965
6734290
5145597
4488874
4806495
1543591
4102500
548989
7769868
6967986
6734359
8009878
7284643
4925815
9853137
6108417
5388221
6052116
7097885
4964000
3455384
4648929
9052015
2027181
1029174
2830173
6046312
3143409
9568001
9897222
7740526
2446957
6454915
5349655
2937530
6606121
6177939
7592711
5220591
1111548
3073807
2382750
1148983
2261385
327798
7445299
8580601
4115497
4674105
4892683
4435921
6594790
581100
6450530
1989605
8560632
70630
1064270
5340114
3281282
5029397
6078167
8002072
4869733
1287752
4564642
8168759
4010117
1320168
6698822
2718829
1816316
1894514
9346627
3951582
810985
9676340
1983566
4106298
523539
5247967
8565051
291678
9241211
2663875
1207397
4075693
9173488
3819006
1477777
6532998
1243087
873539
8769099
9084043
4100035
6181554
8933007
2537812
6361486
2140878
985566
5073513
8714124
3559988
9912973
9308062
5181434
833078
9254344
2471467
8087938
1673345
5577790
4254521
2744673
5084377
5661009
1987229
3134413
7704065
5347301
8812076
1517011
5082617
2300305
7642858
1230717
1332722
4624970
5652541
692874
48235
270904
150810
8854813
4240498
155416
1706197
402201
9046115
7664037
9028729
656369
3793919
2546838
4125220
4159614
8132298
2241310
9570752
6252317
9905452
7441126
8634803
4137855
1542048
869648
555581
650184
3699686
7436922
3008033
6931529
4709784
7365048
2932435
2817192
1014835
5429242
7847428
7790933
2314442
3699063
4817694
5916294
8033640
58465
7740691
9475998
80655
9412264
2769721
2989527
1889039
6501809
9498745
9759525
6284090
1344947
4941340
7593867
5462697
2336303
1787869
2457315
5557861
1613141
3100841
8565657
7090966
5567719
5722961
1012806
8511336
9268253
3149045
3825922
9973961
7713218
2547579
9694440
2004213
1419563
8371841
1373115
6396975
3023593
5983884
2281330
6344701
775149
2259146
3106579
5646587
8568747
1398248
4546475
8813281
3940158
606945
6897442
7600807
2240603
8465712
5303228
660582
3649075
6807656
5201054
9127214
655484
9743195
4283548
9046118
3014078
2629773
3808298
6102308
8080553
1104418
5173192
7771748
9458305
4172536
25483
9953810
5592197
1979124
8854724
2960505
3664818
8487659
8244155
9261555
6641910
4164276
3276335
6416248
4922421
8344320
3362835
6963162
2255366
6058868
8755576
8260101
9087216
1858236
8909140
6567532
503547
1459327
2685923
1968673
7830724
860143
8400357
4866842
6446454
5783406
5455852
4920811
2035535
6450302
2069014
275738
461880
8162106
7172318
2805015
596371
4575093
2813951
2302352
3830673
2974740
7328121
8790447
3578280
4080729
7188536
6563192
7356459
7868672
9153358
5575326
2638259
6112072
7808457
7024147
5248482
743405
6915745
9891578
7168588
6892288
1248620
1802431
7069963
2370152
4100473
8068094
941472
7994441
4172763
5137955
9533901
790214
1890467
5525760
2256317
1012438
4016676
8960191
3843911
7224586
2524780
8338884
4349263
8677044
3491629
9219808
1203905
9182812
8805830
6778055
6591368
6466846
530064
9777163
7196261
5526652
7498964
6874447
6207160
2592495
582883
8827666
8484032
8881263
6801708
6588885
1482334
1399650
2504014
7796243
8602076
1668576
483986
9713018
4747165
1388269
5277543
4100337
9238411
2632200
3841190
979092
2345601
7090729
6638698
5606085
8904098
3086900
9947563
435536
8852440
7278715
7961579
6356760
6968513
9145864
9104200
9708649
140917
9086223
3329725
8780608
4604436
3441888
959904
8419220
5157091
9069816
6292932
4171716
8965996
4533571
7600733
2960366
2175177
882723
1491076
1183281
500987
8719961
2813560
2444321
7783672
493990
2405840
6367653
5698935
7317922
3730688
9149122
9826962
8349390
8715534
6631981
3981964
3370781
5857020
9430180
8514557
2772167
9837445
4489463
8852444
7655288
8232349
9332853
1147824
4892141
3940054
7291357
6128890
7961448
7705421
1481242
504795
7996177
609889
455493
8458795
7603737
1380626
617424
1767457
1187697
2706801
991951
6755850
1113701
7525343
8325033
6475183
2748752
5201985
8677009
7937
3475353
6056239
9133403
9224058
982492
1046564
968043
901931
1564948
5508358
1242752
1397507
6256064
2911661
698185
2441637
3757125
9997298
5190769
1918982
7510417
1217739
4564536
7539213
2629581
215927
7189297
1896335
719733
2212691
805276
3508295
2292724
6746468
2865586
1863248
4652170
2296841
8566208
6475734
2520625
3232116
2082637
3586596
2080708
865107
9280554
7935593
6217594
1367426
1724681
8270408
7393202
7096155
2897318
8271049
7850727
9893189
8083966
5089311
7660546
6316263
9959214
4916592
5289424
9939311
4477219
6920061
7472274
6949162
8520429
4841953
6014246
7544806
8456716
4686543
850476
7537688
2497923
8424891
6668009
9527527
7705971
1413821
1705532
6846038
5942723
888352
6481745
2165016
9690520
7586265
9239925
5192197
1881008
7518369
8109676
979279
9128943
7807820
5415722
7976121
6849926
7177437
7115117
2555957
7557194
9517877
6540140
1980671
5888478
5904851
802467
6167242
5265045
7530564
2067080
4521517
4382572
6672566
3209631
9735477
5393681
4638798
1436385
3354887
8750465
9335912
5693972
957067
5801351
8618314
4208702
927733
9138445
8021187
3250640
7276563
1153609
8952240
1803984
7966276
651573
5505723
4589107
1126778
4465921
9971640
2550882
9028900
4716038
1331028
6990657
4152910
7287139
7366689
682607
44829
7161376
23094
8038053
3436366
4341018
5377999
8977235
5510767
5133033
388293
8872007
3113277
9800307
1893270
3596752
6742642
2295899
583923
2565665
1831783
4053255
5113038
7317826
197455
8184926
5192016
8431011
6461827
5794097
6692646
3073466
2229634
3240238
9486716
5530629
4043279
7741603
5090335
7135448
5830542
3703206
5074964
173334
1616963
8987637
3447829
6476251
8699203
6731510
7961516
9719967
4530596
6857367
7939344
1840786
7863445
8977311
4297405
4494042
3625179
4826325
4946520
915392
3747793
2108920
4901911
2889805
8373593
7485859
5772352
229611
8392863
2898427
7404689
6020786
9822793
2197039
2903321
2936390
1364746
2808909
3979777
5680328
7133700
7015500
1353847
1776257
7821865
1961861
1350867
371167
6558490
3461962
6685883
8132605
5282087
4148582
8622670
9952031
3841115
9913810
9641625
1599358
9530143
1734334
5916433
6526063
6035826
4106172
5273407
6209396
2505085
8887084
2285000
8790672
9591503
1037710
4322525
9821539
3735865
5681051
521994
6786476
2273196
5823217
9388510
7281849
6431512
4234282
4775515
2045507
363646
1158707
6283280
683000
4390623
9303322
4549108
4073404
2523001
8188977
3183974
6573382
7622696
539850
5735530
5989655
2811595
6476246
7002014
7833792
2784381
6638006
2947143
3345390
3734666
7780263
357078
764410
2231370
1883994
3386375
2455660
5530350
2318848
7224193
276865
703765
288022
997931
6041062
8994181
7153305
4639060
1004670
7444327
622561
6001531
1661190
6885756
7079587
1476006
4770356
9401353
1812760
7393719
6553577
3452076
111136
6550429
7860870
5034971
2050713
1373650
7101868
1904305
8377165
6461651
4979475
9649092
2522345
5990417
6944430
8588660
9307803
2580488
7407481
9768270
1010690
2892896
8484396
8000906
3500403
8609202
5233960
7630445
8369015
1418695
3880100
1827991
2246464
1622529
7424468
2275417
1701661
1311900
4629100
8835100
4542049
1295186
9582901
516871
3904794
5989014
4006752
6886245
2027657
5713553
1892745
8662856
5193915
7173862
3362698
1451406
3235464
9384836
3492468
7608663
6624402
1518690
1834454
9913773
6616032
9449812
8731778
4618140
7240917
3640634
2953244
5863022
1183913
9583311
5406415
1063738
1272933
7059402
1121104
9434512
54663
7191319
1214880
5440474
2363660
6572045
1967416
3856832
5242875
5256264
2193040
1330537
1067842
246407
8958982
8526444
1563833
8569493
5398503
908691
7632209
603358
3079058
401506
6588428
941427
5517711
6176506
2519803
4122432
6661893
7588301
9342941
863628
6607203
8437539
5712595
8546912
2878410
2410090
3817943
1208907
933001
9572289
6260699
3816638
7087574
4477785
1389750
8648089
8647231
9134119
3902739
5672257
7460005
9832378
6954862
9153781
505684
2216971
2701836
751233
9496879
2329033
8424587
7438591
5059645
3005200
4624270
4963554
6955787
201243
7114404
637851
8224474
2264973
9231750
4343575
6836573
2335499
8600399
5445527
1186514
4488012
2585293
7094240
6824684
6896721
6043324
9740484
815907
6780650
103308
1250833
5378574
1127058
2414681
1133133
7179343
4115584
7136562
8317888
4599653
2894695
2858799
1839514
6562580
9317227
2052907
2718526
2521735
531596
2200738
1198602
2192090
3819664
8103161
7495199
654566
3218904
1225219
9246913
2318026
7039004
5281507
303974
6087608
9032892
6476416
2116347
9930740
1725519
7517497
9464477
6871545
8129219
3543146
5744948
9905867
9761778
1023159
1540438
660252
8754608
1749197
4084601
5945005
6939959
7500738
4655830
7747843
8685234
4223298
595468
4956063
7752245
4611243
6664573
4096319
1536284
1211507
3015952
6234433
6425312
2376592
8831511
4786189
7692743
1764895
3991601
4459353
5754624
9654050
3817166
512058
1341396
9944775
6311316
3359318
6943876
9965737
6151394
5556590
19573
1796684
4240958
9655626
7307246
6837387
1111320
9315263
4510070
8480680
3817477
3060866
5375874
9075384
3755963
185732
93667
826050
7667024
9494583
727153
461727
7756649
7696219
810017
9907377
3156927
2411378
3417741
1422119
3552481
8671959
3515618
3584006
7895525
7014062
3095731
7126225
373735
6876741
2564637
4912948
8623868
1507125
1380068
4123537
6671858
2818500
5104387
1517974
2947790
9296412
7381267
4028587
3019574
2004293
929248
5168636
1439467
6691662
8820902
5626473
1683483
3771345
5475119
3851670
7725281
1970554
3303363
8110177
9426729
5063482
9229862
2287897
71931
5054766
8203395
368485
8822106
5117021
6408692
8144639
4977636
8408040
6677178
7391806
119919
6499741
2249322
7021237
7729343
2834039
8137351
4142798
7126934
8848371
4965041
6966749
7633016
3203134
2842045
3203778
478434
6633089
3214942
5515883
2548358
7029794
4827168
4298903
6691407
1699757
6021183
4334880
236587
1618830
2574064
1946814
3399636
252186
4267027
2635283
7746139
5854921
3522483
5798807
5185808
3706682
8830618
303110
5315222
9042453
4048464
7800000
1325053
6871794
4208226
9115085
8883670
6299028
2553801
7774977
9615039
5583681
5518628
2595705
3840342
5746305
730234
2443925
4183715
2027846
5476336
1089693
5161750
780560
2332081
8975476
1545412
8992778
1904306
1606938
8541704
7694846
6160159
9874475
114601
2417313
7557522
9697929
605871
4258223
8863218
236557
9393647
7514425
7726394
4100120
944720
4014018
8974031
8341971
6014850
1935587
9670077
6116234
7725551
1983309
9638501
6789140
4421722
2650219
8206986
7504461
7042951
4519905
4123027
7069859
9272935
9868816
689947
4018788
4121265
4515597
3460668
9907199
892103
1431476
6889029
2358801
9015670
7681820
6018303
9289333
6411616
3316740
3873925
3782584
21190
1510849
3606675
1813116
6190656
3612396
7782302
2773213
3376614
8731107
3864604
5944624
9626731
7941682
3913916
6584733
426216
9668406
4323572
2567073
3593101
1959532
1927282
5573722
1244716
5577697
4466880
1607962
1581371
3936959
8881501
4991862
6571346
8992919
7766285
9042958
3901003
8448414
6866274
4521986
2206562
8023561
4626968
741321
2799307
8187847
5249080
3249361
9928482
694220
7266155
7343771
3925983
5414874
4328619
9019838
6471997
1949705
4131400
8937471
2655104
3800566
650205
6840907
4458589
4764271
5383667
8522362
2695659
8861875
4345478
4670631
3725504
7549443
6842317
9124274
5714523
7225496
2742784
294944
1857176
9251414
760968
1354263
5860413
2525659
7908022
5222167
1160367
7520195
6671772
56883
8235767
6600049
3979966
637165
320090
4019385
941187
7937584
4849875
3574879
4278974
1908283
3026372
6680029
5213621
5875639
6688042
1772732
700720
3032683
4084260
6322746
1990441
8134584
7656411
8395859
4427789
1945094
4204892
3141172
481418
7454003
2181491
3253040
613927
9678113
3759984
9331936
5587227
3931327
1948577
6196732
6820441
2749004
3224672
5362655
186880
3577148
7694225
6628189
5976612
7468363
4583684
9599094
3220162
1017185
3443178
4472626
8113518
9829441
9839172
6825747
6025056
2317312
3470315
5226007
5820831
7553376
7303113
4457009
6159140
4864509
7999890
8070147
915039
6073633
1312998
2479333
383714
2208776
806287
1174219
824102
8009825
5817114
8772587
3291876
1601198
644754
546386
6913985
4058685
2977702
3926244
1520183
82237
7209658
2706480
3492035
5147558
8067585
1642590
1799743
6242837
9367684
8464565
9334800
2950921
5970371
9345052
7530596
252080
1549397
2646390
5994941
1785959
99626
8366707
7930883
2870351
5020942
5400124
2223237
5748766
485852
9802538
2507580
8102989
9860738
3653678
712061
531664
3612614
8157410
6602171
1863848
3773271
613643
6748818
8140648
6582728
4907822
7547778
6036958
1057300
5596008
1185324
9917930
6501081
118761
6942570
3875754
2610428
2881883
3340513
6373985
6761290
7092425
7377200
9378076
9805096
123108
6455880
1873421
8567043
7719
9518679
6689662
644575
2699229
3963559
9886056
7206354
4871155
9094092
4941628
2960740
6813448
9921308
2299615
9766837
3462839
951842
216497
5860675
8233074
7392660
428994
3193533
7489584
6581370
4693191
1568507
6959836
776039
7033539
960476
5823616
4441087
6532632
1837795
9310268
1975349
7719873
6288934
3239376
4400652
6725763
3395862
7229251
702339
6838543
9354093
2210043
4572523
6542844
6602817
1289016
5456611
3569322
4246198
4112234
808248
4957491
5185118
6130466
631701
2750258
10864
1840199
6052826
1759536
1019676
3652967
8801729
6125655
6215570
6011455
439776
3654478
7010534
9018463
3427522
3163066
4159666
2431783
136171
5416823
7738970
6190736
9749142
4716879
3312351
3661683
3832299
2909964
3403800
7857977
8995459
6164342
4094402
1294341
176362
5768539
9168798
1492933
5501659
6501533
3496745
1156762
9659464
1947945
7049953
6946623
948843
1720392
7284311
5847964
4461083
9519438
3605307
6064052
3068597
6924433
6597617
7875110
6396663
9569039
8847353
6655969
2930231
8929345
1118279
4981065
4978683
8638849
7924696
7026941
3948549
2266248
207817
3735785
3148854
5369846
2308969
2061475
2829894
6760255
6947657
3701401
7464661
7899927
2188331
8368061
6262792
2659685
2514048
6813417
1004553
4866850
404009
9995482
6200858
9227467
2894299
8054976
8016349
9172061
2950077
8494259
1257217
5533862
6486587
2027052
9849173
8652328
6553011
7531557
1512554
5910325
9354506
1894260
6448600
7127442
4546684
6278497
6910892
3979279
9880614
9694099
104647
4085723
6713485
9196519
3506734
1322500
5128871
129540
7740050
7647671
1187231
2022850
9237944
8198233
5046818
9079890
8303337
482010
5806442
1901460
5353475
9033942
8636193
9036497
8463753
6428215
6705310
9238550
2878138
7646134
9591425
9953412
3785695
8556914
4759558
9724349
2228945
6975917
9087049
1637232
9137422
1038388
3512351
6054852
4304089
6296073
7021762
614374
2200480
8068884
9904803
6181013
3712908
9890937
5707810
2000165
9927112
8192943
2389444
8240640
508476
6884623
7180983
59115
5153540
3133145
4295065
1330588
1913898
8198651
6524485
7609830
8337765
1336882
6347501
8965630
4723266
8347156
5941680
566720
4403317
1936332
4251583
906442
611118
4474828
4415090
7835260
8604649
4342447
7348778
2590827
37706
9658399
3982521
7503530
430855
6018399
7226527
822123
98150
5918611
6752380
9358195
5697503
6294726
4095345
3862099
1859632
5649255
7037181
8795116
4380696
4223390
3119530
4824522
6666277
2986553
1548961
3275741
7614200
9290185
7223677
1518307
3940314
6870614
9169944
7249055
3961553
8485759
6518429
3033054
833790
6107702
2661793
8946870
1942957
3944196
5086720
8108
2975218
2470813
9619060
3256798
5885652
2410341
948017
7786354
2386930
1149610
4635547
219926
1617631
9369524
5606677
6280575
2361350
8679307
9704389
8444705
2277652
7649129
5044390
9651609
4101977
6028219
6281935
8626189
3425197
9634693
9131777
5542451
2897117
9191899
2368503
4821332
7120465
4658605
8298390
8411029
8589191
6483291
3769645
188280
347256
7949956
9821168
6597528
5307157
6468911
9819254
1552217
8964077
1179590
8785671
3968516
6684887
9663069
5717116
1527138
5631570
8861145
6240992
322610
6724696
9813513
8806551
853332
45589
8763354
6904404
1255814
2815919
9888692
2597507
2375459
7886908
611450
6876300
3575533
4621312
1561485
5967338
6803584
2289874
8214376
8979306
9052232
6764515
1927086
7749256
7235653
1025054
3844535
4636938
8567042
6279733
4284193
5588230
6137474
5336035
9422506
6143867
5285343
5048190
1727203
5190052
3585213
258342
1758450
3955573
5332203
2850317
4995398
5413474
4602561
8200229
7052366
5697702
1509093
8670799
649098
5166806
2571430
6810584
3615002
9246039
1688029
8524668
337200
899815
7199536
8785597
3181667
5508207
1785850
1379353
1116457
2674941
5978079
3859657
7313347
5080506
9977687
1153549
4326435
1511895
9521659
2883698
4388052
7310066
8294457
8016031
787428
5169036
3877379
7302667
5596440
8509718
5764620
9180762
9248580
9479037
2901883
7429214
9149093
3945580
5796620
1571768
1657648
5732903
4143219
3850527
5143407
6581077
285305
418922
1717011
8336245
8218921
8616910
1369346
3556388
7114239
3815394
5881133
3825745
2970261
6925990
6378344
388601
119068
8678537
142110
5938138
1706654
3414373
9979311
3737373
9306639
8342771
775323
855651
5179380
3264516
5075500
8860378
6381574
7581166
4666635
548800
7974939
4433749
3543631
3535693
4470404
5803187
9375492
1609440
7736741
8322733
4702762
5797658
7602832
4320403
8626813
9469952
2927520
8190662
8783495
3117136
8505288
7455473
8867216
727811
3689894
2550268
775185
3048502
6989909
3733577
8571091
3613825
9319703
2224153
7403159
6929986
363058
8856404
6491072
26452
2800330
7740220
643793
1782301
9619857
8955233
7423848
6210871
7885728
7331869
2910644
2766576
7769883
3916509
4233911
6378813
1295377
8840335
2947373
555985
7494639
2114944
3612173
8456459
4940930
2200300
3926394
7789236
2374043
53584
9965591
1946104
4209473
7688020
7050984
5762782
2090119
9928249
8990197
4981203
6334053
3893961
5238706
5749665
5331683
228921
9763778
2206314
7387463
4008774
1613369
9057271
8500735
487956
3211967
6531307
6213312
2341615
3978072
5392748
7424396
6162707
642890
4551590
8458490
405094
6349348
7307243
4878154
3510058
356934
7594429
6259038
5564149
6095353
213368
6147596
3937087
5335499
2059100
1272795
3974853
1074720
6442291
5291077
3880930
4535330
1664738
3082238
4183878
1907643
125215
2008723
1007103
6538980
552259
4195072
8543784
6337466
4069416
4374414
5382189
9701828
8455669
1871281
8735005
2774287
3829204
9152349
7230540
6482062
6470966
2273027
3713431
6079893
4747673
7349941
9321708
8478189
6109528
7184443
1670817
2880233
6043570
6397344
7158238
9972185
2584662
1719701
6792404
7352677
5620447
1842943
3322702
9895559
1048786
4270696
9080454
9217538
8779812
7018775
5323645
9815395
277311
4211366
6807653
8748171
5069194
9339552
9872896
9551020
1106279
2209129
2573302
6663782
6344139
724481
9897890
5603798
7997883
1460789
5185941
9395390
9071525
9704562
6639922
1584835
2504393
4457971
1028237
729429
5418182
8233592
8331409
6304139
4290364
6789254
4623105
6248604
9879165
5471229
9220052
2244996
9481215
3587135
3927757
2618329
9866664
6944671
7779600
8808020
4088729
1779477
7768892
8691658
2638528
6774699
5380621
3805146
6923995
622732
2391390
9813473
2726832
848956
795646
399378
9810948
8778403
946161
7113277
2003079
9732965
2809207
4053990
1289359
4005226
5833307
7031181
7638479
5924814
8678300
4026679
7959813
7549778
6496932
7887653
4562192
2779561
5550051
4831504
4747606
2690275
6769108
7116352
807062
59338
8577234
8028834
141983
3560708
9594272
9640049
7002472
7301907
7072948
6809140
1751879
7132951
4697625
8213029
2443030
7309166
7580266
3020978
7593731
2670712
6528875
2768633
6031256
427907
6790035
2269531
9385965
8954778
3266846
604913
4204722
5286108
6105651
1260476
5909846
2147540
4176859
9378977
9520572
1054218
2131293
8973518
6376050
214197
5591990
2278266
9888951
9502736
475345
4012224
1688165
5935456
3780057
3730482
657771
1878684
6723778
7827418
5161062
5477180
9155740
3696553
4535896
3319253
1899835
550128
7976108
6286918
5682235
7175322
9270406
6006658
4143860
3127240
2653820
9666403
9108175
751091
1356108
2733440
3924794
5011922
140957
89274
7758494
827052
6101917
9744976
3694280
5706822
1324667
831518
79008
9971314
2412279
3206337
7557927
7167566
321724
5265235
5529868
6591335
6560578
2489482
73238
7809493
9695470
6854126
7212277
3329494
9462545
3856714
6794291
6084078
319445
4316225
8975899
7088800
4688701
4368889
4671612
1938766
4994852
9310263
7785730
4767759
3093475
9151977
3968664
3950584
4892137
5405975
6404927
4121618
2126372
2176741
8125967
3667706
6347542
4483857
5847524
3746174
6521782
3214559
4931906
6669609
4147801
1267045
5092263
9150748
7975525
360402
5774001
625273
4433372
1800597
2358507
7949248
6382892
8101620
6985143
9295677
222455
1088460
6449586
8758856
5585235
9459458
1851267
6034688
6866203
1508869
7954629
2788970
510630
1490042
8997661
6211570
2579495
9619751
5494788
7180326
3131064
7905077
2021151
3862654
819007
6411027
7171490
7791900
3387299
7291459
8574522
266141
2474238
9071937
5802223
1441670
523413
9983498
359234
4451252
2690900
1336587
6719901
1325291
7209768
8406970
5219421
7334036
9871151
3373832
7812411
5772883
1376783
8558786
6500823
7969871
1093090
1834351
7786515
9087602
2723359
9550877
6771207
4169159
4512817
7006090
4434997
7424526
9784287
2761285
7714315
267473
8055475
6563795
4136609
8508826
6985475
7060550
5959721
3082750
9609540
9436318
8886136
5575620
4807891
5215210
2914748
1943322
7804707
6322034
1520807
5816727
1828784
8886521
5720941
6777491
5460003
585266
911493
3147231
2108548
7351953
6883025
1559056
8133535
4331533
8499433
1397353
8042089
8042508
2207033
4523322
1997282
6736062
893301
2137639
4625584
1442775
8735484
4806638
4747250
831604
4411277
2558675
3814105
96069
9734831
1473400
8227437
113635
4280401
2219970
36970
118214
4151597
8446098
5648878
5393529
5397615
7138234
8617097
3035276
6033816
9002723
5971419
7790687
4834342
9839811
6310574
6505979
3971620
8193674
3542000
460575
9963512
4953569
3952852
2517496
6367874
8535103
1755737
3474717
5524900
2696874
2714019
8648982
6028646
5546233
5404713
5243336
7925332
2834412
9858333
1087523
3339968
4346797
7058243
672526
1336158
5818173
5016578
4322392
8941231
9052146
8008497
3314375
1524593
6655131
8242695
6671744
2167369
7344944
8052957
8940839
5961436
8789729
5623007
8549254
1938979
5259484
2145389
6446831
9791983
9506348
3739410
6306775
6640524
8216200
8343683
2084176
1221847
6702238
2958096
338788
2051920
8224556
2219419
63761
9785201
6928430
4842989
7541101
8376955
2492303
608982
6344939
2430275
3648180
7556973
4545843
4597373
9657505
6218210
1358586
7710595
9666205
5219828
8990829
5041393
2864540
4808870
2304120
7176229
1534771
7027445
1960254
5234961
8986396
9714630
3672078
4184442
5715880
2899318
4647590
5173291
1071258
8537914
8569332
8405839
8860404
2309906
1923141
1655803
5139213
6924399
2338024
8640761
1732045
5222922
9638428
4887804
9867872
8660164
9168760
3968131
2527371
8079129
9796068
5387378
2698648
1998667
7776870
4052740
5970199
594719
2051100
3247902
4202864
986350
7095421
5585889
5983990
4990803
2810473
1162630
6784292
9384139
1017856
7921907
6831078
7292400
1642627
9476599
750752
233906
9997746
83375
7010569
5576454
9844954
4220258
3965294
1558836
6898154
6063128
8026487
5729888
1677418
9412420
5110398
4795859
3610630
8117032
2736856
3534211
7412496
3247952
9702490
8580995
2280645
2790717
3806459
1423629
2239158
844068
4310183
3206850
5759718
82305
7777676
2824135
3358695
3432023
2584968
9916220
5848678
326491
5389727
278147
9698589
7636959
7280053
1929797
5422033
5434006
3120872
127941
9361417
7497141
1574616
1442034
447005
3937723
1952570
3316181
5946088
3432470
2800276
3853796
4987724
6192248
7603823
2152660
6579985
2177832
3641420
8050557
2605402
6105421
3377624
9008200
916144
2830709
2540658
977862
3184272
6441435
8427522
5860658
9658095
1710891
21797
5437221
6304444
2723995
4250489
6213355
808123
4540798
6464774
2150742
4846775
2988932
2042631
3893917
5872838
2484014
8474691
9821148
5644516
2604999
4499232
2766755
7664444
3309537
9988022
8476352
1913970
5179439
8294247
7132372
6670617
4026758
2821210
9600428
9334600
8153180
4125154
4481851
4838167
2462758
674367
8283598
2845209
6375262
4638188
9690095
2410551
1244277
2841724
5134216
9555259
8360315
1851991
5602758
2368097
4724784
4161297
7383737
9540995
67057
3775936
6405019
3534961
3918191
6281886
3671601
6251034
4831251
4956689
968845
4559258
6361577
8476388
3876388
3898325
4253657
8267119
3896729
797168
7429702
4477318
7104132
991958
8626975
2995541
1270158
6486694
2552181
1337122
6716810
6689466
9347702
9274824
8158481
3571691
515804
6953159
6947437
9240303
3150835
7088583
7443057
4478459
271490
5917287
3610731
9054015
880778
2539352
3032748
1511199
2095272
4921785
8589359
7225487
3702722
7808851
9854116
1329611
5775117
6299124
3322000
981736
7736731
8618166
5411864
8927173
3036954
5875091
1711084
4496920
1074287
5575615
7155388
3450510
8387788
5082629
7930304
814907
7007744
328582
9247176
4935235
5290515
6362639
2133638
95752
6169361
9837156
5676845
3981863
4033915
4614489
4110698
6494285
5515928
453954
73157
7038464
1994980
6479834
7114571
2927185
5953645
5715489
4190628
4565744
5916810
9925377
8756351
5679934
9427886
5007206
6616035
2255227
2516621
8781485
7718660
465687
170137
2064847
2735805
1677538
8172631
2551035
5346937
5464514
9109280
2444265
3216068
831911
2814115
8715628
7399001
2473644
220621
6064769
7330714
5265104
293906
3211913
9970171
5094756
8447640
49198
5366836
7327212
5506165
2998663
996136
1500359
7978858
1514291
8608485
5156201
6734063
8855888
8026414
6973142
9976460
1391309
5845428
3372809
3980372
1263393
3064375
2228255
9940132
9812106
7475641
9409580
2750356
4591747
4419554
8166559
7810
7834322
261815
8491342
1873655
3135232
6468873
1405465
5359382
1158955
4854723
1578032
2754489
488981
8698349
564058
8650290
1495636
6388208
1716663
3548683
1912803
8155526
5822430
2436074
5738565
3643437
6114523
1425045
5294699
9717032
534005
9686537
2523794
1375461
5325420
9693266
8656946
1498716
3230898
8042494
6389181
9463098
7421601
6504983
6452330
4250572
5066028
4225113
9688354
1825477
367974
9029586
6577539
4417271
340179
4704734
5849335
5458758
1581842
4126121
1717005
4615636
3951097
3758332
7881917
9379031
1026122
6700342
9110541
4678158
7634705
4542609
3626146
4606374
5427492
3238657
9049726
2867484
3028256
2372494
2854433
6002074
1771902
7081376
966606
8308173
3905099
4177670
8330773
6800044
5812618
3665544
874999
3476135
8939999
8860086
8782658
8474530
8472702
6298214
7296337
9728960
1121115
8915432
9371568
789570
5231072
9103915
6187472
861761
8190402
7331939
3481164
5601982
8470462
7604813
503843
5853449
4895197
2736390
3872026
9639473
434518
1268308
6716823
8081977
1960755
7321898
5044588
2740635
84836
5779132
6161100
7603591
574943
7577172
1526858
8455811
738755
9844506
7993741
2092347
9680195
5533913
3934498
1656966
6868999
9373985
8556949
8363982
1509253
1550251
9622754
2839624
7264487
2738396
4184841
5489404
6791079
565311
9636372
2344774
8623219
5704078
2229043
1168243
7332163
1582431
5911758
3657395
8030186
9914415
1550316
4926601
989322
321231
9748874
5769026
1669084
7518617
6239937
2601473
5928337
8532676
1255638
8725169
5089891
3071729
5430044
300719
6257118
3116771
7920897
1591813
2155519
6013774
8973621
1426797
88051
8419190
212896
1729897
9747112
238248
9355224
76836
9503884
144842
8523316
5353
9054028
8377085
7136873
8329522
987294
7477383
3752707
1459604
6811258
6542029
2769100
6968140
5454582
7162001
5078252
1644957
9326441
4280569
9892311
947207
8177473
5043843
5091745
791840
1394060
8450467
2406403
1001754
6930078
8005424
7234038
171623
472046
5427488
3037782
2836693
2657012
371707
7379814
4112699
7916811
1597196
5287960
5864328
1521499
2953224
5040912
3195842
6552153
577318
7301925
6104354
7172741
2433163
3097602
7937977
1241235
7989888
7859558
6734563
3531896
8165241
7817589
7972226
1258640
4293396
4556451
3556033
6413520
2689174
176845
5574606
20254
2411799
4371803
8519190
505831
3862122
617713
9691868
6559553
7395648
4997194
820197
2565959
1228176
9244193
9859762
7964917
3292938
7212027
7190113
1396825
7269355
2749679
7895169
3502697
4392453
2278698
6020282
3881843
3121135
3507043
1626324
3806385
9099549
3350838
4826420
4312914
7789195
1492750
9135224
3540967
2984910
2342740
4708973
4941959
8841172
4106917
6425295
8127151
8866517
849232
7815175
3649741
7223857
8756027
1671540
4775099
9489055
7472409
763541
8070045
6289186
6696886
8126687
6158114
4428909
5783170
152548
9003137
9557916
5911257
4461441
6158481
6044780
5127634
4526443
7748101
6838234
4634935
7388299
9939033
3584372
883382
6060884
1287477
9490312
4120636
3747030
713412
5392331
9473921
7505472
3712098
9564576
7066321
874311
8615109
164533
5979855
1157590
8479457
7705866
9190642
5036843
6513928
6383354
835830
1992040
1621159
1564146
8281369
1688703
241316
2141799
2299447
7119830
3640365
1939009
1386879
7551573
4260753
4901945
5446679
7111224
9647532
8406573
8213726
5444093
6626199
3512131
7705834
650470
6778169
8355304
3001681
9913789
7592731
9097370
9638144
4050199
3666202
587664
3245670
2852636
9947605
2306774
9310304
9807902
5114343
9686824
8628485
8729969
2238263
736879
5086214
4544166
992455
4097218
8367936
3132054
2422449
8711169
7013669
9167199
7093466
4418081
2800166
29260
4680848
2617912
6865407
8621367
122793
2426041
9845995
2841674
844830
9198408
6777870
4313713
8492524
348292
1014730
109346
454450
1442492
5894150
3708781
6001464
3740360
453131
1506725
1386747
8623908
6353238
9140896
2583605
7219561
6333294
5445336
3377861
2422548
5325375
233233
6572679
2557939
5045038
5969621
4154881
8982789
8299852
9882051
2266570
6259636
9164999
4393436
11722
4371295
3636095
3010890
632166
4433675
5468802
5062976
7419097
1371943
4276792
2212137
7031663
6178952
9637817
3933575
8762756
2673025
681572
4961663
7817490
8526595
6627677
1078886
6820112
7758570
4375916
1926859
7611203
3919770
9851774
767000
2176291
4955609
461318
7572132
5921162
3664050
7190005
6914173
4421987
5168397
8250349
6901704
1851787
6915389
3193527
7411699
7657849
5820870
1818143
9059159
2661622
5494729
7627371
8256511
9621418
8955148
9716888
4260251
3374715
7538438
4619243
1881311
9175757
8568404
4018560
7953040
3376780
6502616
269782
6260694
745555
1306651
9418839
4339974
3282496
4935560
8348344
4789247
3761309
507509
3579471
9798102
101016
6840777
6537304
8268827
2664415
3257112
6379164
3224667
994220
3674223
1973746
5580059
5777323
9675179
5219156
1550580
8392347
3330555
1428935
4741917
4365355
7696752
4253695
6619277
191776
4397320
6784903
3922751
1724183
6294929
1023359
6030212
3153444
5860547
3063939
1783890
9309088
8588691
1888699
9219872
6754353
759908
5430702
7750055
5432362
2255152
2963387
5861646
4964857
2864348
5410232
9013283
3556576
2342506
6369230
7887423
4956087
3050420
1871544
987817
3269673
7993696
950821
7714942
5354073
4906803
6675030
6647078
1793667
1012717
7786404
2507594
6861596
7225225
7080125
5547368
6561675
6276476
6506542
1226935
7496650
3801588
9742300
4079825
2611712
9999817
4101493
3453547
5132417
1650510
6873284
9483387
1316126
2549786
4817199
8911175
7870825
3732353
2394750
2244234
3518973
9391245
4438296
5649472
7823215
3992197
3543247
1728598
9543230
6903890
5463187
6366121
7035548
3290307
9487471
9510908
9326588
9330877
7816601
1805951
7780101
8749976
2168634
8166461
8753787
5036249
7658134
5908801
9402797
7152384
5154667
8919093
2085774
2467351
6628300
2198561
6034226
393464
845665
1818365
2027954
6772648
7473704
3925185
8761598
2637519
2122581
8647424
5044695
5689173
9379213
9853841
4247741
3710840
755735
5229678
2545538
1795389
1863741
169538
3677416
8872211
8664411
9946170
6734722
3461610
518175
2746486
9083309
5367209
8784550
9619579
2800121
3837811
2325604
5155903
9214197
2624861
9715456
2175290
5972521
3162562
8370625
2981411
4558351
8942756
7439988
6310817
8794541
1273338
4773955
2442962
3537095
8721506
6804992
4113039
8071321
8473183
6997162
6423838
3155131
6369774
8467585
5359701
4158272
9844549
6638046
6842997
7183746
6382299
2541377
2496918
884805
5383406
7414668
6422796
3613668
3279515
4693023
9942676
2461763
3483756
9664958
4499705
6380369
7586947
512834
6784352
3140698
296483
9919427
776446
9076808
9080363
4717445
3184015
8960298
5800690
2726469
2687412
6022627
1650886
3144174
1823595
2913773
630276
6697039
5562179
5972125
3537898
6918086
7827237
8638952
562574
3967030
3401020
6013700
107013
3675586
9098115
9427850
8369717
3278527
6678278
787951
7010035
2997448
4889150
6094264
9232754
9241107
1091098
7224087
7469658
5728810
6908261
8166958
80657
6292635
3888576
9874616
9665842
1192561
9143663
5011640
3702138
7643173
139788
3954686
3041040
1627820
8257854
2310126
1213142
8904806
4196035
5709672
1281333
274061
6169443
7749653
4746802
245030
2318637
437522
2096230
5573837
9767136
8531369
5210197
5561366
8164502
7722112
7225620
424090
2201926
9556532
2281586
798260
4263565
8227937
2918203
2348767
5225223
198216
7982628
5077179
4705107
5149265
5749409
8664565
4928703
9134502
5542020
7194441
1111386
4797868
8114328
8419900
2244736
9800303
5346530
1789193
9733725
796591
314945
4284564
3996213
1999038
7744632
915593
3995769
6268410
6911588
3663563
3260749
915391
9916270
9781130
6890855
8053353
2484659
6764420
7325637
7546456
9316958
3178101
8081980
3264611
5548570
1623952
7317628
8386779
5266801
5223474
5953704
3038677
4900818
8539180
7894943
9451184
6384997
1240459
7075537
6740658
4850769
9955032
5565340
9474600
8830374
6058602
701294
5296101
6932790
6596079
7808138
5481649
9141907
9185239
7537234
2247326
5946791
9608927
2305509
698679
896831
5958929
2365477
7106189
3531756
3972467
4378514
2115237
5446906
5794890
5727816
3578111
9022336
711723
73791
1315010
683164
8845952
4640753
1627632
9554857
3814253
1133070
5596863
8804879
5270329
7100001
5417412
6442651
3396766
2114589
4912294
5677711
116317
5066876
8655794
6689327
3927775
4465926
1670695
993795
3194013
8631071
957487
142837
7581452
7826010
634162
3878936
261349
8830027
931586
882871
7013061
3876725
2162357
8532076
6120378
5893172
9005487
4474941
9457586
5874043
3546907
1807100
422500
6218841
791175
8337230
3178005
9269130
8854130
1337506
2088162
4155152
4349427
8695282
2069650
8886231
3534209
8872040
1166998
6209607
9416629
3568354
9696801
2351016
8530295
7958569
7930178
2835709
1989971
9553593
6942465
2426598
2029345
4337030
4539933
4950209
4492607
217997
8855392
3895577
6014020
7382658
6078111
1050658
1452614
9888376
9487467
386769
8218557
6578405
7314855
1867507
3378037
9304899
7070615
4647583
9548300
2059156
7186302
7104355
7069399
7952932
4118766
7031086
4725426
6289923
1951298
5995345
107219
4062373
5931090
9448379
1094845
6235353
5259950
6875688
838241
7877158
384537
674488
896284
1444399
2012588
699197
431307
4805360
1125998
2712085
6049832
4154397
4976307
4254441
76441
8851345
561360
2040350
5799684
4950890
9763721
458332
1633105
1054688
9237854
8156487
1884497
1740487
2253964
8689823
5165500
4219424
8978924
8529197
795022
8212854
149955
8720413
1564483
1616995
5767269
26067
89560
5810614
7269004
227851
7138535
3626904
2732666
2228276
4546256
7931662
459957
6626357
7265797
1516660
7654130
1881860
8593
3391667
4490084
659158
5159712
560529
6645142
2996153
5836313
2046620
4938896
8709840
1404176
9259341
7829213
8843790
2193468
7989425
9653564
7064412
1738946
7050465
5094439
9846465
3088701
6935268
3392204
2157519
4741410
5186904
5969601
4444706
4723279
1846184
4168006
4472373
4051849
2321559
2660570
4727986
1019709
5675985
187483
9306628
7305789
3417657
7998033
2408194
4468348
3275821
5804243
5793258
995741
5813923
3496576
8276040
7536944
5219213
4147317
4954535
2951795
6307253
7977413
9639156
8451152
2554624
7882539
3866173
6678192
940261
4803439
2811138
3149760
7102482
7753298
5387597
681655
7936648
4464310
2569967
6546814
9349911
3038172
6776677
3217450
3199770
3489835
1035884
773779
9580198
129242
6088499
2574391
9688504
3201935
2927439
2169842
1748336
4053634
106125
4015626
3361846
3877904
1722625
9358732
3461745
6648273
547720
7875847
799329
7407223
982790
1009974
1088852
2143234
7421750
1634240
7071360
1815817
814904
1902309
4169595
2179589
5656235
6702474
4473478
3472578
2691513
6764158
4270014
7192121
7267514
2906393
736990
144382
4397633
381513
7014406
123558
4173851
1540610
5802058
3841432
7454211
1450932
9344439
9309881
9234027
8042054
7058589
4952623
2029254
3614337
2575851
6859947
8370574
1088433
2651030
6266184
4991388
2386721
7062987
9659936
4851209
4061955
6598817
3006063
3521652
8337202
984790
7179691
164970
4991399
6801207
1718060
2433659
7935505
506289
1695913
5294679
3682889
8787250
8771690
4108765
5184034
5985978
4689078
8772730
9506215
8472848
2638242
7016131
5683828
9750395
1317475
3158521
1128195
1989234
221588
5548687
4850494
6755829
3583158
5225489
8218779
1932390
2399837
8425081
5509250
7273638
6006933
3071061
4380477
5985967
4364461
288765
7893942
7027537
3346953
7507649
5833755
1468377
6188877
1150319
8192141
3633688
8634953
2434063
7654682
979638
918438
735014
6617468
3369265
2974011
8086988
7962284
2814203
7138058
5340828
4792086
9918021
6798585
7183577
4928501
9632581
1020932
3340923
1999403
1655066
4281512
649919
3227853
4262725
881421
1286247
634194
2964800
6767759
9815238
4024634
3847376
4343156
2771613
6244398
3071914
5756916
4194567
4908134
7829273
1645126
3859857
647402
9318277
4069675
1494541
1340617
3572386
9155037
7599965
609633
1403994
48166
1971123
6854429
9546947
2420917
6344257
3906917
4717482
5084337
2006931
8597089
9620982
7550977
4354505
7010650
2261813
8800523
9068762
3198010
4005204
3344096
8932184
3922827
9167435
6929741
527981
1590006
7204265
7602668
4809000
3855754
5082540
4114410
2069630
3716981
9923283
5781481
8289075
2862176
1924045
4138483
538471
1126739
2581970
7473681
4617175
8309638
1936049
8060747
2484783
2348790
5396629
2027566
4178309
8081273
6526859
3164544
4038139
1347400
6694957
7163324
7558611
8800801
4518767
3507655
2788256
6651389
5204434
5413169
7139679
1273379
3315420
4639436
2141635
6850098
7665623
4860774
6819349
1447931
9074472
6014788
5265928
1809074
9196706
6560994
6940490
3137326
1173941
1828454
2347365
106832
2874764
3266771
9043992
4425389
3795508
5420159
999397
246957
1341704
6025198
5522470
6823888
1304373
6735742
3467042
9335093
306831
9849511
364459
6655433
1740355
6539278
5459434
3442545
4390698
5157612
1385176
2323524
7909309
6301366
3593414
6790890
5933128
1866880
5101576
5129872
6413394
5810314
1134928
9238883
1740400
3864638
7255963
8978867
4413551
2666546
4142074
8015247
1320965
3379917
896859
7837744
5194197
2571451
4218795
1962708
2431512
9227441
9387549
1987810
9798468
6015525
6244068
2548397
5017898
1525768
7117112
6553695
266546
7875021
8547467
9502150
5751577
5337502
8070483
5480874
2433143
5675882
5375389
5640226
6361186
7961254
9924968
3492040
5738456
8654525
7163887
524675
3050010
16622
5105963
7945962
9864269
6777470
7186483
2216140
6927161
1547648
89343
5965638
8476223
8936018
7980589
8504058
9893056
3927461
2425846
2589643
3201806
205453
9959480
5240297
8193070
4432720
9492515
9176777
495737
3552058
1312009
9783086
4236952
9799641
1141119
4284297
5523776
2505327
2793051
755571
5681430
4021523
4906230
6257645
7331686
4464261
4032152
8904009
7795374
8418467
5840004
4883834
6095379
2949957
3564692
2049349
9093546
7584957
9377825
6536939
6520182
1535217
3773827
3820222
5590930
3937775
514299
3011208
9672099
7635730
6833380
9833482
3466340
2960987
2906681
9441342
9647224
5175825
6861361
8314913
1327481
4996899
7519602
7547191
3381230
3521323
7723386
7944764
4420906
7599825
9997207
9358545
2423598
1697396
9948748
1431574
6925479
3334689
3172450
4260528
5996665
7615329
9033665
2710979
7574898
3763372
7502007
8980407
5365879
1238127
6132952
9209386
1046683
2925747
4462006
4017706
5321213
4754382
7486811
4663927
4459775
287636
4121204
5243296
711206
4861612
3179344
2128100
1080025
1448466
6090786
2633887
5941592
3942150
3812790
4816085
8105329
7247706
2048074
1735732
9774206
9556989
2225869
1224708
8073803
137539
7364286
5055715
3245124
4639802
7999636
1361565
8722404
3654423
7195107
7777930
5751710
6643072
7528451
4298014
621166
953202
6245709
4345464
5759879
6791960
8886546
1212460
5209876
6421650
8735403
1816988
3133870
4668966
3442044
723163
7936542
9107762
5810610
113324
3256137
1278935
3631004
6020821
387003
6135993
229327
1296234
9655754
6766650
9652983
8760048
9560236
9111730
3274202
3473695
5231382
3469213
7151477
1420371
8293950
5263669
8587614
7185414
9589524
5055284
4600180
7520397
2343450
9944873
3090694
1527048
4672803
4452248
3523403
8994324
6291098
9703388
83006
3259919
7950875
1962296
5332297
1226732
7332591
3482311
219597
2799565
3899468
3375733
3611692
4231941
749089
6739978
6207971
1840651
5700444
4702640
3405757
5221905
1179635
6396160
5009456
8132883
1170479
677072
3186830
76323
2483486
8292048
9651975
585253
8438215
4768403
7014124
4623898
8147194
380468
3274630
4148361
6610691
7112220
7001103
703837
3529081
5355557
7056395
3157846
5488281
7884686
4536201
8261877
2836647
1792642
9047662
3963169
3409606
3650366
2747014
8022003
163494
556518
8780956
6321201
5663486
6967474
3256906
9492560
6410040
3656022
3908719
1509290
1544424
1928488
212106
200579
991842
2541782
5838459
7529481
9453922
2308648
7777228
6504299
1362950
9417366
1130821
5645597
2283884
4976949
509161
7774496
2598137
1542505
9500884
7308743
4905435
9503257
2597663
7381209
7431815
2946987
7287423
7947879
1986440
5557791
8398878
8110927
4754598
2678678
1146767
6255455
7165162
6572940
7593361
6235142
6393862
6950302
4387274
3749155
973467
5234707
8842310
244612
6693153
6100486
6236266
7286792
5613632
6570406
8988088
7320195
8535471
4244742
5639523
5156950
254686
2965352
1061274
1223282
3993505
9906052
3170266
5965994
3351058
7080454
9732157
9314701
6337058
712278
4682387
4179250
6233869
5356329
4191905
9511382
5741087
6952631
2245716
8558556
2667291
9723355
9695302
2975606
9926068
8715635
2063585
2346599
7230848
899243
7018319
1611474
1816777
243112
5022977
6379349
4562963
4516345
9936742
1364992
7686499
2977272
6284910
7230562
803596
4327865
4997922
288579
7068888
3405973
8642968
9171044
3249988
896324
9650714
3511883
3348388
7738632
5570440
7650612
3220795
4425426
8872566
6256799
6429746
5019006
716685
249055
5171457
1930301
9399700
7982808
9418079
9689936
6479724
1991779
9086667
640731
8322444
4766112
8160944
2235423
7154314
1486378
5687597
6049043
4268489
6330862
3214308
7920056
5090913
4448148
6717362
7531524
8463426
4960704
8677897
2623442
9022524
2288050
942632
9247178
5468502
9049926
1654956
3866823
1786708
2549831
9126914
3817327
4280372
1036843
2586996
5030954
7538286
5095516
5015727
1830787
5602540
9056436
3812721
9834553
297936
8570758
7197175
8263155
181201
4022732
5736262
160147
2660276
9641573
6409585
8322566
7000964
8687716
4534290
6674165
9717496
2039701
3945642
4427056
8004988
9715238
9788684
9086515
9243108
4544653
8786839
487286
7310046
5402174
6102917
2256668
8215885
8362869
2803530
3603377
4906919
5158655
4166183
1792067
5671007
3759989
1166753
1707204
8297827
8970116
4493291
4055164
1099074
3957762
4534256
9645367
2235721
9893450
1857858
988652
8095260
6921079
5386611
6497718
9965065
2776830
6345534
1595346
6855344
3930672
6670077
6473841
5856963
9769792
7790800
5382933
6078736
6367968
2404220
7355520
1227857
7282700
1807951
5905131
8098638
4068384
8127786
8229338
6638712
8019449
4740836
2661186
420676
3296906
521718
6453264
6346917
7846698
8827471
5504311
9810768
3907161
5729188
8771363
9252467
3165283
9562418
2356330
3264283
9519479
7516377
1873587
7712331
5534955
1709031
8135776
3880193
6308260
771532
3086006
9904130
3339112
3660644
3134226
7672546
4061684
4227285
5911236
582588
2504711
9446797
7635529
3843697
1042070
8969268
8652196
5202748
7351764
4057542
6214970
2278032
7824866
6817846
6532395
3246720
5055542
1178408
5443257
6867665
1542099
9063467
795125
2490193
4249528
1500333
5984710
6517515
6141942
1153437
490960
7323520
3882172
7382997
1663456
5956608
5885513
174271
1039017
3416204
3935558
9776744
4517430
3719900
4520515
536392
5534930
6301374
5677214
7195265
6396699
7174397
744796
5658650
250041
6351807
3866675
7344559
9249049
9304065
2048649
1022359
2085655
4432210
6227649
2923725
7375870
8300675
5240888
8296684
1806128
2757515
9442948
4180302
4110797
4622691
9889788
8959820
3984179
87909
432981
4793246
6244905
4422964
7552353
7261397
9633330
1097127
6064707
3641655
2400573
8169329
7339510
8255480
5303881
1671168
3938266
8440955
4469211
3551346
6505571
2039799
5114634
9337980
3025593
7445734
1976596
1823859
3132145
7128539
6360114
1363436
4818147
1364752
7156921
3964121
8666978
3450122
7684667
1717330
2533805
5093134
4366299
8504333
6155013
5972170
8726146
8982420
486166
4119733
8240410
1131535
2760713
4728667
6484594
5998692
6570677
614409
1771731
6976331
8474147
9493605
2329301
2501289
8389200
7449420
3848236
2749452
8302638
9286768
5596578
4213624
5108424
5202246
8162521
6166974
1527362
9476091
4809096
9523175
6785118
8018251
4048545
5181781
8738200
3676377
7530145
6431571
3368113
1405395
3374580
8509824
3457223
426908
4694511
4810963
348803
5839909
9530805
7288211
3632876
7829895
8784076
6349482
1953620
2530230
7875991
3289252
616251
2133678
6981377
8308086
5476042
2507562
565658
4233878
5442718
7461693
6831219
9125937
4709067
4656104
5055398
1057576
9807045
3908993
5852789
5157351
8150000
9731865
3666674
9926218
7034665
5586969
6677224
8054537
3122398
6507931
9626773
2145924
8166266
8100833
5656200
9618515
7978852
3951501
7756655
5055282
5597761
1921218
1303177
7962102
7985143
7066295
1912878
9445891
3189802
4025604
6831189
8886286
4000300
8706597
1592469
4604961
1945318
4060471
1201371
3261711
5425544
5895171
7599343
1174790
4313211
8155581
2729916
8403399
6673669
1483980
9155358
1099548
2451156
5060720
2306201
7027258
5118876
4071216
9212770
3412792
3109373
9144021
1385251
3916577
353164
2126753
1757584
1180042
7533380
3743378
3050589
1097569
449613
5601470
7606187
9223231
3403317
3612263
1910124
3597289
4166784
553803
7252070
3300862
5713274
4629657
9332412
1801172
5768162
8648755
751316
9454719
4357794
7407932
5187513
8606152
6295062
4860399
5922217
1228004
653729
6766707
570569
1078464
5834268
5726271
238647
2503768
2819382
1386041
4275987
2770590
9529051
3888409
6832974
1355765
9254844
1546523
9940822
3118460
7953230
8042302
2418638
438774
1409108
1703497
9948508
7502392
3355692
1667708
9442675
2746475
5547992
9426456
5912497
2301073
2053036
1890684
6075012
1454101
4830905
9191952
7086611
9294588
3733529
6521842
2450389
1212961
6957844
3142353
9603831
563089
6527409
8285388
5220379
8273319
9686502
1502510
3424459
553153
872801
777214
3668720
6109188
5844764
2237623
5199041
4757736
8959281
3683515
9622948
8929483
3577199
3037715
7061833
8499654
9615959
6660348
1623395
992169
8576443
4848991
3305438
6896265
8400262
6741940
1820419
4544598
9460093
4637470
8535746
8215017
275144
7118689
277637
8317868
6066722
9538068
385668
5655234
8552067
5392370
849275
5849305
8989531
4229583
3852492
1414548
7992133
3979857
947981
4554380
5056508
2673793
3510410
3872027
7155418
2231705
4453730
8439408
1412959
6116224
9738350
1951600
6359808
2888605
4954631
3552557
8400782
2067353
7698374
1999141
612043
2794437
5539022
2041228
4055297
7548849
4307038
9400332
9905961
7718291
3967468
1265765
8681405
2590299
9512850
3539160
280876
730766
8120691
8003235
6368335
6612013
2504184
7040049
136194
3705208
5670667
4329693
8582654
8085890
3780072
4242225
4410602
4626297
7542740
9083981
5251266
3424401
5348033
7787448
3521407
8384301
2975497
5245734
8347542
7018025
3353834
3044185
1391179
89175
4413645
5198368
2139303
1278959
6946715
5650258
5508558
9797296
1278270
1149393
3893873
1125052
757148
6542591
8468741
5643418
2614405
8088239
2552893
1053392
4473247
3077901
3571335
389520
5838197
515237
6885574
934940
6371033
2373723
503775
3305771
609680
2159834
6200123
4938239
5315662
9678089
1973405
1902396
620214
4932272
4739413
3287098
2155366
3520984
2646592
8190785
4773195
879799
5269808
4258839
3786893
4571131
9142629
2567149
3453335
7810756
2961034
1822400
1470285
1530639
1139653
5290761
4854373
2812965
1036989
1116999
4811897
8433443
1006853
3580705
2984438
8522183
6937394
520221
534232
2470552
7033856
533833
5504098
8733783
3328872
9525751
1489958
6128200
8417388
1214828
4392194
6318670
7470490
6599573
9444565
9563183
2049802
7851999
4068186
9281596
614601
1170411
4519512
167333
3397669
9625664
8226620
1254019
5910104
5354121
23172
905785
257279
8742200
551066
5936257
1540296
2843910
6257518
6073497
2695956
1799035
482255
6040643
5006732
4827638
7963759
4030246
82905
4992791
4977785
7282846
9378880
6773153
6046423
9726082
2451775
4557450
6131023
371656
8539806
3933839
4831186
2016162
8335733
6375087
2566185
688380
3115743
9934237
9881685
8875621
3779939
9589962
5761578
169093
7300473
8841995
6570311
1963570
4897584
173752
2220800
8923178
348566
6990453
7016532
6626544
8410890
729141
8815013
7188928
344306
5960082
6706132
1235426
8405656
1235719
8944559
7912529
4944666
3228627
2543931
5206880
5388214
6026394
7923686
7155309
3891957
6058763
4902509
1555270
8280854
1793674
3087211
371056
2981943
4740373
9897446
6231728
1360874
7008239
5042982
9720865
6040577
549853
5387666
9266710
5803015
9305607
5796916
2733651
5355298
5773896
3314411
2268003
456975
4509227
9119352
5317899
2800940
4420861
7578717
603608
1998187
2705637
5580837
1500618
5961428
9902972
3641622
5644917
2511180
654787
7212964
4298338
847241
438737
3865892
6820703
9802560
1583590
2189941
8131542
6052575
9334248
3197309
8331957
85198
8680525
507418
4997900
7030147
1038411
4738259
9778448
7899374
9108123
4003097
7010559
7948870
6334687
2172157
8845222
6462665
4134454
698417
6990500
9261145
8927877
6884084
6142708
1595104
591021
6588820
8891859
2706600
4425078
587565
6549054
1692909
159459
3754246
407633
6590128
5566228
1106385
3373715
8468610
1172346
7778460
1496532
8746476
603328
3651810
7001535
6576394
8581008
6111085
9612853
9957950
1447788
7484410
3201420
7094874
8185955
9549507
8378984
6795040
8109675
3123912
7768019
5461552
2381314
7441372
8071993
6331886
2700851
7859813
9024803
984957
1371775
7470499
5456881
2284743
9455931
2200606
207474
7940568
2322914
7823412
955732
5042380
8101733
2758536
4838799
4064244
7221953
9447985
4575483
1556784
5672555
1564442
724286
704464
6479565
3964404
3631014
8485264
4259354
6387060
147008
4529420
7028684
8177299
3572497
4465807
8045955
829298
2677852
1292619
2269127
5502923
3316283
8823003
6381979
1020558
5279414
6256887
8990514
2314799
1626571
7407284
3372942
5250448
4139637
2495954
731184
3527436
1099082
1752013
6730979
7222340
3797885
5674192
9214518
2572993
6863415
4409525
8039356
3170057
3942364
4575640
3887600
312330
2016441
2722148
4630561
6137291
9503871
7432105
2062863
8744724
9537490
7657922
7912859
9659363
7423925
6698012
6685997
9420250
4004022
6812589
6462304
5092542
5878186
8066897
892688
2722526
4388386
9074375
7483330
1055639
6870745
4898602
1142961
1901762
160102
5552552
637717
1906995
3210905
9868701
5753708
4890239
