20000
6058744
1716620
8491405
129211
8582901
1265877
9266782
8713621
651490
1095556
7693329
6956949
1012236
8643051
3625126
2553422
8956870
8752268
1812262
9062721
3436104
6489754
2882764
4861748
4304315
5215433
1698300
6558980
6167636
1071664
1927087
1995576
6901229
5231070
8343084
3450203
4082784
1166642
5250934
4692677
295754
3052233
2618443
8954564
352217
3012975
2277951
1016856
2582314
2423701
3260406
9667715
3424405
386044
4425553
1640466
9184602
7948893
5885240
5876092
1454173
862607
5597712
8827463
5699093
4345095
2005874
3590695
9975169
9502501
5506161
162056
2236350
9922790
8576698
3535685
1567372
6103976
2775412
8912840
4348735
3487647
6474485
548580
9908594
1760553
620831
7922979
9857485
8589862
1048144
5949542
9562824
1791991
2054403
9140210
2206274
4495814
5630238
5833287
5499547
596068
7293785
9083352
1686917
575081
8492067
2167616
936641
4445763
2494495
7463889
1347776
280053
1744345
7125949
7796353
6466524
2133909
1851415
5469286
5827675
656517
6712605
9416117
7346091
7551269
9768462
8435795
7585902
7262373
3979449
7241359
9243257
4834520
4638015
314201
5817489
7539605
589387
884424
3833687
900516
3047379
2048798
9047240
5245658
3824355
6403369
3669568
9762327
8468096
316981
6383875
4429893
3774786
5332130
1873463
6777037
4809528
6420984
2410413
2186161
8420717
7397379
5171748
8877171
5161226
9206146
7714843
8581661
7429759
8172465
4306171
2737151
8641202
7615152
1751650
7110042
2774327
6057418
5091418
5848966
3373909
9189684
4031393
8414171
4674570
7320490
7638893
5781753
8642203
8777058
4477475
4489096
6263084
6464367
4484583
4343645
6210384
5190250
9064912
9287575
9131760
2991365
7561669
2292690
8688023
4082390
6631545
174129
7445842
3363641
3004177
9427466
3990228
9019150
6663077
4743869
3344954
4377438
8150497
2096386
7303102
457537
7805246
6304840
9879956
4001741
4973113
4834172
5277718
3999716
5608452
4181680
466729
1922244
7983666
6143441
4083319
3015727
375369
8773570
2832125
4964748
752602
4823820
8149466
5605019
669927
2242287
7564372
3707112
3738866
7813730
3498815
5505157
3900530
6559996
7373912
7561250
3879933
5059693
7212587
3170667
7621572
8301091
7750148
4967349
9770509
1571538
4488743
9955301
9492790
2232369
4031414
31479
3415002
7420643
4771246
6138781
2501157
3717430
1794853
7173130
9045735
9962934
6275663
9731096
9436687
8784586
1142347
2376505
5666059
6601352
4986825
102420
4277
6420195
4389314
5741312
8336847
3382815
123694
2159715
1598566
7137640
1143856
5952146
14447
464124
6288426
9084368
7662981
460361
4193001
141220
5815175
7078112
5027096
5339964
8370914
4685008
8072340
3683696
7219038
4828320
4714087
7254027
4215479
7141185
3211939
6031065
873826
5666350
4614312
5930250
9317167
9754383
9827728
2949296
4099029
3556271
5103120
6507313
9061544
7232405
2765829
1615670
7170687
7383645
5109617
2796114
4550380
3987413
2609194
7993556
6949518
4970291
1150868
7713908
8405666
6121999
8719054
1355543
5185625
7738546
3337167
424975
9109999
8125403
4807399
2072854
129943
3965249
6268584
2404708
4807541
3074493
5375476
9479709
323723
2023131
5805791
5466391
8757832
8733973
1761416
9722030
1474308
4523123
5412645
2195100
3312709
3414354
4300660
9792298
5465910
2456575
5950107
7813496
1772545
4850190
1985872
6510937
3270327
9302631
1212568
3093480
5129585
6928450
7908487
6390243
866196
7290306
515385
1716821
581185
2342821
3708031
8064001
4663402
7475637
9612269
4195545
1288338
4772152
5486273
2522406
5930211
3393166
3802173
5227056
7227053
5687729
2287963
4591782
7663996
6243333
8198683
6986447
5718874
5850088
2946995
7367998
5566493
5930421
8328284
6260694
8226950
4373727
4786419
1177313
5584824
7911393
6996147
9949832
6833384
5865494
242664
6120462
3675948
8018255
1415294
5854283
9811687
9722923
9672377
4313283
2479645
2887666
7877349
8478765
3320521
5225952
960355
7792136
2870775
7300736
2229479
6772965
9330476
1753741
5441348
6826105
1526603
790851
3962510
4076414
8503129
7206793
3282059
7919603
2180794
442435
7101087
254449
1988107
4772704
2433922
8283653
974235
4292344
49027
5455378
4505074
9113231
654120
7505208
9927982
3422796
5267534
8316597
930973
1133272
3199834
6280071
5896422
8307330
6472085
8708994
6793530
6958785
7484503
7936563
6942035
3673474
768578
1473510
2812275
3953692
384847
995684
4804601
4508870
9915732
3511991
6004683
1102088
3600189
9492739
9852120
9830385
3902925
7910534
1476723
5399255
2099979
3090911
893976
3393660
5411713
1060836
6561355
7496791
6150394
1994183
6097331
4329484
1853777
6293284
4106251
7656397
3105045
1217620
8508091
5044327
6596057
4819068
8465085
6465418
4715144
5096700
3518892
9973315
4985316
5587421
6314252
4134613
658570
3201216
2606074
3420230
5422093
5766471
6225584
6571049
6075264
9128747
8319717
6967799
9670201
2659380
546163
6034789
1533028
6225251
9734100
3559314
6933237
6181278
8167686
8567602
7444464
1913966
5236426
4738905
8697898
6628220
8606279
4387532
7700997
5503314
299053
4208602
9897696
7701316
7893164
274802
9682502
7186990
6506815
1594840
4728389
2633133
9040855
1271193
5727527
3771904
4477164
154468
984794
2582700
9953300
6463170
3424983
3135285
9033782
573315
1217051
6212593
8120041
1890225
2649780
5278119
1927416
9856332
6217380
937105
3160149
9718466
1133052
7522200
9561457
7053740
7445812
5891870
6657994
2151304
4841105
6977178
176115
8014468
1570699
6217416
5786732
5103893
6137003
8750286
4190531
9923225
5525373
7553282
7230500
9926792
7758131
929632
3056106
7818740
6573964
1846008
7858250
8152561
6381531
4904230
6982887
4907314
8046210
7906619
7991227
1814971
2639507
7445933
6067277
4726988
4340289
2931099
7190599
8317636
7671265
3506894
5131609
1634495
9275877
4479574
2426465
2409411
4018505
4282429
2700366
3257912
9761747
5505484
6202714
3928104
395134
9308896
5211730
1891917
5016853
8811742
9537576
5673630
1229473
423891
9394092
7876492
8859049
6420766
7962839
7667663
5313449
3911373
1296964
7965014
5597198
6461489
4232320
3725892
9283274
1869680
9425271
5018129
9539381
8619659
6182567
7060784
168151
6224129
8352490
6886619
7617792
3919159
9845680
8009258
236640
8741192
2590322
2557666
7077415
417857
8949993
4762351
7972437
9620554
2025581
6200677
7406361
3641035
218231
1812432
8533533
3182258
1447667
2121442
2685769
1579309
5959947
1034123
2950925
6207044
1753173
7545678
1027521
1721197
5019027
3264594
7261875
5626972
4202353
4563830
7435081
2857897
4877136
9000942
2573908
4376255
7167014
5277389
203496
568931
1948210
1214120
4521973
2729951
2806883
5983055
8358882
5556580
6031037
1463118
3886489
2262055
3716370
9215914
4062805
7593129
6042382
7300935
4320018
7077812
1278682
2939153
3518254
2812297
906969
9674150
8978451
2141342
5906382
9751085
9731856
3381997
9510120
155271
384021
6348507
4435608
5963084
6321958
9330728
6205101
7382990
5903832
7245591
7922509
1631211
491733
126322
3121991
1257214
5537852
9637269
2165327
9022014
951900
4103350
464165
9819090
9104905
932882
4860030
6690463
8590632
9734924
7107650
811448
725300
2125315
5437510
4718660
8969161
4486887
8432927
8385881
4168098
6652914
2930946
208544
1870965
917457
2428778
9004472
7794306
3353275
8496385
7172085
2840203
8733017
8869292
7495692
4699
5697095
3614001
18757
695201
3506300
3119650
12382
9794311
3399258
7421846
3938710
4546878
5496617
7950612
5928853
2903266
6077935
1896553
5505355
257134
6246011
7612806
6025328
3784739
7974269
6274916
8208806
9532784
7315496
2680116
4635702
954934
2238743
443522
5963010
2102793
4665327
9542605
4410845
8880753
540455
1697510
4664982
7113495
5698247
9635057
5115039
1699395
6279754
1491686
1346492
9152536
1136687
3910364
7623006
5708731
1302213
7694221
1401856
5460904
5266671
603514
1320208
1651204
6397214
930104
3967823
1018375
243358
5558712
1828289
4203666
1451276
9832205
5957653
1885439
4493604
4700125
6176093
9323607
1539690
6946048
1449648
9251060
2806166
5637750
1768938
2195924
5532597
6623600
6748370
6889231
2747000
3210192
769766
8377123
1879234
7144351
9612320
8807411
2053901
2516489
3642924
4061078
5843368
668517
7671277
2382513
940976
8574014
3621257
6680288
5260467
6937332
2619130
514391
1096819
4537869
789669
6457815
3243134
1392490
1715920
2432366
4069677
2089145
251586
9229100
6172522
7164310
3609758
5800490
1104370
4100051
5937879
6321906
840973
3193091
8726795
4975097
2391027
1236555
7745040
733323
7835695
7873667
3833910
5944678
8017895
3905546
2251375
3368091
8425149
873841
4272518
8271051
9215802
4526071
2008066
6687027
5593315
3339413
9121858
746128
9184839
8050674
7114639
7686844
5727959
9103175
2325675
727316
279111
7895419
3788329
9609174
919958
8512224
9062953
4962037
8664273
973285
3908469
234944
451957
5344323
3251818
8554314
2055627
2194781
4262858
1682705
824068
6826906
2369165
6765497
4624217
3055459
418462
510912
7681783
5257322
7930577
5222653
5980330
3092113
8885186
6244343
8289552
9199303
4660214
9290899
9445836
8682006
9966313
5889377
3949346
682530
4080464
8108699
1916182
4464936
3134414
5054352
7098087
2797167
1202396
3578769
580902
8683974
9288654
3292896
9273333
1114133
7632422
7544350
5582039
2617420
7969977
5386565
5471845
4180672
207514
2332269
1962204
7161932
514835
1162135
5655765
1852628
9041325
6594039
2578253
2573970
7836455
4935743
2803745
219300
8828050
7433264
8463148
611556
7911301
3774275
1552148
8541666
9808968
1761331
3553259
9489080
751558
489428
4524369
1981900
8300718
3385339
2556610
9390640
3289732
7813709
9482344
2722734
437433
3338101
688381
8990562
2304713
262963
7394247
9556782
8491548
4304323
1529264
993588
7795044
2006278
6385642
3007074
9289452
6567098
3307310
6848995
7657231
295246
1358079
7531394
2119821
1263747
2788887
2327776
9582799
6530776
6617803
1317887
9245389
3134019
709565
1521536
5056535
3017849
6828750
37012
5533552
1787550
4296038
5292188
9650367
6929049
2373646
5112273
9955025
8218777
9504399
7616597
1862864
8408643
8423419
2854330
494430
6312399
6538683
9689659
6274898
4906889
4068893
1747060
2674528
4309510
6184877
2062232
8298051
1314041
9695288
1205226
8770644
9974631
9853613
4303137
9795905
6726672
2478679
3528221
8238977
8769794
2333917
9631645
5954187
2342761
5909371
2329540
106608
163071
2571115
9017558
6747184
8333504
4788419
9035344
7505442
6197768
3969731
2416118
3351520
1660766
2698264
2494154
955454
6301169
1069472
6513513
6671806
111562
1418665
4052444
2680911
2575156
7955214
9815136
121375
9715072
3250112
6887237
6326438
9836743
5977965
5463890
4512316
3839654
7428445
6644000
2115439
950230
5456888
5131081
9676083
342411
7110041
3955220
9247919
2613843
4276283
3611469
4325548
4766628
5012163
5125533
9544991
7926656
5436213
2910462
5301595
8364236
6228636
4882466
7500990
303076
2818063
3673528
5441254
8697020
9953365
4112722
5817586
2086610
4703262
852209
950260
9592852
9913777
8787831
3163456
9336451
9487117
6114202
6522101
743293
4626585
9317070
383291
9820960
1882436
3139271
6057424
5862
8714613
5521141
9655536
288458
2972071
4607209
5305622
235610
280043
9816777
2489898
6156395
6217482
6582506
3290553
4200251
8371476
3767493
9113313
8984648
2641666
9402065
1137251
3259005
9660445
8946340
2585707
6726392
1787595
7433827
2725268
4173505
1865835
7253538
2191433
3502687
4238528
2781214
8713723
1100343
2037237
4835300
8295699
9197574
9233145
4749858
6921336
5590034
5853454
9054725
8198892
1859086
580252
5894956
9563467
2249879
2294039
4616192
5280422
5188184
7969476
6711480
3601662
1848963
1594837
9969736
4995415
6672692
8747839
9856577
690516
3393507
7063216
8771361
5198962
2005919
9260573
5857872
9000942
4753292
3134801
3292861
4140085
8554494
7420797
5018171
5588637
7571752
5157313
5881254
3310653
3147993
1798024
8073292
3885827
4105657
2538637
2731408
4450806
2546557
9413843
1362071
7892275
2012090
4794526
6316905
2689098
1606792
8373942
9884476
80268
5697270
5745300
4701571
1973962
8983424
3305445
6353827
6750689
9302402
1359614
9021241
8288488
7719508
2070682
4248822
8946752
6262044
2613261
9859499
7982475
7754014
716203
5612671
4802826
2939266
6826204
8317579
8294851
7604236
611126
95108
9386189
9092408
5630681
6380377
1098082
5405427
3403578
6352935
1583905
1181271
7934094
5623261
3950360
4337631
414605
5736033
5639367
8408345
3054367
6084898
4696143
234415
4349262
1538933
4986813
9692522
857264
2753472
264894
9394103
9581573
9202961
1201589
402483
832623
1950711
4054529
617828
3570643
8710895
6467045
2176842
3503384
5185185
169171
7981924
3595951
2777302
4763877
4863358
1604889
3073677
1936620
2157097
216569
4148988
9276321
5203881
8810716
7015626
7016656
7581848
8193054
852193
7304461
2025965
6016644
6117590
2258129
6322145
7632182
1635670
411650
1555815
1201947
7087086
2744739
4575954
8894933
3386858
6251416
5245336
3658640
3055738
9984496
4528
6489268
4437437
1553408
427199
5447389
352427
9052357
2595949
7287046
6218191
8007689
1578157
7498783
7333238
654736
9227416
734059
6269194
2487546
7416214
55426
1405197
1888011
6065063
7981505
3831770
6121919
6502436
5567956
4585436
2000703
5835845
2069059
6178837
8541126
5186384
3579086
141734
5246836
9293306
6441401
9134876
9685881
2807332
3038484
3191242
4414819
6206222
2595353
8028120
9631310
1625352
8278841
1036654
7699546
466233
2694497
7058129
2658042
7646063
2869742
3647105
9636440
8721395
2078772
6302418
1546096
305610
2348921
77226
5472475
379596
4088682
8337349
105555
9531197
7275429
5273905
4466511
4386415
514978
6387379
3861349
9445349
9364545
2629559
6542019
460827
3717828
8069910
1709489
5701460
7287296
146427
7308389
2644452
3095734
9977718
5144979
1150214
730514
8253265
5978528
7790867
992393
7276376
3719498
8142144
1268685
5931700
8255854
9604591
4616455
5921802
7989947
5169587
1273162
6369736
313345
1162736
2069806
8181773
4807072
6175570
6090918
2319870
7599163
9928604
1495342
9421357
3363331
3491075
4911068
5712016
63142
6108837
1878544
6524170
8577717
9070298
6609749
2657259
48457
6080049
135924
2010292
6281793
761358
4989144
123774
3499031
4369881
4128543
1061574
7020447
7108034
6999436
2251294
7992754
9514488
3477161
2652379
3946997
3892422
8421592
4172926
6736994
1040589
6745880
1063322
3715749
4733872
9268123
6953284
2191432
9768703
333023
901898
5894266
4231821
4661149
270174
9002297
2593150
7352937
5030246
7759753
1949095
8820937
6486541
8140520
8152394
3205286
798776
6183013
8840521
8347958
8678124
928470
8481111
8353802
6190543
8095595
2383678
4056097
1594590
3259760
918304
3358221
7753174
8482866
9056534
8417583
6326664
6039121
8525583
5380016
2504296
1254810
908137
1801187
4414782
4358448
6472467
6810433
1773875
9239839
474708
4175774
6139273
8907266
4413420
3689316
7278741
3697263
7616025
4813822
9401763
699745
9348657
6723976
2885350
3385705
3212432
5473106
24858
8955862
2115044
7496742
3420675
1719828
1460548
1548425
9221175
6372515
891544
9367501
906515
1285360
8166237
2198661
2977556
2059735
9255831
4601709
6671703
4231547
7288206
3199240
8524037
4938408
5810703
670895
2554443
5463065
2065021
3915761
9738309
1591212
1404344
2420075
2577857
7310571
4472509
2208921
9356940
1514804
8359612
556351
9825968
8389752
4504245
9389650
2978910
3931119
2880619
2750012
1451308
1537909
5182929
635589
1326518
7631423
8205381
2913201
1371829
570679
3273310
268476
3023775
8990953
6300643
3407870
666081
1929715
1876469
473667
6992165
8602025
9772085
6968895
2480138
4059084
32586
6572396
1177377
714015
4734151
7694777
9487996
9047388
1473604
9892143
3645100
1333036
6686438
7937472
8444126
7004991
5969029
9125378
4465393
145395
795131
6063057
2361628
2885988
4789060
7491688
9170523
8638415
6219164
1766585
845598
1288224
8474531
505526
7490866
1329110
6796672
5536701
499271
2954739
4461161
6229701
9672919
7374390
363646
8953009
3577213
414776
9935218
7634897
4332364
324924
6279282
987160
3699725
9180787
966167
4311809
5110623
1170135
6901586
8907076
9022796
3175958
9300805
8692765
9141177
7568972
5832495
1661723
3655257
3525347
7054443
6245770
8964806
908370
5780767
7179978
7497089
4734571
8322733
9951737
727987
2903836
2483576
3066045
4138001
1455470
2722790
3836122
3477729
685671
8530144
8256593
478422
4300994
4628560
9584685
9915466
7661240
2797214
990115
4055401
470271
2598211
8463216
4628640
7990505
186863
6184360
2636365
6148104
6115707
8628551
575260
1336910
2102863
1765200
8619594
4857027
9612617
7765084
9243171
5653431
9835716
5048345
8406406
7554538
103705
1661137
2742061
2031743
4888240
8341340
6008135
784378
5356632
6541156
2574727
9836021
6484438
1366247
9356003
9153827
2992957
7036153
8896750
6354916
2927395
9199427
8022076
5369613
5722831
4200704
4815501
1119446
3199742
7549383
1079138
1158990
7338960
4680810
7015099
764150
2264926
213682
9774867
2831779
8605434
5450698
1947186
9012150
6275621
2869542
2347420
1034270
7010285
1604788
3853791
7320443
4672662
5669123
3564948
8127018
2179776
4982385
5492661
7006532
4390397
7392251
7381471
2000951
871896
3410908
3306064
6855217
9689803
9462241
2215911
6437425
1342658
894510
2757876
1421709
1550650
5113409
8542152
7032209
5330257
1352214
7959927
8035972
8086417
6588340
783696
4758956
2888434
2313024
846176
1642002
7734694
7895316
7244197
8013488
8643467
6431195
6295588
9841425
3550906
6598668
3867371
7499895
3589127
4580571
9912697
2219540
5591239
9619772
9412980
3361699
9061504
3356029
2489517
6635077
5430264
2079488
3951644
4054030
8613102
2548001
9807455
2103697
7599476
2579863
7858258
3500423
6196810
1462418
906470
7676562
3625354
6181192
1556216
4647197
8892339
1818220
6361347
3657995
3566218
5146433
503872
2818674
803191
5038343
1402563
6854798
1689918
5107012
2200895
5527475
1240964
2622631
8734028
9271435
4580493
6565674
2157857
78696
8196245
2273934
7155171
2162009
2330419
2132725
2009560
1284486
7263679
1493356
5316511
1319249
8611080
8014110
1713027
9567396
4345065
9363036
5068688
5861347
9211349
5749283
8741879
3171255
3458162
2695768
7860151
6787396
2904301
4469823
5695558
8985001
8325459
539986
8186349
990112
3254858
7733094
1363912
3844478
5675969
2637513
8500027
4080356
5475186
9724604
2961403
3186219
2333179
2149609
5473665
652501
7766244
6211177
2591395
7692309
2003386
616513
9590566
3361371
2528194
9846270
7596293
2271284
219060
6508755
4953670
1737365
1258695
6510269
5659376
3067039
2514208
6081231
9223328
1301870
678819
8850945
1675314
845813
4038908
6074475
9968743
4259585
1941033
2994476
3884400
9401579
498710
2424744
4745177
1589227
9670277
7032879
3348073
7369520
6729869
8479068
837412
6257749
1725719
144850
5517612
9625497
6623338
3472532
9979391
9620489
362459
8802741
159195
1892517
4490493
6524700
2915894
720913
7525417
7167320
2147822
8594789
8087920
2529629
292316
7217350
8048238
6959347
898066
192134
5403101
7781761
7813592
1796203
4877772
689981
681799
5916226
4136959
9817588
465714
8699294
1862198
2466161
5619182
3386326
9029084
3427519
9579150
5220357
1311234
5124337
3713728
6308877
2159594
5247526
6434334
6595772
9221516
954968
8212111
3630446
1944244
1658373
4549706
2394453
9614318
2915875
2704042
2228007
6157489
7280861
4381868
6167571
9427273
5122621
6278976
8711251
2146763
9646014
6758940
6023503
5720629
2098835
454262
7339439
1680409
4664050
3804717
713573
7839072
9549788
8782330
8838605
493739
3980280
2703881
5949059
7680863
7724259
4221962
4221241
4390862
2548280
6721679
1528566
1726468
4719939
5844875
2924589
7221495
5586671
2464562
1970379
8179214
6496055
7082873
845057
5255362
8458403
8545810
6058628
286432
3761337
5074124
6191413
5088481
7496241
5775479
5438732
1243263
8564979
8257020
697632
5006541
8833964
7465410
1493315
9298320
3184288
2953508
292373
1937547
1376533
3540941
3965572
4825667
1694244
1712664
6259624
6035208
2421798
4946593
6877886
6831713
5960439
9906
4595084
2706243
2144508
1501019
8003804
4617601
7247038
9357716
9727813
9731566
8614687
3778575
241792
3001029
9065293
202235
9080410
7188528
7081218
9593593
8956165
5660774
750039
2586466
3332257
6298537
6123162
5635349
85726
4885386
5307896
9468245
9545761
2255082
1393547
4575163
8121588
363894
1502781
1222538
8060568
6992212
1840760
5904396
5239140
4368524
5457024
7800492
5056877
1882629
3226176
1726584
9649462
2794603
195971
4620051
7598462
3488605
149335
3380112
3229759
3761683
5035947
1356066
2975329
3740610
4280334
8484237
3576529
7351267
3008145
3331881
5324311
1791667
8815887
867038
5981225
9377056
5285289
4235324
9789439
5936143
6922067
6673454
7467513
1221074
8922050
1642707
25457
1016357
5999156
3307732
7213460
7508506
6701106
2555460
1148447
3840920
7248382
2527294
6830365
4994195
1457128
9503594
4896423
4217398
6815355
4539042
7155093
4051667
439051
5769944
9465484
8832111
87948
653217
4119289
1689815
3956248
4542636
5634462
2710361
1006822
5256990
1753746
9978056
1822504
5405950
4346765
1890734
8763883
8834924
6124282
8269861
5577115
7379264
4626967
1867832
460022
5581315
9088164
1448109
9544042
6404135
7614339
4504801
9843269
8097969
8410619
7347412
4900259
3849791
6431571
9650421
1828427
5706535
5503450
2551291
3090802
5137433
5087038
6498855
1017269
7573203
2857082
5573846
9162247
5246356
1153521
1593591
3978587
8173111
8126552
9535195
9034791
8972566
8612718
7171879
6548235
1238922
8015944
4140802
149112
217893
3192257
2629831
3433466
8516518
1952229
5449271
3885384
2160654
7934053
1346554
5536585
9630667
6037453
6258743
6140751
8063691
6825403
173170
8814213
8014294
8875887
7355572
2158893
8477706
1375240
1395403
1400490
8994519
7153611
2952520
4946343
3264472
9616809
2262428
3054948
4755701
4311535
3338005
1196080
1793394
1812488
7043397
3057743
1833284
6263906
9531686
2631741
8105252
580985
2805861
1220651
6339913
557757
2134178
6984316
2158198
8884008
2940915
424101
9338655
1156800
2061088
7299202
9576961
8858679
6151435
4869262
222936
5665023
7664269
3147151
9283119
5886791
4149198
1582194
9128820
5445629
2913674
9235007
3533696
8651414
512195
4208240
359040
7511130
2725758
618226
776801
2285349
3256560
9230533
8282558
2871933
4062940
7463797
3538259
7141423
7225166
3636852
2322552
8573029
6882448
1109466
4641785
317354
1341542
8014947
9824219
3476188
3673938
8161725
4301576
1208044
728215
1161753
9567433
7646301
5342828
9940540
5339013
9158928
9183397
3302334
1944890
7871933
6229626
3903346
9924021
6468714
4186974
8552027
1316766
5943524
582915
9484899
9846384
8654562
2864665
9480687
2040602
9872351
7050915
9452123
2126297
58308
4109041
4846136
8750724
6544301
6453763
4829208
3470675
2501662
4447366
3192919
297389
6052703
3530480
7926060
4155565
1466282
7934006
3456329
4511098
3171136
5486256
5780722
1531530
7945235
9602067
6027583
1855559
1585415
6621345
287110
7751751
1240552
4580440
7745670
4985384
3905760
2404063
2680140
4259200
4408194
9252931
5762878
1166402
9755188
1083726
2680205
8421105
4016655
9555882
159697
8560308
2667573
8793877
7621422
5983612
3176263
5584074
8167018
2333841
9893208
5637152
1353803
2017827
6894765
7907862
1382119
2980969
5515597
1573772
9731836
6543374
9134544
7106864
2639115
2481622
8205201
9871227
8663180
2293605
306855
4149917
9622303
6428126
5202755
1798346
3176471
7972260
7743746
8732041
2820829
7667051
3129220
4160643
6095232
4664081
6557577
6283538
8515095
4658190
8363933
8818236
2893653
5221105
132350
5312108
8502115
4404687
8947356
5888335
9363011
6361170
3904465
4934081
6794766
5812293
1350444
8512871
3283152
3460761
9178596
837537
9730192
6738154
8404840
7986347
2065562
1030246
7465955
1220521
489617
9270274
7563945
3406146
8203368
1498553
4242391
6536947
36020
8535614
5793978
8371199
7817549
7590124
2034975
6497768
1202709
5730618
2563007
8507070
3248914
9595925
2525513
8770388
1957915
7614003
1993091
9752336
4344343
8067604
9249420
4933378
9720557
2868386
1177078
7969338
9595624
1403666
400855
4314757
6615641
7137976
9643473
9054202
2061069
2731755
8095133
4257772
7359216
2559965
6984072
9458141
7649985
3149422
323378
3624178
1466734
9604806
1631
2720883
2430226
1976425
2053782
8505156
2437018
9139729
2721495
3008032
3535566
5764837
9335090
9580674
5181754
502355
8859748
7691075
7432250
460539
7687539
9941119
48014
6551432
1451804
3974438
1020634
8087923
5800297
1060503
2602216
2552666
3515215
3899307
6217846
7192814
7510852
9136840
7207882
6231056
3135576
6100349
4751623
6809714
427693
1379794
6246638
1790078
3047552
4102074
874876
1825797
7699665
8482632
4274621
3109582
5594856
587290
2806934
4301199
5617603
9010254
5586503
1039513
7711948
1678391
2641750
6362983
8401284
6978582
1612206
8283402
309206
260793
1401558
9824926
4521296
7700124
1595017
2849331
3073281
293033
9663096
4017596
1028421
2782944
4344952
9653266
8005478
2299481
5331198
7819751
2946300
3830397
2321641
2341059
4541703
1392501
4089995
4009140
5762196
3282048
8292305
8036067
9133876
1659198
6316225
624949
9403142
295197
6234295
7229957
1320361
8555670
238043
994357
574293
4486478
8827954
4929918
669640
5867698
5865113
6241016
1153092
6303379
7500867
9909158
5862675
7080982
7429884
1554142
4833370
3968370
3838708
7381277
9892698
9814629
9836993
7823375
9431988
6953824
6350082
3835022
8848907
2260605
8278537
2297193
9962101
713923
2777056
4735329
6935846
6128974
613346
1324326
3730964
8442491
3747205
4865008
2703008
7007976
3064399
8803691
7102951
1654637
2637622
4724849
4062222
9043126
3706478
4016186
7068719
237578
2528451
5681955
5171839
6230915
7032383
5479889
9439141
3111854
2052450
364792
195728
4438583
5814500
6902999
5211551
4846075
6614577
9337323
9210852
2373015
7776912
8011412
1664498
6334034
1601944
3431993
3261703
9685462
563621
4230984
4203930
8201705
7259228
3728486
5138581
278578
9125470
3275111
8409471
9434876
6874941
5316636
8872148
8246222
7697824
3326025
7607868
2596791
5491796
5789932
4428197
6501003
5319703
5270838
3427836
298234
4496233
9952833
8171174
4846901
8321688
7333143
6734640
2421999
7864453
9034164
9947332
4629560
6823844
5907967
3962130
2933596
2959253
7211409
8815055
6948172
797053
6219651
9732660
2447563
3707243
5680363
410233
5286627
4775191
9957793
6735360
4636971
8024659
5136686
3207159
9574970
4159855
5461485
7898651
7858915
2874214
6629461
9108631
3353040
5651688
8556569
8288749
2105641
3415444
230568
4536677
2137182
7919115
9621233
3372142
2713505
2779597
4277582
5917028
9036493
1940292
3313801
4849904
5060552
2447342
335455
3874427
1308123
2380760
6693325
2340698
695777
7109085
6099074
3867242
3948293
1238094
233355
3593219
7196367
9943530
9800978
8756709
5076430
3062728
6521443
9070915
3095409
3524869
2221343
1384252
2150926
3716671
2241569
7513693
7693828
9863845
6311698
4219889
6796061
1419152
6531638
7089053
3894505
3348706
4590974
4816905
3571363
1059199
5687264
8125385
326753
8774761
5580124
4483425
7257012
9906399
7209611
6447072
4116109
3996085
6058358
1281845
1394976
2286395
8826949
1948258
5792124
895450
286175
7011558
1953547
7996159
9927405
1121487
476146
5142022
729458
349094
4223555
1187758
9911139
9353600
6550541
2244785
5691426
6229366
2959330
7362272
4827531
3445156
1465880
1857609
5517340
2714139
4365649
8166558
4791793
4591779
8265410
967318
5437438
8701604
4800612
7765449
8225263
3119474
4562458
5284494
8705162
1588611
392693
6846731
7925936
9277289
3105081
318608
9385964
4335790
2025957
334403
1530992
2848483
494792
6562189
9141061
7576304
4209655
219020
9932568
207324
9089002
6254302
3741505
7578205
3809475
7416333
9350254
1105681
8056607
2837235
8921845
1432947
155170
9157309
4983939
5434068
658217
6598849
2283501
2802599
5975889
6851665
6080164
9120650
4476302
1822788
9556685
4486751
5640212
4390060
2166351
8324381
1903794
5996787
5857659
4854491
7136887
5585983
8167536
7484054
2234195
7822288
3040337
5917711
4567470
4389954
694535
316965
9563635
9917299
3518378
7375849
5541092
2110583
4155569
9458228
3463826
7636518
1772292
787851
6557865
9774927
7141682
7970928
131776
9618366
5260755
9850116
6039319
1982475
7220023
8236348
7504181
4109879
4750338
7616992
6412907
2325404
4780816
4527929
5449765
9133697
4100720
146947
865035
9030621
1441121
3496470
9919128
6838133
7975949
2557117
6733814
6814942
6548563
503341
3813665
4276003
7559913
991764
5415640
6948263
5909482
1979329
7266794
7263661
3664820
5831378
6432291
905149
8044663
7160545
6362969
1289125
2298870
4917809
8554171
6720092
265916
5158117
617747
3718619
7265651
853207
5613551
6818504
5110314
4166877
5559987
9749479
2958834
6598716
4205668
4658823
4449979
8375469
5623843
2366946
3266518
6824212
6693237
2822090
8465835
8047582
2274570
6624875
6740487
3782142
6786103
836188
5777006
1512415
3035656
2024115
449634
7388628
91619
2850952
5963454
3974249
3096572
4715293
1956737
2933752
2965257
4947868
8540037
1682761
2062108
1783430
4417986
3818189
2001031
8950111
3166381
2506407
7517086
3959866
8539206
9150265
4265174
8481184
7373745
1956697
2293285
5452224
8698298
4072951
3908348
2213791
1962857
1820000
8533628
2776173
6921141
3031027
2698115
7679848
7786362
6779721
2064119
8129740
668566
3026860
6060025
5463615
9040018
6032872
6587961
3356816
5319399
7401948
8630532
2480955
5027409
1639378
8511209
9847156
4511398
3544769
7731538
6319115
2451570
3684192
6713719
3832605
1603311
3711543
3022438
8703904
3707277
9721069
6168897
8474503
5889570
7984932
8311201
1949531
9783764
9980442
5925417
9067246
3162331
2165166
56696
4963803
4462429
3404764
2281308
6943878
2921345
2203266
148728
1393872
3909087
3942620
6782952
2548634
5553864
7685289
8588433
5928680
3662371
6958724
5483076
908
4600315
2004111
1361739
1229734
6390441
6104114
7611197
5152982
8301104
3194700
1151652
8835647
8984703
4289840
2467907
5405076
8685719
4264985
5907199
4980000
5419925
8462211
8158438
8005041
5643660
2995936
3886151
1357922
9462830
985869
7313053
7004910
3581049
7893256
5794940
2020860
3174398
5204738
3503646
4387372
6307181
5264128
6001562
5761330
5978970
2045464
4045400
5323821
5413119
6900081
9446542
8455726
4086024
1697631
9556254
4013393
3075962
5989579
9752497
2731776
624486
8319980
1246169
3219682
6064644
9855826
286367
4275748
2775111
7417554
3974605
8852335
5665004
3674692
2515858
7249003
5118229
1584035
7743890
3598636
9755469
2194392
2840803
9414057
2671654
8462832
3671977
8067549
7699704
8612419
2473207
7492413
6454862
5995999
6040194
1477783
3671208
5736355
5661597
6951908
796815
6246927
342628
6810776
9134038
8846932
314363
3359937
2115375
3425206
5982692
6446150
2342415
4013043
7246514
710842
1229961
5716442
3953637
7430262
6889804
4725908
4226142
6566312
4803970
3520568
7859695
6226648
9621525
2860804
892011
9009178
2698670
3643878
4808051
4829516
4290330
247763
8611095
9048224
1355298
3603051
3057347
9986391
2950531
2322506
1708906
6838898
8663531
4609353
2588350
9174454
3613773
264835
7024776
3266760
2685479
3024877
8235645
7980191
7731119
2223397
1712434
4431368
9378173
8027079
8441832
5966018
2478766
5798250
4316009
9556535
7622250
2485319
1168742
9714635
9242820
6765324
8680470
3907020
5176484
1407901
5645032
84046
3446889
2742656
5394639
9933577
5273086
4717880
3193071
7242923
4123713
3882231
3072362
7785846
7744528
4967493
8222837
317222
233299
4716403
5209107
4632452
7679102
8197910
9615756
4070092
4540656
8247201
9863758
888561
1888659
6375064
1953776
9899551
6052881
2395958
4221423
4660664
5699275
2450198
9408455
8718723
742343
9645973
3811606
3425577
7797241
1213762
4482850
1432012
6784182
7215371
2752782
906158
199790
3315803
312963
2613357
1992557
2554991
9182990
1412151
2286568
8332484
660570
2996136
3414742
7160203
5801509
2583882
2639727
2687717
2494128
1561848
270562
5426660
9930196
3497356
7582971
1422444
1908247
3818198
4747743
2616906
9176826
4271614
5510976
7935307
6621193
2523586
492101
2434010
4502130
5893001
8857771
7603703
8942148
226360
476048
2013250
3491551
4721177
1963602
5398893
5706454
8001743
3981221
5180310
6270994
322015
8532499
4762086
466289
7197184
5386210
7740294
8391680
4012403
1988297
2051114
5555084
2747478
9388411
985287
3740776
4487927
8809599
2859030
2855814
4857136
3698684
760489
7887427
7714766
502465
6334620
2837422
7070276
8214086
519136
8778879
1031817
3585623
7433696
2974262
5978823
6736616
7169696
4213183
7585206
7876801
849402
649208
1694678
9884698
3515397
7598851
3311886
3878523
1182182
4245116
3876069
4796163
7890680
3466745
3594106
8305878
362060
6614274
9051575
1258896
2974246
7126151
8230157
5489796
8334236
5281414
1725932
3343117
8922499
6072952
4624860
2208345
1385651
9518054
7267227
5679066
2687736
1081052
6312061
7943069
4888562
16481
5860490
7173527
152865
3692191
90800
8103601
6374565
3332572
4216151
1423826
2293739
2249386
4577760
4168454
5274298
895903
5099816
9788309
8453462
8368739
3739874
3042216
5404125
7334456
5029866
4837711
6943259
4582373
7229156
7900536
7489626
1850902
1443288
6057780
9104414
584916
3041164
85613
2611795
3132870
5607751
8744184
7353266
7549520
921071
6104567
7755679
3307934
8677623
4450951
9882624
8535526
5017191
4360896
5773192
1170653
9514496
9029402
2464451
3534287
4220018
8502111
1459224
1525831
2625596
6515422
378702
2784954
7989220
9760718
5819452
8958649
3604205
7308851
3830260
5447450
4717275
9047682
9714661
5689929
6772823
1511291
3410603
3380428
5944321
8721936
5825287
9935171
4732427
4221371
1435339
5854846
9571105
5746148
5982638
3643022
7130373
6611692
2229600
1158958
5987793
9482975
591428
3243459
350792
1580770
4722005
2418275
8460041
5196135
9465025
4529754
2812877
8288183
4274348
7078127
3194881
5080295
4919615
946105
7545228
6944681
73578
3448754
9054516
8558340
4774208
5451410
753603
6254259
1851834
6080654
1428625
3797971
4604650
8159411
8563624
7235919
4126691
3333186
9927805
3720300
7710224
5123073
1942213
8047545
5776300
1956283
2123807
7239390
1940256
7102283
7509778
1360682
171044
5248921
7533235
8234679
9158644
1398633
6815264
2953269
8193586
6668926
115755
1765989
9058791
2773975
174821
1495161
5358186
3198019
6885078
5197542
5403790
7462134
5321657
2918357
5068518
2350401
7686616
6367617
6262377
2741906
5689679
7981382
5923805
1644123
8543293
5661883
3389300
7628294
295498
2501857
6536902
559820
414600
7040124
1361096
756246
8768697
9266502
4071123
2136200
3859313
4912584
7076855
6975616
1571586
2509115
6755901
2793361
3095382
3222423
7684609
6449799
2285210
7979805
1525726
4410927
4228554
3389451
5102340
2374738
9442844
388675
8258748
1160193
4331317
3231456
5694053
1430641
439955
2163589
9599623
8161415
4969519
6874914
9311368
7097019
6291869
4459846
6007024
7645988
7666733
6833865
573676
2569738
8178006
6813215
901117
2279305
558278
566951
1471508
4788661
5271526
550843
1367818
4312953
2353917
3669639
1500009
1127550
7793443
7785348
7143979
9977307
6557289
3695685
8962911
8060699
9912282
785193
9116191
7833742
809266
1739652
2315140
1683793
2292415
1384357
981247
6551630
4985306
7266626
3570045
4467864
2496109
8834467
2183576
9584771
7929192
8500506
4324447
733518
7772113
6895582
864048
1900291
9809335
1340040
6913828
7479612
6817262
9793148
8617304
7482373
8555387
8206982
2640385
5610877
1174560
766275
9697572
3435375
4066436
9203433
3339993
561374
1203893
4887206
7127493
5595641
1085532
2646948
7881432
9411568
6663405
9390430
2540579
7958135
1241267
6941093
9259502
3147497
2442431
297916
2729725
4048911
9799209
2451401
562680
1524296
7993535
4325016
7736318
9190335
2791071
9610644
2896921
3747124
9712700
382192
6472353
2421367
155659
6300210
1195063
4944621
1324672
8230036
4850484
8045681
6782281
6546046
1158614
9429367
1281022
78439
5010378
8653835
3599466
3299786
5209297
3932675
3482079
2278916
9849629
7381989
5468425
2741082
3904201
2363085
1492488
9742811
5826391
1065506
1310709
3935826
4791955
9575963
9236130
4322321
8260965
7798461
8223669
3039860
7392778
7545657
4401071
9167381
3362294
2239494
9270865
5944817
8680950
9744151
3601489
328648
7317209
5037635
2539675
8147327
2626712
6371420
7909356
6264043
9680333
9933706
2411517
5886610
1456466
4538756
197828
8689518
7759288
3065552
6744966
5793616
4643565
3612740
2241532
1857116
1866752
1846395
5982007
4010280
6598738
8369321
1611841
6165783
2532696
5794386
9848467
2924632
5527553
5010435
9947750
9552553
9870756
6127880
90034
5247684
5651050
590915
6692262
2777543
9509297
8212812
3681595
4111880
6486143
9371529
9416303
61415
1860261
8106776
7537898
890308
9718859
5110022
6804091
8225396
5881963
376576
3545449
8358791
2645627
8545652
4186531
6007717
2942753
317061
7768366
6912381
159133
9585056
7414738
7753675
7637857
9940538
2059148
3551573
1440359
4584131
5217009
4060871
3242614
7868611
4234160
5499645
3999815
6354174
2054086
1405153
5740430
3859143
2992913
7867997
3482856
2783210
7671538
277199
4989967
7327765
9393511
974272
2339732
1739324
9367804
648440
9430347
4419245
5880604
2533888
1347010
2918449
6163726
9315504
2277721
2241535
4830295
4392509
8410682
1424017
3032986
2791753
5915364
4908831
1465468
5346751
5111457
7997461
102104
8829805
4844936
3160195
3187682
4028414
9290061
1309109
9979621
5857252
8559125
3040728
12112
1379964
7255188
3827814
5229576
2748961
6372415
2626661
440606
4346022
9199190
9566216
4370307
7384299
2410150
7547562
2305774
5725243
6284268
3305697
214902
4708007
1284855
8987316
9139358
8457027
8864416
5469879
4837013
3271722
1384386
8256822
5091838
5816818
6901261
3912154
9947124
1249939
3010277
5916673
7926590
3974542
2405400
5685472
7447294
5216292
3285010
8824610
3423788
9849150
6088374
1557604
126437
5033054
717244
7436160
4709848
1972287
807947
6425874
7359549
7064887
4048282
1318591
4681917
4672392
1565342
6700981
5162499
7654158
3290100
2840379
9062246
5446945
4670095
9937505
8610871
2530835
9377275
6462007
4439991
7208373
4748508
8083232
9839893
9677534
2385978
9946354
7864831
6013964
1508272
7645588
4538716
5280655
3722185
2047512
3767872
5391443
6029547
6689946
7740798
4117938
6438818
9563141
3361625
6346003
2498508
1916407
6742227
4134083
6526202
244213
4745035
6504956
2592820
6944257
7103542
134131
6533986
3208735
4683927
8729786
1550292
6993637
7075882
2006573
2992027
6028103
5453967
1951512
972352
4275943
631286
3987132
2405154
9671595
1941282
6530062
263374
4453276
5496764
8675943
736807
8350697
4252706
2448412
7324323
7520323
4993594
3072064
1502197
2548778
2267324
9952145
8109622
5916597
7079844
8616411
3359503
6442809
7044092
464243
6321011
4658629
6564342
9218470
8800416
2263856
6216127
8309295
7383830
3968199
5041468
9800777
9136950
8175663
3435439
6344595
2536169
7067620
1682562
9024047
5040030
955607
6397333
8899255
8951111
9775165
5193837
7166961
8283585
5336847
3923861
860889
8957070
8894026
6578170
2003538
9134960
248091
4051387
884272
7909324
5355869
3777899
4828752
7116183
9332607
3571508
3968204
6386337
8435524
3391430
3257908
4111242
5392005
4411466
138693
1587789
3212251
1339033
3365220
470253
2064174
4819609
6015660
2649934
150953
3711040
3594813
3343424
6393593
8118696
314635
2254633
4122579
3645551
8961653
1614973
8307876
267642
3859187
6127003
8661072
2911585
3294655
3112079
6679526
6092726
3541839
8053372
6060132
5542634
2184728
7992949
7189466
3228061
4589996
1560195
3089690
5365507
3293636
6918825
1083549
1963373
5711288
9321803
5083559
2208222
367431
8901814
6588152
8921928
1759569
7956349
3110913
8969419
2116879
2731408
2714374
956846
5967958
3944738
2976331
5227257
2824744
8212654
2391588
209343
2840640
2127859
7081230
2995532
8283008
452121
3085337
6249439
9780838
5498890
9203784
5160160
1104500
1156206
1053477
7640795
4782938
8880110
3531323
5622490
7240606
3808863
9821285
8212155
3441607
2746810
9618800
2105281
1304342
1902124
3254342
2290529
2221288
737703
7316533
1723525
4552816
8025561
1789495
1995259
8552514
801384
6778330
842575
5533884
1570296
9541282
3485863
8618720
9799422
5541440
6568111
2126626
6606079
335924
729233
8801625
4009646
2550998
9832863
8583248
1656064
8139974
989975
6133254
614665
5811435
190910
6447338
7086465
5231506
3098743
1102462
1996112
7561478
9980527
5973948
1378615
1304090
5687155
6101492
7763432
1009484
4974951
9673724
5672414
7794290
1676319
675876
787708
3322422
46410
9701336
3619568
3921470
4249765
6608608
4718473
7798159
8925986
7304275
6790602
121458
223876
7110805
2215469
7479887
4079161
7076559
3074393
8599661
5877478
4457461
7833824
746403
3366147
5841298
7994588
1362283
7955295
6885892
8485298
3431113
6371288
3311107
6661352
1507563
8908292
3269527
2854778
5285979
7771907
1737567
8322428
4293951
5104813
3481989
2915960
6783452
376235
2945297
5543197
4752836
6906523
968940
5531090
2887109
132338
3211735
4081122
6274924
7465329
4762223
6776303
7468968
8153657
3144364
7157930
4295366
3405006
6953624
5988891
1697103
2491010
896104
5844702
9390021
7799126
403246
8956682
660862
7352256
8154141
7425472
2780024
4770689
5267660
4681508
6284252
3043179
8796398
5892185
8226300
6267381
2702051
686888
2613066
4809332
5949648
459810
6798786
7619827
7714212
4398055
2708200
1287367
3115124
1671017
6650606
5919896
4292755
5312891
4728064
1473677
6622302
1931794
785587
9977812
6451879
4303333
1175837
2017337
5813822
5000382
3205395
3748219
6309506
9896708
8386962
1088929
4917847
5734122
913092
7485198
2804446
7975410
8082062
4984881
9597050
8724356
48859
593116
9156564
1906072
2060003
4367996
5184027
6703472
677028
6972559
8054150
6517766
4036699
1342084
1812080
1755985
6208375
4536581
1112423
185778
5354217
3143176
4258846
5659688
4622617
8321272
6600390
1574713
4177913
760879
4080104
9352522
2026900
928182
1508910
1353204
3178162
1094350
3669731
5528699
4460363
8564567
4592444
4985846
8626847
6849296
7700508
9152897
7533780
5864261
15731
5928724
6130030
9293532
8656260
3429189
5268066
9579424
300039
5067364
7549596
7665212
1143473
1523255
8956928
6168399
5041714
2277749
1884000
431448
495483
8897407
6529673
9429870
3424983
9651212
1146371
9779024
7757693
2660670
3176493
7321020
6297415
3841209
6981885
1290347
1719296
6243897
4406887
6228807
1761743
3691392
2241222
3732040
5409488
3086312
7177675
6235311
1843755
7121510
6051773
8503023
6394014
1942781
3212480
9804855
8943883
489438
7017237
6354192
3919510
4848968
3712861
1805909
7907488
4537549
46290
8667558
6353033
4902643
6358447
1630791
7311658
7287024
7151439
7487554
8845045
5125325
8730764
571335
4264626
5027957
488241
8525444
2077320
2092053
6163531
6974647
3762628
1373610
636472
8397172
8313602
8855513
2629168
6700964
3147122
4318858
5745474
2477431
7294669
5579799
6180431
8042788
788964
4983916
8317486
320241
7093718
9287084
9117872
4049949
6435884
7361012
6958764
3474426
2008202
7497673
7502742
126676
2803354
3312566
7341263
2754396
3284947
1263067
6489757
7862116
6310680
4313774
6011716
8059729
9468081
7548671
1012724
9590397
4454501
5325479
6090520
9705327
8881691
6411313
8273344
4948263
9199830
3931679
1616262
1194133
5258185
2366978
1475870
1814071
8444418
6644631
7278343
6025816
6306022
635669
1285095
1499024
3731507
4885131
3357410
1714480
1112732
8963835
9521956
1947270
2166287
9088465
3049902
5947509
4041372
3989919
781092
3844906
1197248
6719967
8465947
6633500
2393093
2628880
7318303
534662
6804043
4460242
280370
1028277
4049829
3521028
2649957
8182993
8251230
6609478
2184389
2243268
862036
4738018
3450367
9818316
6053170
9891473
7556140
1857501
2828717
7593991
2790998
8016867
1578689
538872
3714906
392309
136598
5916040
7459453
2110043
8657371
8780486
9479392
2113919
9828744
9794472
6049024
6785999
5498835
2652891
7017693
6546566
3726883
4451973
8981481
4902531
7481555
978518
1981830
7674673
5428912
8233139
227979
4105676
815222
7866236
6149246
2280667
7046662
9199365
589703
3781576
3839228
9383440
1381024
8653946
1125301
5918089
7306168
8902766
6235120
4701526
9255059
458345
9745095
6243941
2284431
7780114
2138429
3174323
6169650
3864661
1899103
5773159
9133270
4519392
4379094
8426764
3362821
8362575
2210991
8983230
2315283
1997073
1251148
3570706
9865360
5730793
4314053
8056765
2542459
5899198
1674860
3996662
3307638
1125273
3802716
663625
3008868
6159916
9055410
6536059
4293723
9159882
1474747
5660301
9113670
3972343
325814
2694577
352932
6425038
664210
1820192
1820292
3432668
9618552
727524
2784057
4311700
2013840
7848625
2437495
4434825
5641086
1691556
428250
7650618
8732024
4761621
6577022
1083530
4354629
3096904
7865752
4750942
9074167
8449653
4899067
6438564
1432766
3231251
6833536
1397934
6591483
1948752
6186933
3740781
6340375
7630268
7278007
9223788
3363579
5216490
3271827
3573662
8556293
5661731
9991148
7042399
364825
1769970
9469145
8834502
3813651
9837800
6387822
1487145
5513824
692251
1787846
9960167
11788
2772487
346845
5442564
3519013
4772105
7952914
1699506
3648893
1962342
1197485
1613571
8129447
4516429
7413796
1887899
2802775
5550143
3490216
5390578
7505691
3313976
8894878
1851198
770113
4396318
379868
6738312
4944510
6834582
79666
8727922
9299917
232115
9227534
630996
2731122
894256
7263592
9888115
9616562
3235195
8386138
4777052
9508070
9560222
6586798
3473903
5368803
6154968
1124
8933372
4055165
7791006
7202549
4405811
2989688
8094849
1030598
4920214
9699288
1467133
8186868
2086317
2447582
6772057
6458287
2869596
5374261
4849737
5910887
6198298
4847963
5610051
6987283
3365767
8991065
1548066
6973535
1082793
5669461
8260824
81234
4314520
5033470
3637828
3098221
4840275
9903282
5257419
1457472
409048
3621927
2401255
6820679
4958977
2280173
1948571
1936822
3309009
4357531
9705898
1731385
3800666
3312607
3104238
9289586
4815968
8872126
2594789
706676
3254887
5293591
62765
7458954
8317765
6973801
3929133
4388280
8169585
6458209
591418
336748
9241605
8043068
7764674
9875722
7095792
7900321
3323259
2642541
7634286
2106168
1470021
2143347
8978740
8691483
3537576
5012904
8840924
7215321
9199586
6038344
346506
4092583
9792898
4061823
3510704
1963667
1271178
7007221
7129599
6710651
3721505
1666930
7062746
3009242
5287319
9885162
5834440
5048393
4952938
3071367
2436985
5401068
5335416
4232723
4078975
8094577
1926553
1671596
3395635
8415822
671611
6492723
6305415
5319988
4264325
389940
6127661
3952258
6156316
251019
4644831
7816706
1213136
2695575
7497461
7103816
9959324
1739355
5632607
436301
773377
8945171
6534344
2110607
6168794
8747992
6765473
7823429
6838440
7940548
6922228
7582759
5960817
9325122
6767785
246420
4444685
5488089
1194947
7056892
9705569
8281796
8775449
353934
7983199
6035118
5037805
6880994
7951714
8492140
1896300
5517297
2436471
9023135
3701777
4102633
84217
3234241
5326694
1926804
9325470
9504221
4441928
3861932
2590019
7821632
9237857
416550
194332
4881216
5193124
9894061
4942938
4350824
3864523
7758049
1339795
8728691
8386081
7581031
5930707
5293481
6019258
1458726
7708256
4829856
4294926
1306932
7862171
6235912
3661289
9103655
8759029
2281866
1129848
338169
7880914
3891927
6654761
6790020
6668404
5149685
9907012
7616238
6160130
2170369
3939103
2755926
7031333
9467944
3679225
6779332
7165105
6229877
9599896
2813342
5359416
1809628
9875711
7889444
5834220
7119057
5593426
8854048
1134079
5458782
5958582
1339728
9802948
1966421
6349128
558038
1490827
967886
1086888
7224581
9114362
3595525
9512247
3381104
814854
7790160
6495513
1583104
5159933
6027853
8891982
7080100
526913
1740782
7722733
9074300
218351
5609194
2718121
4266033
7215091
8417170
8228033
3026999
4155312
2312025
8662309
9713887
39362
8653624
4685509
9429555
3080891
8844457
2519896
2896331
1973386
6949407
7901765
6779281
5021307
2187261
9285453
7141728
2090127
9233588
9741262
9743410
5129372
8279737
5165969
2502987
4107813
174476
8739065
9903648
6925072
9134237
3862183
724
1783067
8061867
4574555
3482270
2472805
1848996
547724
338256
8262780
5793215
7957172
7163434
1342262
2633753
3037546
3628511
7554356
3071152
4703187
9050435
5899189
7633527
3927395
2432277
3276793
2408886
7393832
5918645
5644770
6919099
6662146
2778123
2035150
7328707
5645125
3840749
7175187
1622665
6585501
5539325
2378102
5720439
854
2938512
708764
4211028
1950252
5489931
3559815
5450558
9162286
8735613
4225219
5976313
6464894
4305847
8813974
9545898
2260882
9234628
9697883
2841581
4582955
5787733
3680890
5008090
1820742
9408408
7810404
7157430
9910893
2952813
130305
8051866
7962123
2039847
5797216
836589
8701983
6769742
9883517
6386488
3784064
7741722
9218244
7730728
8534359
4799215
830641
6901166
6878950
3429257
575854
7950885
9577852
1717996
8124757
5824048
7173905
8977825
660212
7181887
3891332
4884935
2423313
2605063
5719046
8949394
278015
7342168
8219798
4894632
3016342
7764320
5318273
6756073
245163
4944298
7829866
4153507
7598776
7851348
4746173
8560618
8568177
3820732
8807102
1117072
4349915
4065951
2840014
4753275
3428430
1848691
2393068
2383956
761183
4301286
1958034
5459527
6841368
904921
9654233
9666462
8563480
9347596
7805041
8258688
5007531
1947107
3653788
9759523
8212207
6576794
7499667
6444401
1208566
267283
1442071
3477064
7517756
6989304
459677
9468330
3822868
7714334
603080
617603
7272986
7286807
6110485
9032195
5726109
7547872
9500367
8530517
5389658
137292
8017863
9376097
6236855
7163549
3321423
5554274
2590837
584467
1689713
5302463
2013649
2973618
1988660
9840910
2305676
4434734
3408489
5643626
5750883
4797821
8379363
4187859
505033
5651069
8842685
5554007
364788
1596905
1703074
2926086
2724248
9751772
1168679
4174315
339149
9201313
4517947
1931747
3534166
576891
7552071
1689447
892380
7759332
7681717
5842974
6846106
1224807
7518646
5881742
2976014
4958521
9859445
7104514
5268014
8716274
9125657
1089075
9476180
6794714
7792816
3043965
2080144
9448397
7287093
4768551
7332523
7263153
9947729
6565986
5644437
866599
846756
2802099
5869538
1877387
3983308
1840751
820508
2988162
8969532
7463996
4198991
3059523
7847844
2636580
3419858
2771547
1135223
5863622
2925456
5565470
9238661
8146766
7740873
9176380
4444150
4430191
5054664
4123805
2106160
6149329
2022840
1496641
9455175
5338958
3128953
9634396
1750888
9007179
5236715
4126434
9207015
6251283
4993524
4685834
6393344
4748618
3381513
8565482
604850
9148017
1871531
8915399
7884672
1100737
67156
9602479
9553759
8631123
451159
3191077
2802543
5924592
8602528
5470741
4293540
411886
4021000
9869109
3675606
8700599
6378708
8411477
7944950
8226740
2275738
7435234
2072497
4443266
3553873
4005831
1962798
7970063
2952536
9097441
3872252
1674975
7341662
8525915
6673012
9904865
8128280
2059630
6180417
6429400
3837177
116818
8454249
7691669
7446156
7376061
5400226
999610
3615684
511246
297340
2045077
4239559
9757667
5455425
9230470
5629076
7749891
7407203
1899674
8573348
5537916
2901534
7990980
1391911
6403847
9411193
5839131
5788606
1420717
8616571
8171247
5128599
8376998
1003828
8129932
7523239
1608569
7464462
3713880
3040075
6036223
9281933
4148770
3601351
344275
9604682
4356005
9950812
9338546
8023748
4663275
8575599
5981605
8299728
3943089
3951128
4501495
4305867
2489708
9138168
7142864
9979315
3678516
113064
1376682
5917250
8504251
5462945
667562
1979920
3267158
8140420
6778810
8287273
5312330
8432112
1250180
9091462
1258835
514148
786066
6211411
4512013
1838157
5744451
8103603
9313699
603665
2758004
8537689
8061172
5004549
4316548
8631870
7997729
4853600
7198571
8424629
5694107
4985394
4614203
8761152
2332722
3842277
7664616
5774423
5576043
6444638
4849028
3100604
9806566
6718437
9323388
6685738
8439099
5462431
6017588
8199392
7769751
3383419
1956456
4707245
1588216
6614331
8638422
8058577
5146610
5633215
3824264
7278374
8104710
6276365
1266462
7744610
3094071
2620869
1918963
6656969
1161664
3885607
3049037
9192089
2565873
6625355
6301481
4900177
2839738
9321015
6901200
4710769
1617579
1549534
8913750
3597314
9770555
113317
6472313
5588099
1956240
568195
6028781
9927399
7845546
6120046
6412269
2196614
395372
8810673
5083289
2079575
5231123
6829384
209717
9009870
7060652
3678858
202873
7381492
6975947
7835835
1361268
7355548
4886081
3236788
2605555
9387354
2207527
2827517
4148501
8889762
5900474
6144216
2280675
5397929
9177998
8240569
497135
9530519
6295526
8415994
8304163
1281996
7152389
297747
6442748
3514811
7127260
8921050
2362521
4334249
8655340
4254075
2097051
5022579
6281576
8398195
6216558
661258
8241521
8731553
8646339
6062252
625352
5105754
7283227
4799128
1712648
5393212
3668062
8017162
4278212
1823203
7547430
1127327
4518226
9100069
1721429
4425277
9060066
3511176
8031904
8088419
6731479
2967544
88843
4657229
4889925
9443198
9303859
9237551
8345366
1895003
4076766
144640
3347458
8163759
5372051
7171259
952443
9567614
5387407
217383
6795900
6113270
5104333
4596265
4505717
791228
5916035
3941194
9435787
1715468
6942828
7661397
9724995
215471
4067358
4504570
5539202
9651111
7807963
7864635
6038878
4950871
1699556
1624834
9964337
7358126
5447313
5092801
4204409
2666497
1425314
3553529
7271280
3662792
1775431
8135295
7639109
6810608
5845041
9753207
3554967
8060266
7693712
8473337
2990355
5822028
2929816
2359056
4062176
857807
7047360
8865873
1336978
8426693
7151281
6734609
890819
5509050
5240420
1884476
72462
7373446
4382264
8211061
4389874
1204185
8508271
5438821
6048702
777579
9080735
9297636
6041363
6218773
8848461
9152928
1717901
9988198
8798639
9085041
7685885
8641604
5926936
8813498
3334863
8488475
4380546
2532480
8993362
8377964
2016701
3364504
5001001
9681628
9903621
7405301
2070413
6386418
8948471
7957583
2411623
1242190
6748260
5479286
2827532
9771169
4258306
2875930
9870552
5487863
7882608
720649
4878299
5024292
1567314
6351273
7428324
7341193
6176478
6885999
5143330
6921710
4724335
9405420
3012984
3730548
6339702
7169282
2589569
4488439
7813852
4265445
5831454
4474116
9523341
8012604
3963554
2397361
3648576
2856198
2693855
4939718
2183443
7472025
3035454
2110976
8313794
1175548
549618
1124514
6823244
2234394
5983142
3383254
5866561
4410848
1270842
3184520
6924497
1945436
9329226
1332582
6176116
9204542
4762074
8215773
7285354
5879528
2259059
528546
4705634
8352780
4540705
2428695
7871942
1709369
7799600
5010338
7785399
4179481
2213586
5478272
2435338
381074
8563989
2080817
8725142
2645016
8193154
4191836
3741509
1825478
7025945
3091576
6377527
5135133
9120025
2333486
7347713
9717422
7682117
414127
7810106
909861
216944
6874200
4024782
9528916
3650126
5817870
9699155
2450745
2291778
1234882
7896006
4208917
7934372
122721
9629078
3760653
4151799
1136831
5637473
9786981
3923507
2883568
6825072
2592996
7456925
4665319
8549454
9436569
4779018
1836735
4113126
434602
5425558
6530212
8536709
5156506
2522839
690939
5622053
9899090
8938814
7292651
4706277
6336955
9247129
1236176
8659347
8068008
4390615
2716364
9319202
1039207
9007803
2629177
6948980
6216462
7230754
3431630
4713865
6516134
3992847
146277
3528610
3895960
2908264
2172326
5982413
307065
3991473
556566
1806110
3737907
5089881
5378694
5904249
4802637
6613660
5837992
6319198
9462026
851749
3817718
3292467
7947835
4037185
5218121
1389266
8899219
8365232
2046192
5287994
5646805
3648302
4433457
598055
7001774
5810219
2414087
3147154
8076808
9190327
9838155
6840059
8509238
4141372
5978479
1188492
9531805
5751269
5351173
869137
8674797
6938152
3755046
6514641
4069916
814599
8896772
385083
6979978
5987885
7505531
9407887
2090169
4398099
9344501
8985909
9862293
9464000
9780116
5310706
6715635
7946102
1954472
1729567
5166537
6737843
173173
772490
1120349
4329393
5597244
7489629
3427755
6582314
4162051
7589849
9991619
5841060
4169848
6176396
3211923
9255586
3707484
3507216
2040736
1642634
1075900
7207332
9924382
663272
2552917
235310
1178545
9056866
2898106
7273481
807632
6088750
2303844
5386939
8991869
1375431
3343331
7439771
9773974
7227787
4118045
5936622
4311492
4786453
1091865
9480134
7087586
9291578
6824750
6672364
7047467
7090907
685387
7508237
3548190
6383732
8640619
7373714
4708854
1647987
4432814
6067014
8511654
30291
733671
898503
9946580
1745808
7868844
8930953
3736458
7472472
4461255
5211397
7170897
7771858
2321273
3165850
2423038
6576992
5667153
549569
3121992
9663090
4464131
7905517
5689678
6357943
2225923
9762723
6642984
6549967
3426659
9743136
1404478
1600298
9089583
6008602
3112702
6278649
8305581
2055759
2692944
689756
6792057
2281051
3777511
7503823
3326576
5641338
1419412
7833168
8132842
9071939
9955554
2034740
9708935
4750905
9885444
6744799
6163098
1584442
3587688
5650317
550047
5890720
8377456
7350984
1182816
3138951
1226684
1289741
6085125
1197660
1275883
2777917
1674924
8686527
6847378
7086175
1294284
9672766
5952381
3187100
4752725
4847384
7738155
903502
3345033
4147353
8000375
8429624
1816641
68964
2779405
3894559
5233882
3318506
7384197
8706293
7075752
1757444
3946690
6651605
3078365
3106157
3983302
7618831
3693633
5805679
2310872
2557584
3424985
7674341
4109777
20731
7143029
5517040
9498954
5816598
1843856
6441545
1186781
8364634
3686908
6899519
4502080
2407997
4008238
2357281
1315679
4198616
8395591
1242673
2428061
6487749
8551971
1995881
5099450
5529012
6954230
8732099
2188895
7822351
7063377
1031983
6385209
4642370
8801930
4665992
5215831
6521738
1285722
769365
3306900
854940
8818705
7539387
4320393
7141677
2444438
246567
8407323
134970
7205067
8383078
4288988
8160985
2563683
548092
7737162
1781373
9843388
4908577
366317
5277153
1358635
7699497
957194
7614337
6312116
4984663
7640642
1613887
873095
3068711
1385934
8317678
9501855
8110160
4836143
309705
9495550
3566376
5807024
9504378
5771366
5431472
8313692
7941171
9683648
9407848
9218294
3013196
6528295
3872949
5638574
6093774
7397039
456312
8830693
5818665
2767264
1841418
6953031
4652714
4237764
5323782
8392233
6528432
6993794
6640837
1099380
8213309
4308836
6923615
8252015
6969804
6683586
8960110
9294261
7788523
736718
1617752
3105913
9761600
5776125
3404279
7038296
6332345
5739772
2550460
9290129
6362703
5235436
9307600
8980664
472623
9913526
2345747
3761284
5398332
68046
3704063
7678754
6361090
808491
9070329
7768611
753859
6225244
7057799
7702135
7357261
2223473
7262006
4821912
9948159
8754300
6772365
5859668
2639870
3643853
4785216
7057580
768733
1996847
3024392
3246602
3488870
4366101
4161011
3678313
9254713
8006762
5071736
5589692
7794129
8595508
5217895
8377398
5059821
2067477
721936
1463187
5965673
8654522
6282970
4490082
3133686
6925539
3907891
2965115
5216005
7149252
3648443
6903875
9846480
5509039
6177179
5906671
2015230
1239170
4642169
679980
9744112
7647725
2353757
1397926
2854121
9194975
6410543
902860
8312266
2665701
1844368
9961334
7079092
8317028
7349675
2166377
9028699
6940033
8241045
3002856
1257604
6428592
843724
9140480
3774238
5241414
9052327
3722187
4229141
2322121
4205158
9925544
7437111
5359870
5821536
9318724
8242484
2208471
7174458
8739041
1424066
1587179
1703055
6243213
5856098
4094142
1324757
5914483
6008108
906238
3346007
1962678
1652965
6923295
3437697
7422339
1411466
8959552
495009
6929650
629896
1423392
8322702
1488982
9916068
726893
7130311
2208199
9460906
2273830
258540
6099506
4025770
5804761
5227246
2149043
3447129
5011857
895156
1870350
4429182
5496036
2440590
6558607
9087200
275403
4100593
5861062
6722123
6843026
1331664
2634101
940208
2170132
4664067
5180348
7677291
6081803
3647258
2516624
2571183
4841631
4928205
8238291
7363116
1969851
1537307
7135586
8594886
4265667
3595366
3544983
3353923
2302353
8229317
4248860
1747043
8735067
7096296
4711342
8210642
2143578
370942
2776715
3116818
9300856
7976575
9237065
895386
289415
9456827
7178112
2893105
885892
1700652
6093182
8087297
5551806
8892893
1243853
7774521
607812
3763220
4034832
3380307
2451469
2960318
1439753
5784301
3662610
2217387
2248871
313213
6870419
3308032
8431910
7452177
3332855
3514478
3156781
8264100
9499387
6945418
6009331
3545953
6165968
8141567
3030519
5912589
572549
1436118
2603159
6361699
2321978
6814002
3131009
6634131
9705824
1936946
3846691
9451750
2492122
3781210
8596472
7688130
4135327
8766655
5946712
4012692
4038208
643452
8861113
2190948
2954573
6874632
6323209
7107541
4584571
4767270
5823511
2406366
8593126
5227908
5438356
2181989
4777822
4838373
1029969
9950596
3742427
1749402
2773473
2763221
2988094
2328810
3717768
3148031
1382480
5720701
3384821
1984969
6438881
8204905
8752349
8415389
2372187
3319452
4778480
8038379
1110510
9277032
4367675
5177470
8517747
4110112
2030816
7817663
4436033
5113307
2499236
9221493
5329080
7761292
6041822
2705650
9304651
5363032
2032334
5635682
2759227
1947016
8351284
9392989
691769
1695207
4689854
3539220
191571
3797464
2218443
9107520
7546712
635850
7205334
8941776
1111999
4841110
6236691
2153816
2098819
585694
5382909
1492592
4945077
9154729
92309
207003
1790055
9234659
9045073
3642730
6940463
3721277
2783987
6062071
1415894
8317735
3477911
3616858
8610436
8119811
9008946
9108069
2743154
5577637
9862421
1380925
2123760
9933286
7037177
1700325
6904880
5082814
4054642
4849113
2431692
3671365
1994318
5519875
7282993
6089301
8058057
707392
5474222
477434
4665892
8533096
2123997
1255138
8424202
7994359
3667905
3542008
2354631
5713003
5332608
7853522
7893641
9998241
2170760
5459594
494285
1598297
4171199
6025160
7468279
5958087
4274876
6699114
7382495
3606877
2298807
5617700
5248104
9034632
2667928
3014514
9568010
9516140
1883447
9315883
8655851
8494431
9258768
76497
9448158
5067962
2570999
8193408
1080302
3241339
6589926
776209
4809127
3166255
2042470
8026237
377447
542456
5172156
2979880
2321747
8675766
797959
8078168
2993735
3219037
1687141
8199846
2907231
9985041
8436890
6852675
91504
9494637
8437944
9219834
7199695
1858680
5688483
6650115
9268317
2316168
4198783
9318393
9409275
9879206
2132337
2614959
2006205
8953763
5048912
5084780
9349017
1121543
2015384
9274925
7323562
3524177
4625150
6707087
8064661
5466911
6323305
1516703
4382404
2010850
2835944
5316598
6858660
7592696
9991257
5711905
4294495
612037
3035886
263527
5632253
4457107
5743364
6709603
7570511
8937169
221681
2627282
2140021
8194196
3113573
9032810
5014528
3466025
813159
7282218
574195
4069017
4826618
3332570
8988448
4191062
3972319
1701563
4468010
291662
1434925
4709258
5719774
6787252
5437659
9966552
1570637
5147559
4384436
2577388
7696919
4565005
3217655
3825542
7054406
9808558
978876
4400374
8111687
2760427
1525585
5394737
4671858
2100802
1731839
6912429
8391752
2928127
5958986
4984946
4957533
7973865
4885292
8460348
3164609
3983620
9537143
4259780
8930791
2180733
1857910
4465973
1455471
2910009
1774552
1378295
1915195
7523508
7603926
7230069
5021594
9002170
678568
6153042
9334351
2439431
5980712
9620908
85619
35923
697650
3330304
7156647
8929463
7866404
3307676
6097751
6758261
4987176
3628597
5608165
8129905
7061373
9464039
4175038
6041333
5314498
3143736
5410314
9554622
4795627
9424193
3439849
1114126
1164126
4107240
665935
1559575
1619116
8334387
4614998
1844702
7854757
3292330
5092937
3298321
5070580
9191097
2199945
3325081
1396112
2776114
4710280
5227903
7104720
8312360
1343045
580867
7829303
9317605
2791715
2221995
4430858
7542701
4659628
6280010
7879309
2090235
7220757
8155136
2688926
6876581
4614785
3787568
2867205
8297401
2017025
7552367
6747273
9244856
4064815
5612051
3960796
2678998
7798614
1907748
3550113
6186313
7367866
6259436
1797009
8281778
6613053
4388021
301998
1297418
9310224
5200127
8423201
308909
3236343
4920179
1357396
3066834
2878617
9329146
5916858
6623463
7867118
1826202
3884769
4650296
36748
4463227
9919135
1874346
7781161
8536547
3088634
6614357
7705428
8376260
9967552
7440843
2276314
4343811
4931664
3776179
3871017
6732163
3448657
62201
9298631
6925102
9256552
1664933
8039627
6182874
2370447
629419
1581350
9417878
6936343
9344385
1112030
5282337
4458251
2065307
3300329
8818882
120026
9239741
5108805
857246
2218551
7181918
1652024
4894417
6802515
8189178
5398134
3777292
8675389
9218825
9472600
6197534
7446250
4174717
3192330
6052992
384826
5406750
1478621
8044873
6432983
3939406
7328694
7267043
1306590
1149281
5455412
4960259
7154116
7126984
4515338
6550353
8050494
3105638
294658
55371
7380680
4224673
7984830
4528086
3754665
1823931
9793972
5761047
2919559
6884958
846258
5825060
2049352
9407080
9093371
9288307
8763845
3896859
8676127
7130712
810178
2624624
2827725
343323
3022090
1035320
4454228
236454
4920336
5762826
6424093
5151115
1546431
9225896
8578460
4303259
9162881
77442
3001790
9491319
3469281
9582500
7179819
8486742
1864223
6426103
557146
4566874
2320444
9575441
13932
5567600
1688157
4182613
1129390
5424214
4906717
2296480
5289444
4158858
6613308
3663603
2284310
2534522
6991214
3182738
7699122
6220636
3208163
9820679
7169241
5306337
3028144
6425897
120633
6417068
5977991
633899
1187551
7188564
6522268
5568314
7026903
4587069
4308338
2117283
3963093
4726230
1034599
8815803
8121696
342106
5022776
8428001
7169586
8805872
4195254
5248260
1911175
5733218
2025272
2931837
7711066
59503
859000
5647216
880841
7833071
2106653
271923
5055416
7508047
6083559
1126435
1402135
6794901
1876485
1701967
1264426
695190
233964
9830042
4619801
3836070
2220769
8687093
3091795
2524817
7523336
3950510
5093414
7459687
2662490
4401375
4798780
4800326
3234430
3654577
4729284
2558410
5301406
4856232
780721
5920065
8904133
6262632
1116076
8750096
1059057
2272734
5074791
2643986
7454589
9902355
7797032
5870633
4469194
3830983
8864934
6739679
844523
6591496
9876413
2518624
2700698
2497633
7160267
4975564
9162155
514610
955354
5345039
8978218
3404023
9690136
2867472
4595561
9526476
6036961
4375562
9588157
7426703
554064
2461811
790980
8824085
8056925
1910326
9238316
467591
1905297
7057064
7677602
8541928
9018332
9841353
8804410
1004320
5233169
5885725
3364470
6955795
3328135
4072689
4539054
8659031
4757865
4953052
7605832
6819811
484720
8469483
4251570
4771718
80964
6777070
1948480
5918853
4292970
6044491
3605537
4453796
9553461
7715802
5866207
5353437
8006264
6614317
5827208
124656
8447875
8307988
4758516
2715535
9934767
1597409
9801547
5896723
9520288
8081737
2525341
367014
8230997
349722
7701872
2838285
3028021
9269932
6595873
3324370
9481458
259109
3351993
8839634
2579784
6669871
8753098
2297456
8192274
303637
2709246
8686072
964518
8215362
6763146
2663040
8910561
252630
3415319
6438663
319956
346609
115163
1925330
7396761
6676522
2295789
5436373
9433250
8558536
1221255
7685932
4421409
1581785
8987221
5749599
5243943
9105789
6004294
3340449
5465517
7879743
9964511
2644668
1040796
1476913
7103899
4954616
4408843
242561
8968399
7978058
7185748
4451157
9541784
2850899
2510661
4004007
7444887
7242371
2711811
3214747
2888841
4009640
2179444
9248144
527883
3964285
7470790
223887
3244221
6999272
3635075
5389441
6090072
5642678
8519501
8305598
8453160
5320920
1345494
4416274
9307594
4300403
1472523
9867947
5893908
2655556
5636202
3573941
6479463
2047481
6035080
1318882
9407355
781919
7257135
2198740
531263
6476591
8754872
889570
5022999
4596397
3354607
1465394
4266738
5161598
7962410
3451641
270475
1249286
4914487
8398628
1859910
3168113
967126
5262038
778904
636260
5497302
2033955
9354790
4662925
7863289
1106173
3046812
1321279
477531
1591595
5448247
4105599
5828431
6393845
4660415
2574167
3406370
1931121
4754293
6901939
3615958
3342301
1028309
6181675
8476602
1548165
956543
564649
592800
8281700
3397987
9879024
5427284
908209
9652340
3920200
1354885
4369329
9406429
1396941
5126036
7278407
1602133
5962039
4459191
617531
464906
3676127
4932651
4198708
4860494
3553774
7696656
4337149
3061976
4874326
2587727
3818736
1519665
4807112
7030748
816606
2948670
5544863
5974035
5125705
1127599
2358751
948750
7638328
2837650
7061190
3175176
161932
4429195
6445454
792633
4745661
7013150
4744580
9103911
6424732
3567780
258107
4240566
2751206
3350940
7778784
8882332
432713
6942852
3409333
8723103
5890452
5315414
9544286
6958721
4334004
1432515
8111794
5399536
7122840
2006540
8279071
2121255
7592677
2015976
3395368
3922965
5634653
2702312
2455849
3814582
4028859
7226954
5376564
489942
6273482
2255773
7000332
436903
3122183
2570783
9692886
8941248
9400617
1319259
893944
5395388
5207177
6429129
261624
4187749
2764928
274756
6118651
5530417
8453871
4248207
7899070
8953968
1645631
3290059
187312
9104064
4833613
7075705
2408414
5476878
6260020
1771328
8218531
8387580
3610987
681405
3904172
4400079
9353001
9067445
4306058
5148322
7849611
4761061
4316165
7266159
3755569
7152190
6364862
7904861
4141635
3281728
8826842
1641116
4193837
5253746
4932949
5831706
1152011
4398738
6298072
4464080
2460033
5091197
152501
2041244
3161660
7929413
6816974
1501209
8150460
8814933
6493800
8936253
5609901
9879478
8099326
1430833
6341118
8472020
9222310
5192292
7821507
7749693
6013594
7628040
8304827
7618470
6004164
1265294
8567666
9749035
8422868
8329042
970537
9705778
6063731
4212471
891128
6300523
6007170
2267257
2209521
530182
3562842
2613297
8336699
572984
2311895
9812453
2366060
9224822
8574070
5531774
1197693
7648579
4712618
4663819
8036516
2079816
617300
7788710
5452837
1985247
3196958
2694263
6539817
9351617
4979544
2582794
3833104
8161316
3658527
2587219
2448517
8212249
2560986
7523280
9214811
5395838
8079782
6662085
2658692
8479105
6749834
9495749
9603490
6866714
7067299
7959086
2552867
8836792
3075494
1119424
6253802
5173750
3440960
770807
4723340
5809510
6621097
2432197
8144282
9090503
5184926
9889395
3907407
5640406
2612193
7842165
3810214
1550076
2667176
2506735
8015117
9911139
7958711
9672679
1139735
4954047
4933157
9303714
6215901
2172761
8870702
1724846
1734774
3089931
2454468
3706746
317698
1323725
9712622
9890036
5978296
7988971
9278674
4476855
6859696
7174113
2612000
4352459
1178064
7341148
7264758
174774
4754183
2933490
8335992
935957
6332795
1239367
2308904
8587893
2527864
192912
3889003
1095146
9016007
5413152
8726323
5152828
8897529
4085631
7064376
6496519
1792046
4620080
2332032
120209
5457717
2900695
4272852
258842
1581643
7043265
9441629
4561734
9166989
5438523
3546978
2702303
9225810
5925670
6153410
3650421
8974075
6161248
9719288
5181763
8870965
2814557
5017247
7620875
1849471
6312843
2033724
7273844
557721
3624224
8052804
9267148
5672999
4340221
6330114
7671260
5632154
2325030
2202260
9846764
2898185
5583198
7120281
4288528
5959747
4999287
9620001
6486974
6630964
1646049
430445
7150115
542729
6531593
9772487
7656210
3727358
9918199
8107522
6801402
2947846
5789179
5461928
1834829
3226189
4404550
8173833
8015281
156851
330925
6112345
8042001
4902708
5322915
2855190
3874755
9750979
357516
2382896
3339765
7535414
1260044
6906789
9252020
2935286
291750
6953538
7782825
3871998
9690360
6558049
2778271
2345590
9309144
6824184
4937190
1634527
2056101
9006094
8690741
8593369
7519422
9456418
7656491
9180844
5129217
6253632
845891
2731143
2302112
8568963
3497710
6890616
4221446
7250482
8936861
5310147
3214113
6311969
8091124
2224051
3519471
5509685
1214954
8897449
264102
7603783
6081483
8886140
9849291
4577838
4401812
2421707
34425
562752
978697
1055202
7032022
1491735
3121135
7164352
5534724
3846331
6332721
4881053
9586720
1306904
2821670
414124
8057480
321743
9776346
4624945
5297062
101357
2310804
1586605
4474917
2732813
2094403
9613113
9810980
9959335
3199938
7722925
3328128
2515769
4174910
1167288
2819187
7329982
9911168
3944692
40302
9847704
3695936
2040205
3547902
1422843
1135351
3858847
6702476
7576772
5712583
1669964
4330493
8974844
7815565
2162784
5976391
2537902
4498405
5544426
9033871
480326
9359045
9023804
55314
1410762
2352514
4630056
3605634
2503011
3499043
4874260
3832227
194127
5415362
4539241
4250583
6120502
5822274
3496317
8837812
8812906
8727934
1341763
5606011
6418439
1816877
1760465
9384838
1937075
7507789
9485469
1512800
5727663
4232588
5519727
5549314
3271488
8991423
8708404
7778572
2305403
1446254
4395896
7641506
6399809
7375704
4117363
1943322
2163854
8380718
2093240
1066376
3553262
5432053
2829616
7985678
995980
673422
3922886
2182285
7130687
9415056
149526
11530
1845634
4341543
2237878
655527
5970191
3475001
465163
6398880
1650983
3088132
5514697
1223019
2521150
5094633
7531572
1499296
5477595
6762869
8682495
1423178
7169606
9315453
1284912
9675977
3974072
1634819
8676761
1830112
1628573
2227536
7810169
3225150
9440551
4588660
1603341
8848764
3296832
7176346
9240901
146385
6646815
9437730
5296873
2534316
8900369
9725610
8919707
1252570
598346
7972006
5295018
6202820
2061829
912799
3404039
6390517
6464354
5632386
3589512
9711049
1872816
4709124
9164931
9055319
3607286
8418081
8595014
8471330
5900777
8744892
4081824
3794997
668423
5177771
4517066
1603406
6562055
7112683
5783180
3386143
3732071
3939901
1938294
9793170
8233607
1809136
506041
1192086
7719604
5011184
6050284
6147427
2669756
3043206
3410985
9670555
1026337
7647123
687510
126604
5063387
5654243
1559980
3591929
7635837
2757652
2487603
1277186
5392031
2027751
4833323
7073376
4254075
1602065
3797646
4816833
6239752
2650752
2468378
2044630
1921554
1008068
4824979
6411310
2776879
7376065
4905405
278980
1302005
7339711
6754740
5560699
9984888
2556631
4710660
7568140
6059836
915371
2739059
9690161
7462884
5753393
2910830
4361195
1326826
3096727
1314957
6996439
952681
3375673
7449375
5587879
2492694
7049821
4463866
7963123
1468241
7044451
7249038
2320650
9031231
6570402
2051836
9875231
4615750
7477691
4498099
3007421
2460439
8750789
5644178
866068
6953034
655938
2558265
9282148
7537097
8756688
7181429
2792123
199061
8094826
749747
5774717
3844610
9577837
1614446
484756
3058744
4769493
5798422
977456
8899547
7539014
5002299
9002675
5715248
3341357
5086217
7710308
5897875
8934402
5178041
9721591
4929189
7490287
7719087
9620458
1314962
3573730
2894754
6443276
1862425
9523424
6399323
8075779
2771510
3955542
5264739
1839848
3066631
7091577
2224284
2758150
3502113
3219826
1393034
8051397
3253077
2134498
6213770
8171994
4369863
1559871
1183663
1905686
4263261
7565313
655175
326178
6689770
545675
8162579
4205638
8932110
2212878
9476942
7995589
7629411
7569287
8831730
5407863
902059
1326120
1914149
6356579
7387205
2030106
3026476
8402106
3920780
7997094
4680385
6924709
2897767
1384616
823265
83143
938391
3933421
1294871
3929032
859812
1605695
2761813
7672830
1858675
9277199
6724164
2220028
8713155
9955809
4822941
4504688
5684031
145220
8130662
104044
6588377
2717496
2511431
6985539
7007206
3292155
594214
8470724
2123585
1602024
8515364
1752018
5328939
6570174
9435772
3802904
7156125
6584483
7859971
1336112
2455232
1940526
3746334
6751732
9076126
8517316
5469843
1397987
2856359
713036
4705058
8735164
9854057
9997457
2288470
2465705
9060835
5687313
9572996
9463775
2259797
6441302
2271129
5010945
8010625
7826348
4774684
5595029
8779987
8286798
666578
9879594
5756563
351249
5215277
4200850
5470658
4825739
9754978
7727176
4196516
4407256
1818483
1992286
9155338
5367211
6428179
1359979
6138798
4303142
3351495
4239997
3063670
6100915
883019
7098517
7115218
5123764
9130427
3238689
2322825
6621879
4309095
6943483
7793828
9454290
3089128
5480309
683239
1463036
5317958
9972989
834946
1916298
7204885
2443169
8686751
6131595
7887789
7819354
5561618
5637496
4611994
414654
9853786
8021562
7247231
2147843
901841
3099956
7492256
3206199
70401
3874507
9505550
7320023
919894
1214942
6484591
3502277
8016773
4826388
1647938
8754075
3668404
8435806
8868465
1762245
6385586
2257185
3721139
8858192
4601893
431390
4528989
5158188
2379803
3065999
3599662
9424959
9565097
1967955
5979356
8113556
5819019
8259517
5157471
801368
7731883
6416326
4558690
250050
7702199
252932
8583744
3564260
6499515
3886336
597272
6106003
5393615
430613
56043
3454968
8143025
4971944
5968985
9725734
897416
9669657
9880508
8176922
6601096
6596199
8939414
161156
7353819
1409389
598018
9816779
5523757
9873968
4773971
2871074
4256448
4726234
3120799
2937373
5855182
7692887
6080339
8880705
905208
5691480
2566530
7935680
5986421
1927763
612846
6603190
2614192
6236127
4806678
6183519
4708577
3390650
9435990
7209173
3839328
3116017
266167
2061882
1080360
9597262
9008818
6042642
8190919
9647319
8977549
9134360
8329755
2501681
3065239
4310028
4877436
5679908
5880726
1077968
4737381
1008489
159382
7581214
5460374
8825851
5391506
9155889
6472336
7107511
4117922
5870108
4117484
6109349
1954425
5354855
3584173
7278265
4723112
6480149
5412456
2272181
8060137
7321539
1172318
4708499
5508250
8365459
5836457
5550719
6600545
4161042
2586427
6829980
5442282
1423787
7513165
2973559
5700437
779610
6006675
4122855
5382769
9955711
5112994
8453769
7734468
878574
4245007
9718456
8772629
1564304
9309600
3229761
4093761
2997348
597458
8787810
8589172
5653827
6925440
7302114
731408
487159
6818493
6626191
4972034
7035533
6176633
6858661
1417256
2638240
9271662
3805971
2193024
7273967
648040
4128877
1573569
3792891
1271189
9327451
1887056
6254029
6840033
7991751
3204649
5139312
7954094
6079061
9170771
6641145
9592671
1571577
9458056
6234693
3805858
3559579
4835233
3006554
7295120
3593066
4716848
6284650
9478622
6545867
4314181
7828834
9663837
5246144
989086
5857457
2276269
6127874
6606326
2636098
4042290
6931332
5989960
9183405
2039755
968106
9089208
618008
1169127
8570285
4176873
4372172
4472333
3312265
4733262
9173754
1155345
707003
4152964
5643234
5004554
788441
2459301
1457338
7015839
4235459
8316704
9800673
6729028
6620152
9836021
4078977
1540595
6867874
952353
3319812
4118386
7909472
4486713
4443252
7370142
9980652
4386806
6943749
4585409
3237235
9575690
2572865
8090661
4157126
4471651
6732090
2085654
3615681
5213434
664573
5873232
1769468
413483
6462997
2239947
5226999
4762970
8366728
1563258
7221741
5178972
169517
9079158
4250951
4066490
832146
9921931
4507048
8222855
823337
9110236
7303337
1094732
5344310
149390
5453718
4129606
9213767
3814623
8266894
7059594
4076531
4400763
4218635
9876928
4104008
1495150
3340269
1745046
3121275
1337142
2578024
1924880
411699
1379023
6209151
227516
2939998
4031957
4811052
7304579
1426944
3784841
4122719
2296680
6741211
7247793
4970187
7274413
5576615
6746200
1973846
9676163
1979854
7406662
9161307
3570879
5205503
565367
895767
9565739
1151473
2899024
7276865
7858509
9077530
3229316
2002758
9590122
3000585
3569526
5125824
299825
3782846
7098398
671074
5662532
7358194
3442172
7375488
1322229
5426603
2498335
3770039
6365653
9350964
6891781
4913094
5665454
3214412
9853696
313024
4281553
333441
6389164
3549778
8136426
6834479
2090119
7394255
5828155
936190
3169955
5466049
8242753
6747707
7582968
5827838
2866878
9370550
44196
9919040
4650663
4093476
5545029
223730
46124
1017791
8930039
527682
1668097
5505617
421138
2024069
3548811
3815099
8076891
2928234
1032510
962097
8045539
7659622
4725742
3689375
4591611
2160305
3058857
294216
1580913
5020546
9846135
9857702
2983122
4331315
5648113
2303679
4549230
2216213
9692047
2245133
7902328
5549015
8180624
419619
4352864
1245161
818116
1789302
4758883
9482203
7256460
1848347
5157716
7413283
7584597
3928458
8304200
1470185
4658726
1668303
1241601
8933951
9075521
1866293
5674628
7822122
2680184
5383396
8367660
8359429
1167775
7017625
2544844
6980185
3146238
8925869
9478193
4923494
6886217
3114789
2918337
3650038
2645284
6465710
7946982
1931818
7702637
5400974
4713490
8194174
18284
4436039
1519269
95407
5114798
479313
8781841
9618743
7444696
9080866
4455098
3905972
8217089
3852784
7452180
815217
3314079
5674399
1290471
986192
7495361
3254585
8444039
325262
371783
4073243
7552838
4282600
8306838
2856611
3358691
9830119
8736605
1958448
626775
1985206
6618712
2215145
1538014
3681607
8131913
4851361
9461658
5151273
6584166
9101896
3275306
3271748
2562636
2687119
9019786
2479045
7506609
7632026
3044524
7604370
4683667
9789431
6542199
4070292
2863103
215135
926736
2706218
768178
157113
2116525
3757327
414934
2496815
5886218
3419651
6463742
3268433
7985919
3763760
7623435
5549456
4494194
8047517
5845555
2439928
7996935
5749668
6165190
9186021
2080821
4379035
6013433
3581157
4497809
7267632
1954121
3693339
2958287
3466799
1805252
9038625
4768287
274181
2221106
6410698
6218222
7191893
1104803
1977270
3382918
161702
6963519
5669835
1325627
5300935
131962
3313711
3677339
7055823
842374
7614447
9194782
7960825
6706311
6017873
105006
4260170
2284550
937546
5859734
9285608
8184217
8513552
692838
9998446
2581187
4217055
7983098
1637238
1041011
557252
9017187
3991551
7544042
3661607
9262456
3220211
7420542
2234682
9770864
2199873
4793434
7717041
7289404
9726173
8465869
5542406
1901689
8785167
406503
6926376
8860484
6408585
873946
4234629
3037145
3755866
9320679
6416363
9998430
3104342
9233598
4830043
7345786
3894598
2668564
9768016
4649736
3574787
4311276
3293935
4890059
2575058
1611338
8553108
794047
1164366
4147761
1785414
2694810
3036604
6556903
1577395
3158846
842101
434277
3182413
5350469
8869860
7682078
7411154
1693178
401339
455036
4110894
8553380
8926286
1767690
5931700
9418877
5023282
2719628
9239048
4087936
3860520
7663068
3434950
9607043
5346804
7244548
4165439
2759952
2560115
4886999
9856335
1343862
9188411
273230
743286
536011
7043724
3065005
5661479
931722
6960713
6395714
4645603
7450524
3210369
6571017
1073366
5859799
8796299
4653504
290587
219306
6762567
2879617
365596
1844658
8688138
4278316
3692263
3964149
7370108
2418037
9530862
9157889
9514169
972767
560714
1978606
94585
5356657
343938
8210640
3877332
959794
4424796
7345428
7645150
8720417
4339764
8690271
486863
9094865
3693601
2978080
1741197
7894455
2700540
119226
4685226
1978709
5873909
89055
4902728
1396975
6450411
5912124
4977848
3025457
8731860
2811772
7527160
3993237
3089807
5917112
9182948
3617324
6766477
7753516
8700671
9662589
2796658
3359236
8302553
2027580
7548960
8330423
1376220
4425128
2183704
8614590
9126594
6061278
6810671
8537467
9329953
4107342
1437404
337528
9441595
6290458
5964733
7620507
3702193
3222372
5369341
4003598
5858704
1941590
9966904
3002272
5848800
1482677
8204208
8446054
6282541
5448708
605035
5518657
3560748
9666243
4979332
8573640
9367529
2862940
6024635
963139
6638581
694650
6187692
9055296
3228379
470141
5929104
1105262
8280406
8099747
4945580
9885839
1823556
8625920
3317651
7152319
2035560
43516
2083591
8927116
376460
2168105
1480910
9849339
8039994
8471724
4425628
8764826
4576821
9734879
523464
5664806
9880274
761397
5661817
4687216
9105264
4285208
9937440
5627154
7421218
7423022
302595
109386
424618
334602
9571430
7251514
6552563
524964
9524333
7875476
6145006
3375177
2625563
1298248
9407615
1310814
3682800
33469
1277829
7634721
2294916
9324273
2907013
1503362
807348
4014744
9123780
8063402
8055014
3481071
9747282
7092859
5992066
2420957
8605729
2666572
2063913
2036875
8108161
3732571
3483944
7460765
8870309
984632
9424639
5403602
7937999
3815572
6934979
5584775
6034670
8213851
2734053
3892325
4616121
571736
786570
1297711
8466062
237910
1869731
9439224
520423
3427408
306889
9969666
6127709
8101665
4143927
1115203
9211719
5453750
1574047
145702
978247
5896304
1650746
190155
6127738
4468780
4571391
1575513
4533280
1594717
1092186
7923507
1111845
4023229
5495665
3528611
6426792
7594549
3013874
9937861
6789514
2779664
8010840
5708023
490679
4722947
2829970
9360408
9944288
8899205
1710806
7654325
2264582
9225006
993014
5790732
6783012
6920758
3946055
2976373
3126300
578571
617850
5074992
6152013
289751
456277
9706602
5813346
8849015
8837862
1314446
8960996
9032588
8311456
9939240
9834444
2812124
2591568
8450096
5165000
7061599
6204788
6426777
6612908
3605300
8730281
3431199
2960681
5199612
1090586
2650648
9029201
6671810
5371134
6015232
6320802
5319884
9741686
6464445
8317253
785267
4406545
6942963
2343146
6105468
6660432
4851739
7752967
6616755
9008710
9328420
4117076
5316032
3799861
2224207
784628
7851045
4721451
2278637
9319584
2806014
7082640
2642484
3626481
1724218
3053102
5561237
8810564
7426473
5151795
7765329
5402999
9855658
3477438
1928197
9098953
4515999
2071353
5618964
262662
4045198
5115650
6450786
507399
4969596
63991
7849529
7253403
4660378
1608751
5309438
8953170
1821928
2531980
8348113
7464909
8482884
8536745
6117796
3821607
9155373
7094253
8336435
8404333
542631
8017030
3655608
3158451
4526976
7892950
2402327
572344
7099965
560459
6108082
4821828
5125064
8428932
6319016
9733518
8085772
4134056
6391959
1401112
7699480
1596087
6529170
9708741
4535056
1413861
46299
4703717
2261861
3683965
6396105
8462494
6782264
4803782
414120
9588209
1640928
4767455
6390842
219378
1578113
5466406
4140407
6876868
6458136
8504792
9816437
6480031
9936125
1940937
7560054
5993180
9402115
8308799
1816383
8819205
41492
9961153
423340
6096043
8079640
253709
8119903
8834974
7450597
2993415
8337759
2918701
5575300
6612169
7067714
4821389
86104
3755063
3004609
8790179
7925780
4540381
8676286
768744
5650826
2346949
8603682
3893119
1288510
4158043
2431716
6702897
9553181
8569925
3668828
3153823
1610698
4323029
5006851
3425749
8385334
5444589
4679424
3282095
8520468
4913239
7507230
8257110
6363183
3258414
7842592
8770866
4971983
6279227
9237108
6601762
6258320
3614820
1158119
4789658
430474
4044920
7127964
8683304
9441129
451712
7789360
5980844
1673000
5211042
2035360
8017372
8103786
8933341
8639553
2839291
1226391
3908329
8689256
4248886
4288167
970463
9558771
5719617
3190068
6944773
8146729
5889169
3916021
9763053
1552124
5842828
202868
6064120
2310160
3075332
2278326
1363207
8891047
3183913
2118964
3705189
7909189
9498259
8633804
3588342
5947353
4565596
8692094
2033667
8421454
3836334
7408687
4383827
7630295
2744181
8842118
30157
3994424
5968840
4461986
8280421
6047192
1897018
9547178
6791296
2481505
9398989
1394450
339119
8852381
6000794
5676849
5467571
7387421
4931811
6963507
3252812
5612371
4888620
1001573
1812624
2202833
5591755
6795286
8278124
8306955
5775582
8479600
5644383
3764139
959667
4352595
1653175
3684161
7412614
1063005
4901909
9232684
1709882
9072350
2425361
7103226
1441856
4937989
2677799
239793
6062124
2959480
488216
861219
4930949
2190031
937483
1643200
8970690
3828255
5087695
4308554
5227202
9810502
5621238
4877542
9362545
446388
6386833
3463921
3810763
4075987
7444133
7956809
5675241
3963097
9695951
9153249
4199955
446407
3540217
4294048
2145095
4081297
3618155
5021605
7194061
4858243
478201
9371820
1399595
6880007
1203098
7939518
9108195
5766972
2189654
9910273
7467120
3392419
5355789
7480735
8059088
6187379
9468230
7776706
2400837
1923131
3306799
4239284
1546751
1832931
4613610
5039664
9351818
5628981
7332527
2492095
3471639
8164540
6349142
6062361
8756238
2112100
7565766
2584967
3305566
2594473
4107577
1543794
135451
1833216
4939242
8424665
5484912
4560817
5503758
4342042
9276951
9317766
9716072
9948202
8540155
5916930
6924649
3436495
3548255
2425890
4674438
5281030
8060300
208017
939081
4239769
4859153
7063101
7297573
5078941
1654558
6919460
3174460
7314480
6187360
169000
7394943
7206886
2692084
5818312
7620053
148671
1102009
2891824
755251
381669
18648
3351186
4113963
281314
4322544
6906027
6977603
9244926
9077989
6545434
9450356
6713394
9817028
2542680
8770062
8480059
166548
9917762
8313825
5330867
3258177
2867937
7217151
1551177
7939143
2507079
3281932
6992012
4323469
8595807
8256215
7103821
7362955
3997079
2097625
6514139
3598463
3746402
9750078
2452494
8350424
6494229
7155898
4849958
5184624
18957
4663137
9890910
9292809
6985471
8686711
7816213
5256179
5321263
127409
4142988
9527383
7027248
2051059
7412317
941232
7265145
6665442
3585960
9633344
133346
8390656
9764736
9044350
600393
6244756
1138918
5139427
2648747
4674974
1793720
4735964
6718197
104243
5906166
737732
4482821
145859
5818217
8318101
9733264
4721831
7527447
6109439
6809713
6336940
9519923
2858534
1767368
1577035
6766851
8073922
1174090
7427331
7355486
537829
7639600
5756984
350987
9668907
8541579
5459655
5033043
1637261
4097637
6797915
6675448
1415222
9541307
7185399
7405662
6764105
3066154
6819715
4981656
9493336
9463565
1901824
9988794
6806114
3156022
1237502
8083188
7784870
3852395
6841377
7899840
1731057
5760895
1087593
3340047
8881118
7863911
5430732
603285
6110459
4614118
5950756
1921577
8322692
2703083
4523563
5886051
128232
5363876
1190036
7076405
6771268
7827355
135740
4587135
5843803
4653759
4789890
5257944
356181
4921298
406443
6618560
6348425
4889169
4183589
8061663
2234256
137025
8935791
4503243
2416534
991435
7563413
258789
8258681
4229852
6919995
438754
9175087
668289
3069587
3147249
8186170
8262415
9298998
1478994
6648179
7507623
2711197
1173144
4998005
5167139
365661
8914330
5777430
7004251
8541577
8373522
3560814
972555
980679
1105324
5389964
5872611
5047861
385056
9070706
4063220
3505347
287361
1608910
8373126
8879877
6407545
9798135
4280944
7905112
5975302
8533247
9278536
1248626
891136
2989853
2758314
6444691
7856857
2240693
5133497
7977871
2761630
4801320
9763423
757003
7972847
2439867
2938671
3074688
7232307
5396903
1052786
8372052
9985191
4891811
1563085
8465510
8426854
1389638
9597196
9968085
7595849
2819619
1919106
6704335
5077640
896407
1081542
8645779
4836926
1453689
1397894
3276891
1580478
9466002
6163389
6208884
6150427
5797759
6781018
4428192
3073906
2641332
9416991
9591633
979387
9390108
1578734
9804091
7627527
468334
8773474
1868103
3041692
9642872
6876873
2420256
4203349
7524196
1710912
6792957
4562280
7655773
2997868
9123613
2086360
6710327
5922998
3387919
8923024
4363427
7313860
4409724
1047679
3566514
5040397
9222404
1366275
1385367
3376133
4029740
1782580
6704779
8432589
6000745
5957185
660867
7382803
1534340
4497399
7854226
9193996
1922892
6315900
7981641
1584217
5671651
4700440
4384706
6153261
2923625
3659451
2420242
5086587
4248467
4351500
9853091
730507
7855088
918655
816566
9344341
3038175
7962456
653185
4836961
9658113
4443235
9170527
7985377
7573242
4117540
6900639
433430
1828984
6121849
8881468
3154402
3695297
5184325
9560245
9513718
4744160
2163984
6825711
7335841
9578170
5288404
8694217
6578343
4898763
8916976
4560498
6761880
6135639
3457045
6741048
8221316
419873
6381262
2926224
8391438
7358772
1077542
2694272
9110338
4600276
2737380
5676304
7152268
8920382
5235325
8971212
9720121
863970
5207347
5962030
2631301
7315260
6720335
9381063
3832603
5541962
3058057
9601309
1292836
4220776
1955190
1012200
983830
7206677
9036069
9866365
5015568
9608744
3735073
8061768
4082085
3468390
6585992
7124290
5409281
5637736
6850593
4350782
417756
4451150
8535153
431011
6306603
2693960
685524
4177426
6734072
8528601
7102521
1747131
9219453
3928531
931672
6362130
2433283
7934556
5713871
7983632
5686572
2252798
758439
9950233
318990
3742999
5704356
4979253
5427711
4501232
5729860
1587313
6689303
9000253
2549794
5805140
5112704
7230387
6549138
7223525
721860
8818243
3943606
1276468
1546135
4131811
6418913
8782364
1339729
4688162
274139
5936098
5114038
118143
9381359
3034138
6317061
9047116
3138162
8130217
4277296
8872923
1031002
9664571
3974979
6507623
7926101
7582554
5141791
9822455
6637137
6324330
3686035
3130186
3457133
7746349
8693705
6572667
4529225
2952961
2118322
2805797
8696310
845416
650118
752088
7465643
2685707
9847456
6921373
1742213
173421
3518731
4076079
5830711
6772481
1439662
9702040
3255700
2707811
2067932
1494624
1288062
3482105
6372141
1538295
2613576
1864680
892378
116604
8200505
5043815
9147945
638248
3525802
6439521
6642509
3633342
4073259
3314570
2075716
1064011
2716318
5262526
3362410
4475573
1895541
4798716
1343700
3056331
6753654
1336153
5676594
3698859
7062403
3056951
5782917
3773988
3496227
574480
1215731
1020352
2180155
2060653
540239
1950177
7615435
525231
3522592
5373445
63682
1204074
6419289
1198735
5945120
4494110
9339181
1787084
160719
6687318
941249
2604291
8508052
8858625
8781244
8063845
1784543
1787922
2367585
4274992
346168
4003023
230749
1282088
9430827
3872809
5636025
6168615
3675924
6287663
7045888
251847
2710608
4661169
7592794
375316
2614882
5343399
7713836
6851082
1172308
2225891
2418559
2120757
7743525
4978748
424676
7604911
2454827
6945675
5407549
5200609
4606709
6222335
4921437
7200243
6478772
1159734
667787
4637689
6200262
2952725
7465882
9716668
6100676
1078526
7213542
1626853
1727839
8949824
6339151
783316
9893811
893976
8096901
5979803
5047728
4065208
2057326
4298179
9844220
402919
6430598
1324975
5574892
8692123
8803455
1348612
4495781
3407375
8330585
4834950
4871926
6418671
4877341
889139
4928893
5052693
3362679
4613510
6110665
5778778
360657
7782250
2966037
309644
2295607
7604460
2223564
9133154
1489449
2526815
37714
2982668
2045217
9639157
1248185
1408220
504612
9222551
1394514
841332
154897
6302737
6792863
9773295
8462289
957552
7684294
7723193
5037760
6615600
9715549
2749226
240682
3872712
6994230
2384936
3358899
4006298
8810402
9696609
2050933
2677818
82065
6502424
1867192
8624459
473571
5901716
9634378
3431069
4435523
1630251
6259715
5470269
6130539
95835
5969556
251409
3084872
1120799
6599171
8515558
6437613
8043558
1186979
6944983
9830779
7419749
6649829
9586968
788602
4754736
9262028
3319505
5290346
1598762
5655922
810055
9253812
9043358
6764138
7446279
4486034
3157996
3000037
3142393
7942195
1986588
3007507
8295288
2932237
5705708
6241715
700535
6116265
6901264
726373
9087387
6447556
1282862
422942
7696472
5893481
7978177
8023919
5141752
6020717
7445123
1241020
5327461
1346836
575470
7509969
7901998
8071816
2800474
4403151
6093952
8197309
8294566
2255109
616743
8183800
918355
2382566
1437924
5316860
5736807
9385690
1883962
4513760
5273770
7750468
942129
9628059
1130904
1890113
9408348
2104216
4013712
749343
109434
1727186
1236530
2537007
4232334
4354489
2839652
1326306
2153959
9514281
3726479
8020171
773831
5735670
9033541
8725869
9441653
6437538
7444623
9596331
5506890
216971
6628083
6401424
6608405
5285423
2042016
1808156
3105854
71706
8721121
4018601
1609048
5283978
4332460
38287
4230295
1517708
7373442
9693773
3961027
2658532
3638006
8195215
5814211
3575532
4441814
8046071
6635541
5213071
2519513
8717126
1433634
2261917
3775258
1647218
8698823
7481644
3198801
2039676
7865935
7523863
5004831
2213209
5708981
4118398
644946
2539001
3835702
1519850
1543137
9263586
4759219
3384021
1120200
77128
2361363
6875682
3719566
9219593
1454129
5433230
3211905
2419404
1120933
4020113
8713437
3876582
5387797
196979
6607447
7025255
604908
7440064
1469865
1085842
6234676
963258
6058427
826023
8172094
468942
6979378
916379
7866121
7698561
2429221
1751148
355533
3949362
5438461
4334443
2809538
8479205
9243224
5255641
6634994
64196
8630862
2210655
4805616
3643053
7886920
9738755
8471435
1821576
2892956
8349437
9668214
3198079
2954241
9080928
1468378
6716828
2231331
7688157
2956774
1432554
8857999
3832024
7224541
9589974
1032271
1614499
4130999
2174714
6415714
7534333
6642209
4344753
824487
9335362
8426438
57118
581743
2390755
7279708
8685469
5103938
963913
269402
7373380
1530134
6274841
394960
7114129
9415289
1277986
1398038
4726750
5431640
2136010
4056718
7811624
2391139
7908980
4028970
9751747
6135247
8574400
5260097
6031598
3054615
7660517
9832436
4114821
3361365
485535
8216135
3055701
2797028
681880
4862818
6562372
2307367
5397993
2965823
9284998
5421095
9562244
5980223
6574385
5590691
6749598
4918493
2363286
6423777
6737094
1891692
1607118
3184009
9668462
1346772
6510168
517872
9865470
9094872
4697607
3449223
2550054
9201482
7731340
2229845
4570588
514546
7778465
8062177
9944742
2542839
1250129
8843359
3696637
4501895
8823081
408614
8409681
5567317
5095995
1195131
8764148
9525741
5581430
7950647
4153494
4750714
450705
9508321
7974229
5073282
777924
7903601
6155808
9046551
4363522
5557757
8780036
5177508
1965188
620713
3751468
9263181
3320768
6212729
7677412
914792
2442411
4967722
9017671
8518446
6560372
546848
4346997
7247654
685208
4189693
1803152
2060391
851164
6042308
144729
7647648
5695621
7583557
7669605
418272
9260937
1231365
9083351
7401210
8861179
748710
2358869
6082329
1315318
4525303
5794365
2682998
1532116
8291360
4580536
774503
3438815
4965387
1753717
6303323
6260280
5979356
4654126
949362
606601
3634072
192491
6846306
5860214
6876524
9635260
1228754
2605728
2202186
8136220
3535185
9067656
6166589
581273
9638721
8370399
6869687
8223703
7870801
693487
2124288
6945119
8538396
4529217
9084553
7450248
6868615
2175369
5447755
7490331
4470461
1497854
441021
7410570
3289799
1574288
3328825
7978946
2737418
3611816
7560572
1870879
8560438
1978981
3469701
4342552
8218585
341961
1819630
6138695
1679821
2476585
1657801
3912327
7718678
1636722
8232356
4817849
8909833
5634702
6687924
1096620
3405326
5012459
9695409
5202389
4100552
5873358
7688359
8289612
7254608
778174
573559
9465783
771518
8119397
9426812
1545400
6252675
374570
6383707
3822625
5757655
5096417
4713330
1184763
7338038
965751
7440040
3812194
7779298
6544551
368026
1414496
6009331
9931358
9434024
2597766
8925107
1389711
9890497
7761736
5966028
5584991
7649075
411908
9585016
6662181
7550020
8585098
8131269
4572446
1521142
5321747
665214
8959816
3267346
7526283
5431951
1899718
8844511
9917279
6430879
6160670
6570447
3666975
9883751
5717462
1509159
9028209
3773659
4449100
4941357
2308834
1722632
774709
9136889
4964070
3316714
3555152
7203722
5675854
4535678
6099599
6358425
1335983
2694125
8763713
7638217
2011143
315762
5780728
5022139
3714004
4863344
3531972
7975347
3113524
6171012
2046061
7373218
4419219
9976297
3376872
7728443
6072344
559126
2692841
633632
1329353
1336446
1207465
6040235
1366864
3058328
8434523
19409
4600812
4944450
5721468
6662372
7959346
6588944
2336367
6993736
1351990
9918090
3697191
6521552
5988867
5485671
6263396
2442503
5279866
8364260
5880208
7287579
5685595
11668
7880437
3388143
4845236
3011604
3380090
8710962
4036949
828244
2593193
8507259
7026644
6699605
7306092
3210182
1616540
1055236
2360385
7492407
7819188
2029469
3261555
9904821
673531
8561259
2576584
5268017
9993253
2480809
4184583
5233823
1652472
862124
3961402
3688606
4914986
2077766
1041686
2891851
4739737
9889105
3046692
802528
4056118
6880577
4054391
2729939
1230201
9970674
5363732
8796353
6464325
6627669
7591853
362404
7790388
5499349
4382028
3258061
4792120
3045352
2349149
1416312
7938884
745234
8705950
3249473
45086
4712578
4968228
9602372
3864180
663122
6149949
2479277
2086617
8127139
4313804
3999438
4377646
5070954
4733162
1766833
4159482
3835137
3298150
648272
3402763
9375297
6651758
2072343
7387571
2934991
9404813
345406
2470929
2090685
6119260
9962514
9377895
958318
8978867
6490832
9585150
1499867
7306059
6100415
8545726
5157573
3831864
8254048
2342845
7392400
4170853
4729794
3076557
983425
5277993
6812402
4950388
8642255
6316519
5027359
9498412
3964614
1991858
4891106
1486905
7954948
5411543
8513386
4228910
6188889
220666
2205131
325375
8484849
7290752
5522498
2527448
8642966
3544713
8670366
7027044
7842056
1863452
8456693
6282923
7500740
2012032
567436
3714040
9372523
2950606
6078912
1636354
8892502
921967
1057591
2910797
2961491
5629743
3445631
2000975
2661747
9583127
5765947
6633108
504470
7524163
4998739
6345397
670463
7668816
8399384
1605689
888656
1065938
6109849
495968
7391452
5570776
5855055
9220286
1903690
3487576
2240558
4567304
301696
9604954
2495492
2213769
6272335
6048552
2610031
581925
9603617
6075128
5482094
8451792
5235668
151845
8196721
1600054
1656289
8086932
9031654
554863
4722638
5666344
7960556
5063217
6845643
3665388
9806449
6889794
4765135
9836870
7069181
8788132
9598950
4358814
8147052
5317089
3717527
7867146
4145596
322359
3506098
3285239
1123147
563211
6596949
4884486
5936567
8212625
2764827
2525116
1000076
2751623
1782116
6258152
6052667
1338635
6658463
656783
5028692
6986935
8492184
5446614
3281432
1483200
3119435
7937499
1657156
1110116
598175
3214774
3272670
5868629
2289231
2759869
4497686
6538989
452569
3390116
3945771
9110215
8068143
9304840
9306056
9959412
9774077
1883751
1138273
2046496
6416232
784529
930490
8418796
3901004
4708066
7227333
3086273
5582481
5048399
9134841
5053806
7396264
6521241
1306506
9213380
8860836
4157717
959057
2981121
1674720
7824905
6921518
9558923
4109921
902639
2475242
9385236
5399880
306718
2661938
3479379
950825
5678279
2895155
4582670
2866445
352656
580402
2040226
6916291
8381651
2637474
2698615
3047103
6325048
7198385
5670368
3740192
4468980
9426007
5260843
3194253
8635418
9839979
1771457
1283606
1145124
8976835
1393789
1346554
8119904
698797
7724455
4722836
996182
7417304
4674476
7550269
2443930
2702148
9323523
1609394
9106796
4665675
8878716
8113684
8527159
2150657
4787763
4844830
887531
8793942
1139047
8912168
1449919
1389112
1387459
2874
5898324
3835627
2944999
1349404
6441972
2161982
958093
5431869
31726
5192699
7722927
9424788
4303853
9175037
8762174
6076389
8717651
4731170
2870774
2419575
3062669
1541623
7786163
3067625
7550092
1474641
3941688
7165738
8394178
1381994
6704703
3921873
1544218
9011965
4920720
3530020
3807030
3085342
1886753
217763
4511922
6735968
9322359
9532730
7383869
2719264
6253415
7036415
9974707
8962046
8048669
3602511
9352815
5366977
7077092
7688427
749960
4480455
6823045
464205
2201805
4937035
3156857
3992969
9043413
990765
9404137
8519741
5974987
5171477
9163755
505681
8598914
2754952
9289194
2961398
4782612
5972485
1467294
4342907
9288028
3073087
3867355
3764562
6088760
1030957
4879820
1612038
8666456
413731
6667632
5076414
2052808
7931961
2159613
7654463
8376768
2173009
9763243
3404166
8822312
4514945
8089459
1869249
818296
8133886
5367623
1668629
7989119
3604752
2164740
4081854
722960
6720843
4559886
4225441
8131474
392052
3526020
5862506
4335953
8183770
1918458
3104935
5807182
1831354
2064494
554143
6698167
2689989
8861762
2823916
3586205
70332
1723015
3153079
4063829
4300428
3155901
1975582
4520442
3745901
5187530
5378041
4108040
2327975
7820320
7615288
9107105
4461933
1889356
6106004
2098024
2761138
2238994
5565760
4236027
6157053
7006984
155206
2258619
1913384
793851
2942858
5770903
7559320
6127479
947923
2190343
3025644
997473
8009150
2211011
7341551
9942670
1844497
8705471
3550352
1461423
8179787
745093
1177420
6346977
9669985
254918
7829487
8419552
5897058
396041
4320724
7426739
2178896
6229575
2387310
6218860
5005786
3519074
2160973
6065646
3192341
4429997
2110940
9320765
2457036
2119822
2104044
1475046
2391168
8498998
7807399
7118774
3449102
4231630
6329939
6319455
9983842
2739494
5504997
9102166
8674312
7576439
1980611
3867124
9079339
8803829
6713315
6182787
6853151
5133601
9215466
5389191
385507
7056641
6936488
7375470
2998511
2088371
674881
3643736
7055221
4870485
6442684
5298190
8479048
6782666
8306951
77860
6626383
5003021
1504540
3644484
5259847
988060
7496724
4284561
4857901
8531595
3063656
1207019
1744213
3780281
4323324
1240120
2807782
5467403
7639362
2870043
5443092
9655282
5033166
5130609
6096112
7264458
5489003
2781014
1720571
368118
6245877
3169785
7626009
9834079
8166489
229398
2605072
1433015
7952226
5857467
2943150
6717909
3525964
2876632
9418775
4587981
1516032
2216442
2473826
7334338
3920211
5886760
1892163
475433
5398573
1878503
1947044
2032489
6412235
4864941
8309548
3788176
5157062
2636362
1825552
8878782
1107011
311892
6641083
6208622
3566075
3421026
800073
7699782
7011290
1141598
2669461
7069904
3990757
699318
786087
1390637
2937509
2822880
3210000
5187251
1331621
4526939
552522
2277799
8681908
7532158
3535496
2437408
7290038
4425078
5562906
1949705
3307463
9027125
6759839
5692627
574677
9178513
1860019
8363751
4300609
3042458
6322971
2636424
1489325
4126060
3326239
4117837
6603172
3053026
4643876
6076124
9162530
5218708
2310627
339940
456054
7047301
7259866
4528054
9047453
7956044
3650744
4789318
9890143
7868934
7115807
959798
8759099
4717544
4412248
2622741
1968269
7559624
2015899
9777894
9355508
462919
744895
5298112
6280060
7679602
3549842
745558
108017
3144586
5280605
2681265
5416608
2973589
7135174
624725
5984186
5936600
87959
5492812
4443787
6231094
4147489
9320987
2643905
8533896
8812903
6455213
9203176
1579282
6079313
9504347
8747804
9012922
2619966
6252916
6826386
4584749
6544885
8069364
147289
4307618
9206548
2505596
8102071
7444367
5204582
3467491
7246454
2707326
9949719
9877790
4837515
9365746
8892659
5727883
1498104
2867756
4250319
8319155
1833391
122857
1484351
3957542
8653828
383823
8597908
9952075
2037970
1536268
6672665
7282340
628834
6390226
1472010
9235036
1953274
7416474
381641
8512299
1267202
60045
5595593
1699046
7830639
9698038
891768
8446849
906901
5661679
7729880
1492040
549737
424509
8761507
4777719
5543585
203219
4419973
4756372
2594634
1015014
8565883
8960013
2314491
5467853
4222597
2072131
5091062
6320773
4799322
5556663
4368348
5805177
3879258
1802755
3423400
1330904
5648980
1939357
3105019
2994765
8146776
4472341
2849890
9409927
6597154
9012470
3138240
3812090
198941
7141007
3686850
6916310
7674011
4597182
4800764
3605006
3358804
1657345
2631169
823360
7142910
2614840
3219558
9796389
9696514
9268185
6560029
2935850
2343241
6661489
3336563
2396432
7911818
6657825
1587545
6047361
3375687
4707499
8859053
3094874
2917958
2326428
4043346
3748290
1402940
7631983
3736806
4564939
9967342
7810546
9250720
9405872
5831105
3228405
5139913
1049155
8312516
7020373
916792
70474
2199280
130429
9331677
4661509
6574958
4083276
1025868
9083541
3108986
5130826
8466271
6025193
273460
298667
8225331
4912908
6156756
2913054
2829641
9054432
1075973
2174254
1937301
4075200
3369229
2526858
6919972
2285279
5919373
603200
6309068
6723498
3196455
9722539
2665936
787847
240828
2613052
7148439
3423090
7930158
6475993
5779941
8533583
1941481
3362725
8469192
4458224
7681246
9239114
4160410
1183581
4403898
768441
2023238
7703711
2324410
5404435
1522759
8585941
472847
7184895
6199791
9274363
5310254
3948171
4902676
6241907
9826508
2309366
3847779
1407046
8764724
1519453
8130028
7431431
9280076
1645343
4110577
9509304
2060996
9600297
8111986
9318348
9542879
5897448
1638488
8877754
5592662
7228528
5949092
5023823
5081482
653178
8858838
6498675
2277280
6053761
9845656
2421792
1751828
5426257
7837298
6489009
4114865
1800152
5774991
2173374
9248446
8685676
1633938
9294185
7324602
3162385
9598221
9478667
9159376
5430567
4123572
9143019
6429964
8423207
4289413
8559778
5499383
8436629
9222037
4265248
3754395
8086997
6657174
8612665
9069104
9889781
2486687
5360978
7790517
8605275
5802667
8738955
4072674
9219399
9153562
7672675
8297371
7622656
2350032
227455
59119
6992864
4341158
9592494
9743153
532282
3744223
2131864
6467116
2247086
4269129
1507685
3704411
8977190
5975126
996986
1337473
2922401
1925536
9156284
2767101
2262144
3224094
8542012
4652043
9409744
2182719
7543187
7319474
4096837
456347
7632108
2310734
1125613
1242834
2396191
6942575
9361391
3386628
4081657
1582184
60911
3040180
5888779
6374196
7773682
8141738
9953372
5767512
9884150
6349157
9191780
3747148
3724551
1666119
7660815
2121170
1834947
3233033
6090419
9038330
8609859
9247092
8465506
3748851
7425440
3093031
9070732
5454279
5205457
7340004
7716983
4481438
8514070
5711407
6453279
3663420
9411248
5589454
9252396
7271382
4442710
2969218
3868130
2941077
1737790
4294358
7688524
3847093
5825371
930823
2094423
7565636
4414695
1069135
4331903
3924318
8854090
4278309
7071167
2322230
1296301
6858331
8903970
7908680
3860718
226927
4935514
2913775
9656557
9350672
4220194
7435447
5560417
3509372
3376605
2383022
5381235
8308290
7442299
4765624
7739347
1066317
2199835
3524101
3056792
2451675
8516142
7606169
2227027
7438044
2643567
293953
2424308
7127313
9257656
6731230
9981589
4186167
9685035
9512830
7213144
2309772
9815221
549196
4424425
839487
3315679
6621224
6505976
2384465
35425
4591949
1487546
5967548
4988620
5805685
5226437
1947222
8394185
8212080
5546766
5279743
4244518
2419185
8819076
6509262
1473921
5602224
5065765
2188525
4331365
7149923
3635318
818895
2295815
499157
460936
5155689
398457
3588564
5806771
9126295
3083177
9214099
43350
3520053
9903512
8757614
1693672
199685
9963582
6613921
9390434
4187829
1975899
751335
4301221
4729309
4989358
3877646
958095
5034673
2921193
3725182
3014916
9538730
9308224
6292811
6364800
3516326
6542180
6747874
8344976
8702265
624769
3365915
1835823
3247333
2597901
5642290
3974480
5407360
7840443
9805649
2791403
521611
4611402
9855930
3855195
6548886
9778782
3025642
8905595
5014081
4836842
8714074
3779459
7641814
7215671
4222836
6120434
1822014
5169378
8804255
3430096
8809867
4185014
5053148
6201530
9570427
9065936
3984770
7453386
508512
7717053
9035573
8175187
9621766
3176860
1851981
5008717
4682327
1926098
3037083
9180799
9606532
1905515
4924173
1554069
3891936
3186774
3390838
4386120
8362706
375255
1195944
2538502
3500477
5879552
4145196
5572218
4602354
3146038
119914
3490715
4136865
7960811
4192323
172854
1834949
2063606
8271180
4386084
2429928
613873
2180362
1826319
6766631
717163
2203228
4347215
1917755
3215897
7557954
3802943
4705877
149220
5245417
8791879
1471449
4954684
7850080
4542831
6789349
4065632
1454141
7093770
5048537
3552234
653257
5107846
578813
7586310
8977357
57667
3160133
3959154
6290845
8887642
4177779
6229051
2255690
521212
3936793
625021
5897085
4330451
1831022
9987763
4803679
2329764
4213906
2073354
7959346
2143941
8378009
7973945
2158879
9587635
4071893
7018621
1645365
8186815
7951131
6244901
4242799
1986681
3039007
8910050
2063412
1721455
1248591
4362724
2856301
6258961
4229299
5437754
741091
5561620
7654023
9460012
4306491
545487
5404683
8630618
4150431
5311450
5475969
1485957
5699876
5786911
451460
6779568
2124155
3555682
8645506
4376871
2515035
6039501
9340345
8816481
8294019
8508898
612843
483672
8854345
8841611
6779971
6096051
9740553
4998223
2990853
1838056
6086471
8435195
1268256
6201027
4991607
5928257
9726033
9346151
1683913
6371067
6630533
8732696
164337
3076151
9971899
641294
3473309
3824803
373652
8050151
1511632
6245161
15720
8528892
5978423
6366933
8976333
4141717
9842612
6350867
5099337
7199962
6869031
8444576
1210514
6827943
8070189
7233135
3101663
8588299
3576314
4748518
8531948
2315641
5634803
1249937
6571453
3295286
5093521
7581334
1365879
7551089
4889126
5030551
287475
2831513
7099433
7109764
1441288
265626
9565981
580400
7942528
3941550
6413024
9192088
9754091
6370354
8937870
7601873
3968084
9101207
4732702
4628336
9259449
1415456
2315249
1417811
2531938
516431
1225755
2415260
9391735
6694053
9309342
2053815
1420870
7672200
6286156
1171436
8979179
9211146
2243778
509695
1273462
58326
503167
4876573
1638022
8670606
9531311
5846929
9500930
8413785
8862728
892062
8655642
5036739
1785078
8008766
9837870
2057546
3977118
7629835
436227
4917838
5368767
3875389
4860119
7891070
7704106
7612611
6192238
8092061
6970470
1893408
9843550
5056035
7177479
1637189
9131137
9850698
5924874
8587014
4820992
4372349
164440
7003214
7200236
5778661
4205957
3552533
429461
34
6574443
1919824
8430464
3187177
2030021
4595160
9917973
2695774
8541903
3035503
3479162
9958798
7931340
826284
4973732
4915384
6270905
4597279
553383
733944
8569891
6158199
1740478
3539250
7459451
2604304
7447830
7606788
4013374
7762918
8350688
2195033
7874968
8176794
5265170
9330772
7247131
2831728
1724931
1327868
6356031
1154891
8918267
2667264
2141681
3853680
4583149
813125
9008107
8065511
5128592
2822577
9851193
624577
1347651
3993774
3069166
5406198
8450735
9218033
7771822
4542493
3487357
8297897
8747229
3353246
8601194
3404846
2722196
8032295
8427290
895946
3018654
1217638
7137902
1410578
4217378
6404415
1070482
4830896
8247429
4810833
6410159
7244299
185595
3709925
1514770
2820963
130175
1849622
9686349
4278325
3606774
4357451
5609527
6877933
387081
8665024
537576
9575749
7466625
5863761
1538096
5519801
4555857
4702480
6522093
9664213
3850397
5948901
1571388
8804460
8592748
7903418
7760929
4019801
6338020
971021
8186821
6056029
9271495
5711468
7905008
7512379
6011063
1338075
7290703
5628093
8722449
4974997
4340468
657920
2944133
467249
3760018
2588938
8412492
2310630
6181749
9878912
4099100
532132
845126
4900874
8433822
8199511
5192293
8770085
1803338
1300538
876671
5483597
8302823
6588756
8321217
5171695
6772448
1884201
2275740
7293157
7038468
4170354
183194
3342664
7233200
8735752
9453418
3793682
8207865
3017940
5618039
7776206
4636202
146599
1745215
704747
102304
7564624
5899055
4158325
7737494
2343813
9359088
5142393
7116348
9897847
8045859
7632092
3385631
3251492
1761746
982149
7543300
2738419
5767693
415586
3877112
6325362
4159251
3985176
895778
4968467
6559871
875492
1983718
9913566
5065412
7753894
3963341
3260893
8484093
157427
5738842
1781931
8335078
2038194
1287192
649212
7972782
590582
8231572
7333568
8555706
9553792
3064914
5417633
4739061
9781995
1577793
8720255
5256649
7926281
5649557
3586714
9331945
2354860
6156438
9700474
4065402
1374122
5570827
741599
3552134
9025079
7360445
8004904
8110493
1360944
2867497
5792609
1417913
6861196
7231891
1102928
3965348
9773448
559792
4405262
9719692
3878808
7549126
1287142
1680052
515227
3716267
4192889
5016274
3832056
9155166
8702699
339453
6272245
8789281
4827235
493313
5141254
6207883
9577320
1937565
5912442
8026097
3652290
7019700
719085
9040896
5155008
5241817
548640
9263095
2847692
3068174
1069868
2444536
5516915
5712202
8712444
7536694
601374
8635640
6645588
5628974
7814113
2840407
7030814
976113
9624378
560781
3783767
785755
4497852
6050404
6072288
567210
1666312
8392709
4056444
9527200
7287692
1362688
5095502
1487465
5942602
8287032
9760866
7642207
2403468
9128121
4176299
7545636
1110027
446483
4340544
4903536
8002034
9283398
8674108
6839885
601686
7312474
9802184
5191629
6390026
1792865
2515345
1298881
6855707
2500557
1585903
5904972
8659095
6158957
5062160
4975586
5137716
2051561
4477417
2063529
7983832
7617865
4663782
1074987
200918
5892648
10189
4107155
302869
1385736
712101
7328655
5492823
1840734
142908
876949
5036227
6344858
3916322
1040435
5579586
6461603
4118213
5396799
8094054
5628049
3346314
4879624
9076978
9672288
2695120
4111781
2326453
9712055
4737265
7546980
1063363
3705850
7090147
390886
5562802
5686561
9317169
9385051
466723
4435481
451006
4787820
9497935
5173710
7233975
9514943
2329229
4032788
8716070
758610
5026185
4965832
7642335
473776
6745620
8368592
9288092
6337038
556906
367375
9756066
8166203
1548996
2581906
3485456
3126962
1950522
8652254
8686276
8084123
8730495
4858739
3609652
4578509
8315052
1135854
954310
685140
6906344
3154029
2605758
2176506
3802483
7969529
7871677
6489151
5314018
5252295
956910
696092
8864683
5471710
7559462
1010560
611402
3595488
4335989
1616658
6955357
1890214
1875004
934403
8645252
5553272
8053549
8979115
5745491
5337344
6366758
1238005
926952
3645933
5391096
3515756
7276316
5909153
3708318
893879
3977902
3306070
145830
6729044
9256684
9766818
6044810
9902554
6761455
6284426
4335363
6399283
503147
5926471
7782447
8840351
6213593
6551967
424552
347002
4408861
8860759
924632
4578660
6128946
7519484
8591220
1346247
1068529
3600963
9363530
5646879
3704188
3900085
8686796
4440922
2711011
5660798
1610558
858364
7095845
6191070
9924087
3072670
7128059
8835953
2738148
2385016
8724007
4053371
4374953
2977186
7839864
6114741
3005631
5668327
1525959
2484507
4917351
7790841
4415008
8945050
4181726
4984438
8533728
3610068
1957722
7021835
3875305
2453241
8080899
9712770
8085466
969614
7822281
888476
6614343
5607957
1643824
1620223
2221960
2375299
1989923
9727022
4843684
7213556
3976931
4087854
9318646
7467280
4523847
1528186
7617930
3717746
4596565
2111770
3030045
8661088
9622442
6082908
9709371
5861655
50523
301423
9386321
9253623
2859753
2860047
4931372
7158071
5325547
6091179
1672123
6116121
2184578
9548314
4197421
7521976
9603272
7846599
6729773
8179472
4792579
1817803
8192880
8014486
3388464
2124632
931204
862720
6322686
4932741
9995419
9479195
1461899
3020729
5118461
1066300
3055976
9746519
1130990
5737098
5931492
3309545
7590862
3575434
8161924
9220553
9901019
7358920
8225452
6283835
8340062
314734
9950177
6339521
2079919
9646218
1142694
6073026
864070
310599
4695128
6786893
481026
7498642
2538340
2713147
6526316
5240098
2642019
5814566
1296202
4715938
4436317
5008884
5297299
5057574
5023278
2605678
778682
5225472
7968113
9985953
5038896
3119586
1160771
5990554
6842185
913353
2365334
8969134
9981918
9071717
226207
2931072
6261670
5016654
3074287
9590193
7184412
6283776
1783046
9844077
7688418
6031498
8237931
6410174
1743538
4464262
7468277
5730966
2824073
4470792
538241
8698778
786687
6528362
1311132
4148789
8675456
7905431
1988603
2026166
245678
4532747
6086934
9807651
2850062
3173189
1353011
3731610
1114206
6025485
6640265
8643997
4347359
6729413
9921487
2032422
4622823
9326404
6480096
3569837
4450070
8945822
4650528
157597
2438900
5190708
128996
6261076
8394924
6594097
3741502
5230485
7683611
2119743
5844689
4379846
3264034
6297350
7403166
2203480
5520556
9872169
9486585
5450113
9313419
6866883
843798
1523283
3810462
1161514
4439877
1146857
5252771
5875782
494707
5997581
8456339
3237167
2050457
5353800
7218832
3251420
6727557
2473977
3172251
8392730
8047287
863181
2966898
6139451
3220123
2791365
4129375
3145879
6259765
5449604
9425815
9523853
7799907
4193455
4184923
3075993
1796336
4572527
2205427
8889782
8931842
1194373
2015389
122536
4924991
9216746
2741276
1995552
8516396
5544594
8565481
490201
2930125
3504530
7769756
6985867
5806749
5661978
5673874
4525314
3331557
952924
6463360
4939123
8618467
7741605
5257882
8916161
1893213
3044843
7737717
4120246
5183019
6652245
8878392
9575020
3048806
7540067
7369999
2684836
395669
7958420
7754780
9526910
2526890
6297818
1150038
3741710
7938970
7795494
6501628
1671520
1807182
1507877
1781224
2143976
2251409
7496849
6706050
9077908
7873056
3867153
2119265
3577053
2177535
6942421
8048661
3025758
6248580
6779580
1906022
9832941
989274
6326542
9800646
8957450
3091566
2171458
8044816
9461683
7801906
4357454
8831672
2848923
5038464
1237500
709506
1334340
8397613
8649334
2309183
4024646
5253818
4466815
4164692
7658166
7759448
1807204
7719715
335944
5702778
167365
5353592
291408
8938948
9896300
5484212
249606
3244885
6165307
6329673
5819314
4118279
6843108
1118231
559768
4671320
4787307
8252639
2027968
9077212
8204079
7761799
9209087
2860317
647717
3225485
2631868
9245454
4686865
8486371
5714140
2552719
280147
8681386
7204333
5537236
7160764
5699541
5654422
2334647
94215
4596920
1957943
4119003
3655876
7587381
942758
1713533
3669585
3427230
3752927
3075026
2372331
4986949
5857458
3449406
7418446
3918560
7664744
1575688
5178732
9604400
8866428
6395119
9459688
457419
6400656
8347911
8327677
5929145
1967311
8554376
5193747
9581149
3342106
491458
458629
1589803
5971320
2622114
3398424
6092594
1313527
1265120
4484179
6425738
252408
3643464
2020451
4731365
330775
1343766
519415
1760511
4545979
9033695
3279098
1891137
295723
1932369
4405550
1930546
2477322
3909766
5183054
1198499
5452673
4271131
8959620
2516965
6243868
574673
8534390
510688
4803086
8629674
1045497
34929
3700613
1193746
9815395
1310142
696702
9440442
7018200
1859651
4547653
3903744
3109376
9345117
9113419
5981307
1637520
3847425
4158563
4400380
2951344
9124761
2035372
8681407
8855849
4208030
9465890
9251394
9792935
7810036
2415122
7271537
3322887
884692
1980889
6794962
9517079
6404031
2000901
946892
1307959
7941868
1336799
5206796
3298356
5856645
3614871
5025701
4017496
5950814
699409
6642527
3061792
7852257
6307015
5156236
9295089
1424881
3963802
4765261
7082052
5081347
682334
5289597
517404
1341570
3099487
9336513
4218920
7097181
5106464
4870738
8457974
9231453
8713302
6054767
3982883
324815
65585
2734455
812693
7598941
2138081
988735
6125350
8304351
3459132
2314416
7186648
8958841
3308799
5208753
3397926
2925185
3550204
3374673
3209630
563299
1232257
7190587
3991445
4325245
3803221
8222186
8671712
851554
5776475
907757
5680566
247142
9538103
9091461
7990118
6087079
8940927
4132088
8142987
6849391
1458362
4274481
8094126
919990
4705100
2362802
9634473
3878740
7352123
5362291
9756852
5413252
8507410
9181558
1521564
7346648
5931329
1833531
3852435
3111722
7332070
1826994
5193984
4516532
5615003
8275910
3542085
7545
6136730
4729678
9722041
1258183
8031020
1002934
3253512
3533720
8081478
4000070
6436100
8502491
2614957
8620299
1134650
9342141
3972631
4995367
2706808
3917379
4546455
6216144
7239763
5760137
3441799
1444378
1624130
5745927
6797956
7490412
7174203
5425221
3676307
7734026
7689768
7637502
5395812
2372718
1842202
2596010
7682978
8368019
9837652
3326788
5201144
9558577
2637676
8295812
4372636
9703896
1822415
9325250
8307152
750497
4495429
5320081
360814
5106585
3737220
7172323
7852977
2443190
732133
2301663
6832534
2558981
1663974
2953495
8774824
6365060
2152189
4244857
2935757
6687627
2723930
2320469
7087814
7276298
4511160
6528799
6948381
7818217
1278682
252198
2440226
8196855
6441106
5429312
6325334
1270703
8997511
7549747
2846569
8088165
2796004
9796818
4838796
7928197
7962701
5285198
2521829
775795
6832745
846348
3710823
419768
2995662
6321740
6010529
4390181
75251
1020945
2084742
7819622
4432787
1795687
2558
7615282
8723693
9104764
9612034
7693777
6846021
5528207
7807521
136925
1978184
9577443
3957621
3046877
117164
5846757
4125092
7876952
950776
6402107
438963
8914965
1724909
6409260
8258818
8549611
6809578
2764841
760408
8608093
4045116
604566
4111020
6501274
4064967
7280865
2667256
7576562
6945582
594177
3326807
4421666
8383002
4624079
1939453
331391
4571311
7401737
9131103
1709464
8259490
8478587
7320324
5912001
946778
6875175
9574358
2674865
735623
5279439
5020916
8474691
982070
3987415
8122604
1199484
4630301
3529227
7647956
5832640
4806507
2623657
8892657
628237
4091844
3430323
6862152
3809302
1030190
7882355
4750153
8660569
9940147
7230477
8256593
1629579
1459315
2882343
4799433
7849048
1018692
1368057
96683
7684955
7244922
8511529
6539820
3507340
8079487
1554264
106110
7123876
1432873
1064256
6042922
7176197
4983574
8914881
1602022
5926955
7461032
4256374
3464070
1015312
4863332
2817354
6150759
1453634
4258081
422872
5593731
4888430
6818805
2790311
6850100
6483772
756370
5587242
2352960
9184388
8887343
2444252
9369686
2520118
7560769
4816914
8907066
4397314
240927
4466027
837128
6200846
4646723
7257031
9838227
2174439
2802496
3264766
2711257
8707223
6260630
485393
2001597
4892554
7681776
8062127
6735755
8482591
4529017
730614
9446313
2931262
5108047
8247656
2710454
9509765
8296931
854739
4768171
7385441
7430623
5431881
5684440
9210625
2625199
3220048
6459699
1816721
4689328
672043
9418956
8166269
4266382
1776433
5917807
40534
7858424
7239534
6747787
1128098
6641138
1598745
5838223
4968905
5460488
3526634
9236950
276976
9571830
5890360
42814
9958031
9769864
7888974
7976261
9439704
1837615
6314649
1590967
6092786
2404793
1030757
5775742
2485369
1083252
2055476
2171646
9195136
1448963
6803995
3293198
310373
8543545
8121678
7332234
6395620
7161885
1696826
7672189
3269122
7954506
4025384
1552550
523750
1656959
1566160
1619102
8321242
36902
4515827
7711642
2165751
5564702
998312
9277103
2924282
8361242
5711595
6740254
2868826
9458909
7016176
9941114
2882159
6259287
2765109
2805902
9982244
1069840
6519531
632446
841290
900515
4238489
150907
1005014
9276693
5585370
7625743
4613855
1214404
9817062
429741
3115740
5326185
8637583
8978416
4304197
2128506
8566314
6700277
3221935
2930267
1336638
9371624
1635006
9561990
360166
4008619
4914813
2167311
2544363
1163841
5437363
8772811
5655
9883905
9268490
3557517
5955228
3266581
338331
3329215
4598667
2815079
7383803
689571
2702644
651910
2451429
9625156
6995439
3681115
9157750
4706226
2853749
1374792
5909036
1914659
6604019
9664002
6078510
3880416
3949474
7417406
9568431
3520071
4374287
1720448
2813106
8786453
2237792
1638858
3083209
3709599
2826757
9942169
4304841
7934789
266110
9452522
3668974
2550422
7986876
3078463
4844722
742548
2368385
9270883
8631312
2700180
7376157
3471660
3254547
4976831
7553417
1677053
6633345
308890
5516995
2173117
5935565
5883198
2425854
5795779
477697
1502476
9853001
2449216
6790320
947347
4278493
2068702
7225795
2168421
9090147
344040
1560031
4450889
3110628
7957776
798278
5234698
3729572
5323892
2688845
7420307
4165152
858368
8684925
3794207
7784689
4210169
7127602
6042078
3524914
9775244
8856415
1991636
9453371
5894761
7994757
2431688
6477417
3345637
4448582
8635748
7937178
3131235
3002929
6937302
1931588
9746995
5955690
1008074
6358331
4682948
5617654
9464178
9055433
1772508
6219076
2341066
7970108
6063031
1547982
8182381
2136819
4265696
5542334
1330940
3238287
1165654
1572094
3858830
4400289
5105189
6911720
5291236
256637
8263355
3523345
5577542
1645541
5468837
7157322
2163868
5266859
457655
3821875
6828150
3969110
4733249
8439820
4298198
6565979
6465890
6236578
8997586
5749291
2791996
4325642
3392645
6783630
7652866
2544230
802829
957138
3498957
2167875
7624493
3437398
3706631
1455265
6958088
2495713
4309902
6555248
7685715
488521
6582305
3882175
3192494
8249887
333937
3950242
7991195
5580797
52771
5697856
5034223
7839821
7137870
8280568
1659273
8996212
1270458
1377710
5577448
2895861
3524193
9690784
4143330
5112790
4739924
3860074
5266572
9737526
3495624
8708113
4622114
1544655
7152539
5492657
4357321
5291572
9332014
736199
3665446
1899783
3614562
1843951
5804312
5652382
8938396
7176681
1233040
4287535
5153660
1423937
5648673
8375723
3583915
5135087
18991
912078
9511852
4269271
9179759
3345627
515496
4030903
3488322
1085751
1487104
4854180
4183874
550708
1772201
8954714
6993686
8124834
2627448
6279225
3519116
9751619
7477720
3330096
1418645
57391
8775524
9024639
9763557
793722
7955816
2272754
2754556
1673631
3959852
9476505
9444663
4102231
4035643
2271914
1123539
7304640
8993151
5281833
5163964
587392
6862398
2169867
4522529
9073800
6392173
5132613
5660884
6036449
5344684
3396209
260836
2375159
2082064
4492869
1870172
3430419
6875856
6921214
9499428
1282943
6876220
3072364
8173858
6939374
9637041
1504027
9503982
2975118
3265740
9332245
1618810
7725566
5852277
9741195
9473449
2072909
9797710
8468327
4058860
5449474
5271831
632894
8143392
6436290
1857340
102176
3367491
9485872
6834498
3984991
881091
9571101
8728142
3031454
5274032
6609622
4491750
3496563
30000
3087980
8535421
9495985
9604805
9012171
8912662
4654697
1715758
9372212
4056193
7462413
8422032
6760027
3595079
2436195
7023661
5289642
3136564
3754963
1425130
1826433
7995160
5896171
9569645
843366
444131
2531489
80932
1628594
1853848
4850151
7220897
2187706
8527640
8693486
4339035
965305
1511846
6859579
2535672
5900974
4462812
8060426
8395099
1246583
3263605
9765128
7491821
9769047
4555201
2276322
3220276
7237860
7906653
6264594
7599054
3396954
8966976
4663420
5504660
2060683
5286862
721244
8025948
6524020
9536674
7772563
2294412
2155852
9532603
2865603
3682671
5107356
2511560
6340080
1478657
4961879
5735472
6251627
2102141
7863429
8891664
5938482
6090288
4287679
8810264
6382665
6151015
7589682
8886510
1330857
7105521
5707375
3086401
5662447
1632755
4199103
9456728
2934421
8545318
5908602
351479
3781221
7337167
9237120
3038058
9989921
7675463
8636945
6195367
5315940
2548209
9920884
3608163
1509830
4055624
2692066
9337146
6019227
6437879
2652537
1801127
3817274
9659991
8966402
3280016
2691182
7421403
7654420
5655996
950629
8789011
7164597
4623035
5143521
6669899
295270
2450337
4710953
8577635
5031933
7855843
4356980
5833588
5019413
1561219
3766643
4696169
4906978
9758765
3745443
3846532
2917454
8799722
793297
8848527
6832192
9843748
8131089
2728977
2658878
4873793
3842391
1671346
6318589
6714049
5108650
1507432
4687657
5266915
2262015
1677654
4249213
7010768
8910771
8073197
8171084
6992249
114898
766303
6896390
1624760
2302158
4192670
3831320
7691371
6596834
8534650
3741137
5563515
1031719
3813048
4071244
549054
7036829
902338
5438816
3453878
9640095
3909365
6921336
558021
1824384
4294062
3903281
2449866
1768610
6235346
5721564
425548
4571936
1385863
8704087
3609904
6590348
3031394
8942298
1442937
5549989
5459717
982574
5759206
7992318
3856979
5834578
2716117
8629226
8664422
8493112
3726206
6684254
4603429
4384319
4567803
4987734
8180938
9316857
8184737
6800212
217093
4029276
5278711
8303193
4666822
3477313
2671177
8168204
49226
8253502
3584733
1649116
6058285
982119
6906514
7366852
5507956
7949862
9736703
3897606
6260978
8476029
8156138
5120488
1586390
6395006
3502580
4396604
3433311
2358549
150375
3662669
7619454
8258331
6815358
2262944
5487773
7947851
3613135
6869164
3729766
3372801
644351
301222
476201
6576795
4325129
3448545
8093282
9100504
8435226
1348225
891115
1875825
3713971
2383815
1717235
711645
379790
444879
466852
3542284
3533464
7508891
9471056
1858364
8902054
5463496
8916352
3886928
4211931
1834274
6221754
9626401
2855857
4216790
9953777
158474
3219481
525390
9143537
7605803
7556244
2634683
5100693
2728614
8645710
6868240
7504884
2053637
2577602
5625199
6349511
8573857
4226598
1514388
4949428
4957434
853256
5756112
6145440
8705891
7967212
586361
4633089
737617
6786835
3931168
4766248
9106722
4825118
8485151
6986028
2326788
6987972
4135668
6889802
6209413
7203343
6844129
7070441
35858
8695862
1605785
8020928
9331260
2629991
8497324
9680569
8140457
9386411
832246
6741029
3322146
7279753
448530
5493081
4205799
4095523
8643972
8418307
2081655
2801010
7756493
6553291
4173524
7254225
7352973
6571418
9008768
3269929
9910621
3689374
4304015
3391217
5888565
1605516
6252335
1729342
3663311
8619110
6789559
2917201
9240430
9786054
2956012
1955950
32292
6966254
9226363
4001932
1836037
828769
5091603
797877
6501427
5542615
6177434
3577139
8815530
2013590
7091153
4571597
6501608
3477971
4227665
6064140
850081
1854659
9274930
1970037
4264767
3413046
692208
8033329
9439900
9761334
1214377
5051263
7072300
9293231
4309978
7214929
1956146
6739589
5546809
163632
7092877
7469439
7201805
494562
3318946
5473686
8625167
4532022
1270226
2509975
9364870
5675283
6123925
4846066
3023655
4986205
131733
4103265
8524314
9726572
8272025
8096434
8414135
6922881
2140413
3350939
1220925
3230938
9205525
7064422
6217149
6183401
1317792
5619655
9226012
6777211
4271958
4886188
8386272
2650507
8960914
3060203
3694770
8848628
6028511
9688387
5304086
1451801
6626769
9473577
8991337
6688575
8194666
5153779
4832785
6249548
3499845
3223986
4261186
9224999
7976599
6099842
4094236
2154554
6383108
2505437
2030237
9504890
4531917
3214902
1865309
297726
4025934
12683
6147490
9213257
8272815
8958024
1782808
393598
3646654
6591733
8188229
1528378
7993323
980462
1976013
4367307
4818923
4702669
3281919
531816
5545692
6422819
7190602
7832382
2371955
2020081
8058331
723852
1754760
9894439
9234353
4662379
4165275
7443817
5128980
7488004
2431584
6537233
586438
6918626
8725805
1363769
4379603
4093879
2681720
215825
1395704
96096
5512910
6933162
5719161
5767960
6515052
3708634
1654005
3785959
2374272
7681281
254029
9519266
3175096
8743356
9697268
2631836
2445071
1678556
7122157
6014833
7761702
9824467
7883150
6063514
7798425
9597836
6638286
9798710
6499794
293530
8427451
5799811
1386816
1779391
7194163
5560433
9458236
8686546
8591124
9643484
5714117
9515695
3775909
8397329
4436928
9766169
8950838
4783684
6540752
3940799
8051059
5022623
3075081
838881
2512691
6881390
4318473
34752
6563120
721541
4547837
9311436
3493840
1547425
5552079
6347711
4202560
6916960
6489469
3119717
8348248
6928188
1777066
5763327
7863564
6674000
7671529
730770
8880739
3072072
6554058
6952331
8937741
2127850
7208908
6826611
9974788
2113089
8053911
292373
886273
9903290
7744172
5093575
9033860
3323117
7427990
1976268
4449072
3618995
1844019
7800115
3626039
5437320
5345914
186597
413801
843640
5234193
2605968
5232139
2108769
26783
3308511
102114
9791103
7251852
3014390
5514599
9831880
5960726
9609355
4270653
1506580
9359238
9821444
5211196
7776248
1003414
6781044
2230897
8590583
3595707
3769759
2197548
2296140
9873790
7880731
240837
5756628
781517
2345468
9362915
8403220
1742252
4514305
5128611
7441641
244527
1623372
8863447
9344544
6426661
3777299
1967706
7394925
4955390
7480474
9902794
56396
1492051
1820554
8633468
4586033
997865
4495049
9738519
4018904
850550
6919845
5311772
5653273
3322480
8041995
1815553
6630840
1501533
765942
2681008
7567721
8384718
9432813
2228693
6793494
330556
411290
9260801
1881387
101695
6552064
4645723
7400470
8371043
7410985
1163677
259050
1908559
8287023
9212696
3264512
2282755
4045841
4091655
8891167
4107962
6186073
1036812
245370
7027052
2320318
4346044
7701959
2474144
498153
5255584
1667916
5132313
1381287
2967237
8775199
5567492
7424239
1840301
7786168
7168720
4387598
407726
5769088
1084866
7868188
7750156
2328558
3506808
1427131
8892000
6019789
4497746
6511131
5918749
8517324
2288698
4014065
2997394
145045
9253263
2093908
471504
4362024
3668501
9272238
4221924
4983037
8377266
3864764
5713800
101103
989574
4210020
7840924
8696679
3912778
7889988
4575953
2169943
2969623
1109018
9680828
6882637
6572030
2154224
1233667
4891818
7149892
7105234
6043500
7170936
1613274
2286339
5286454
1771581
3213287
3918506
1630199
8496215
7969514
1976543
468546
9933489
998746
2034016
8984506
85063
8056852
2679957
4737398
3544826
5291442
2467623
4955930
2992441
4295844
3983813
7580653
146304
53393
3617308
9046149
1301018
2863247
8296123
5920664
460234
7346375
2764468
8926621
7752201
7869470
8363716
7961398
8104110
9084235
7925281
602822
9242755
4083834
5257905
6451487
4255361
7917955
6063660
4934225
5960645
1726148
165442
8720343
5706030
8772014
3891344
8674541
8183314
1923498
7004752
6215663
5036006
6558330
5821670
9503300
1191096
7758702
2540331
5240215
8544145
8971775
6741191
1997807
1527987
470831
4653376
1123659
2789555
9188125
9629560
8190501
8469454
3994533
4591852
1043639
505428
7518995
9328293
3682559
7499723
8458129
1861040
3088964
5489921
5097878
1876464
4229083
660297
4829928
4274601
4976505
8971095
3754002
3708497
7548126
4576120
2078252
2020147
7266774
327691
4664269
785506
901379
6202688
3311275
104185
3917649
3045731
7958119
7736150
8004999
8603306
5689277
9600569
4471321
1272965
3148016
7482166
9802058
8415117
5373639
3687257
5100328
9306843
9291056
5360038
222121
7446487
6987688
239425
2544527
4058972
3841179
6112838
4774637
2784480
384213
9768046
9718856
1243814
8592183
1945938
7874933
3835855
6241016
2257016
7036176
4542837
6190947
9874194
5707202
100661
2577782
4424054
5291365
8497589
1174878
3533567
74759
7764508
509546
216939
8036916
7368839
7825028
2251169
7342357
8907434
8405836
7253215
5976020
7684826
7541935
4427596
7001260
661943
1691371
831653
2026689
965538
3852386
7840159
7365291
8804757
6133027
3728802
7839987
3106851
5787744
2797704
3707150
6948193
8795452
9764686
4603760
6464305
2767356
3501422
4055505
453036
8231737
6510323
6131876
7037746
2692173
7426311
8819478
5296443
9098858
8094512
7560646
9969601
877375
4368115
7603740
1904145
268840
1515075
2352451
3145317
3752316
6100513
7815366
7494195
5068462
523836
9459505
6750771
2348437
5249474
3334913
2572510
6586655
4796948
7860514
9162721
3498937
7520260
4277746
8471909
1733339
7669865
9509509
6100841
4311583
2481484
1116084
2707266
7244806
9897934
3876365
3661036
2820604
4948760
2601307
9059851
1128090
2842748
6317793
7573409
1989892
8011570
5397273
1432346
7939898
5557503
2372721
5209079
7734974
723861
7612930
5603657
9698192
7180092
3986299
8510113
1996121
7012192
7533549
3669442
6542074
7909053
5258130
4027463
3968282
9758017
7776299
6145490
5098446
3210073
5195239
1648142
3297023
9357219
6764527
9458836
6201927
284784
6786823
5558356
7838821
4755045
6039120
7867489
6148310
5895327
4785372
4771145
803753
4439322
5727697
6488873
8184689
7667285
472164
1547192
5622810
6234020
9476161
5768890
6656092
9454692
6007138
563177
5002242
2417590
8672512
2212502
8204021
4813543
6671998
4315300
1985568
7647489
8429109
2745169
8419147
1390721
9106821
9765712
9227629
5350459
4371437
9185524
7216223
2868888
7135931
9529953
8139612
5611533
5204384
5734998
8530626
9909842
1002160
4130228
4941627
8998238
5617313
8150545
5105566
8091822
8160315
3796030
8126907
8302249
9849250
7398263
7459240
8909451
3687065
9927168
4064276
283693
4883341
463210
3743907
9368290
4537294
8440835
8912189
8002087
8449924
6020585
5499712
378804
2195413
9519229
1536693
5950113
8173020
1384930
2789044
6837187
8813405
2818517
667872
1764647
705124
8536249
6340314
2661684
9767353
8893099
2793547
8225626
9108127
2432847
3664084
5013646
7933964
8156137
2000746
1149038
8167293
7817978
3418572
9474722
1214279
1727999
1227310
6297096
9116876
8862462
851503
1837296
9698983
2847997
6930782
3980669
896421
8613810
6796799
7518459
5614890
3057364
1395588
5044564
5262738
3985410
9316685
3349675
9998661
5075100
2541142
3537754
1833746
2996431
2831368
5244652
3517539
8067117
1594154
7483604
2160174
2658186
7742978
1551380
1317089
975208
399851
2383103
6970796
8986089
471715
3278066
8184326
8649351
4470925
8482814
6781324
9158666
9016109
3283285
746366
8348965
3687994
1333416
6882973
9904266
5624412
247708
7300428
5321681
2410306
1875134
8905717
2858712
4781790
9996913
3301436
8248776
5352471
3840675
6105648
5337162
9530908
490083
1484204
1878997
9175963
9727316
3759990
8094104
8028808
4775896
5780551
2177867
4112619
4691043
695920
2443957
4358331
9705275
7209453
1603729
3243041
2229389
2140069
615125
1622356
8072181
4558811
8386612
2611110
6608012
3486836
7326464
9665119
3607569
5753805
4501617
437703
4817725
9547892
4622935
6512620
7015794
6166882
899441
1418298
9290051
3669641
5577486
8515817
2370750
6948957
8641734
5417321
3884167
8949215
7241348
7140971
7813046
5214871
5911150
5748591
5809278
6327898
3696288
3431978
4525769
6961361
635372
5268437
6515919
2224159
6177403
8844928
381172
8073663
9085980
3919806
7789927
6474298
8245387
1888493
6100928
7829464
109811
3183803
3449215
8122620
72774
2803430
706619
4320821
9440346
7342763
5138523
3798552
7764352
6822217
6758812
7182608
4732097
5677710
3210546
3110837
5235227
301550
4091473
6344087
6993633
9303378
1769291
3666716
6109024
4176630
7333873
7253683
6321299
5378257
4975496
8477639
4760586
6884212
9832380
554475
2553706
1350626
8838042
5581576
3660635
3138939
4390223
531901
9248758
7824471
2826367
6918658
3719883
6562296
387215
9366639
9858095
9207813
3036730
7359565
6699095
9808500
5950872
2757818
4918046
438969
1340101
4795108
6321004
4618689
9998081
2747029
5129125
9800213
3815975
3659135
9382835
8909326
1841110
1355182
2565756
6563946
4214252
9448475
3678567
9079890
3595214
7161825
1624480
1852343
7448400
9508004
9002995
6399363
5450861
7204575
6839457
7893891
3473528
6847902
6891901
8461703
5401718
3848047
1510966
2013967
9953300
4153883
4021640
1502825
4543951
7916817
6449708
7524611
4811012
8895464
7158870
7667153
8188736
2844005
4648118
6307700
894398
8100201
4176983
7718610
4524612
9025299
4745855
2490228
6294441
3650057
8084386
8571826
5989425
7562257
592549
8716038
9823814
9001033
875773
3269835
4075274
135405
4559507
2496982
8522479
1784
623647
123893
2440253
7636808
8821313
1670560
4268511
2586232
5203878
6466918
8044575
9376802
1976229
3365073
2811022
5356055
940224
9474844
6830330
4315201
8137169
31640
3446996
8511623
3026819
3773896
2372857
7688751
9458171
2168813
4983313
2529374
6950400
7439714
7662659
2515859
9044750
8111579
1797580
377128
5554605
4398207
5219420
8608610
703741
1008384
1324434
2137205
4385279
7699666
9274320
7563767
532625
761614
1507585
6047532
89549
8400922
3820564
9603779
6624551
1582761
2847420
7409000
7177319
260807
5824130
9779579
2113682
3860673
4516166
7778946
7681115
3411869
8240972
4322469
3977191
3271395
161721
9621154
5635020
81207
9293043
7282373
8168670
7231177
9951898
6567225
8148751
7575817
9428373
1003421
1566244
7914729
9652903
2442354
1042390
4079535
7170089
109765
9758350
7824200
3022296
1156851
8991766
4038942
9577081
2967137
4389273
512468
8862881
4645918
1771108
2373995
3443578
9496750
2276714
124837
7113102
8544863
8908154
7637964
5395253
6778463
8991832
7808798
9360775
8559605
4920677
2322748
2640883
2576554
1396356
2708008
7407819
237531
7441912
8540332
6761396
2957552
5713983
5146673
2988173
7051054
8667314
450804
9386239
4521469
5709475
9037959
4085376
2472764
2865193
636410
6588166
1202785
4079163
7966708
9562597
8894377
9997177
1432016
9515110
4644675
6052806
2395168
965533
2846358
2229741
5914386
1322247
2136546
2817899
3726483
1729465
8768724
6807066
1201894
7445669
5952162
3622632
2070943
8986492
7606218
2087152
5196614
4208611
2700985
3268644
7306501
5636825
3202899
4705133
3322939
7346012
5197748
1334547
1683561
175260
6606506
2366961
2359969
9369006
6003016
470619
1141969
3414781
389150
1560150
5994905
9160874
5429174
5001430
5400034
8608192
837975
9490907
5573417
7247195
3746950
7027706
2533797
2967446
4321381
9630778
1336392
9595420
1545766
4700779
9763214
2651081
8447902
7921177
8157567
2231652
974691
1766519
1774261
9505136
8867930
5897362
3581834
4606133
6211267
1742545
1402816
9456221
5852454
2562962
2033850
453972
1535680
489634
139128
520879
1743308
5642119
8354359
4400016
9019485
4345999
1234194
9621690
4645305
6093193
2111936
2307342
794657
8571361
4274262
5385866
9764237
8838264
7274829
8642265
4683488
4924986
5002836
9125001
9951389
8121593
7463335
7015482
3412292
3467115
6261607
9133370
2084221
9878932
4317303
6818020
2794394
7641231
5781975
9187551
8020715
5217300
6558396
9895411
2598862
6858733
3608284
2729869
1915332
9190127
6574052
8917287
8582252
29827
4682004
9188288
5630950
4930766
2772969
3638588
6063612
5765999
9812733
1233569
3772777
4197943
7433467
4172772
9096496
22297
6480813
2823380
3546113
2447191
6214781
2333333
7442365
9906956
5260160
2126522
8358791
9900571
5987089
2919158
4820776
1218071
5846685
6900337
3664266
9087621
1433793
7825610
9029779
5633308
9106425
3145561
3056469
4496314
4059938
9399664
3535974
1713899
5548099
7573817
9216863
9289885
1151544
661401
8832150
8665849
3299511
1450185
6045079
4226285
4629259
4922842
4137833
6281352
7392738
4632665
529893
7666324
4149392
4311476
9372823
2457452
8932244
5101892
3366080
9711085
3528419
736911
1279822
5873064
7068162
6835280
2903965
8842328
4436035
481291
2342488
5386304
4332078
9733791
122047
724364
4479705
781331
75376
4962494
9693412
2804291
8679487
537592
1678835
8145353
1739504
2476997
9016517
1774598
9613142
1727241
7830890
5650133
5578056
602144
912662
976905
3564912
4014697
2896030
227035
6717029
7051837
3906261
3175657
4592344
409584
4282965
7154949
392244
2081829
8952241
5152249
5654681
2211542
9492063
9260115
6767260
5358675
1882687
6882873
4105443
7816684
3961633
3579329
7226921
5835623
5607243
2247465
2687771
363439
8999194
69023
8386022
925788
3912036
214123
1218118
8049569
7154508
891780
6327478
171846
3179581
3951463
137500
5484474
7546375
8123180
3116173
9014635
6377022
6842199
4036485
2731828
7011003
617260
9300017
8788819
4615451
7754638
6374493
9690315
2083336
8022144
7055740
4542720
9806499
5319240
5569310
4809737
4357746
394675
2851523
884901
7707037
6391192
3920794
3527188
1562289
5630072
8869943
4958094
83187
7580217
7172051
2922840
6329941
4647275
7647748
6503255
8054997
1592863
9163343
5893834
480487
2549687
3779777
6817965
3814005
4796107
3140521
567641
396167
7935726
7991271
6358491
240406
1050217
3323299
4071482
6454114
3363458
2594292
6720781
307812
7396118
4311452
2976711
9516607
9196299
1542185
9517692
4016246
3067315
3041500
4212343
572057
6257032
973552
6767846
1071475
2067311
7360202
8229732
3062744
2335782
7426048
9096317
7871922
342128
1730003
6835649
4581649
6845657
1943446
4848620
185663
7767103
8600915
6089815
3025451
479849
2442865
6155419
5349964
2328195
4484182
78607
3771649
7171512
9056572
6926951
2141195
706078
4242170
8100519
4798616
1293108
2478959
4784037
6311483
7707293
9226914
2470131
5339063
8984180
310
7925648
5432725
7647048
1344539
1795947
2268468
6580264
3913319
2203848
2760869
9907026
1735499
6417028
3825813
2383046
7099832
4536775
5249882
8084652
7068771
1198903
8993077
6117331
2866719
3301617
423357
6248685
5715965
8564316
4872307
983793
267607
2104471
1480609
3896209
1399474
8639508
438424
7426774
4110442
2504915
6574003
2365341
4179573
3733957
2515765
8935035
5862749
8544415
2903403
676687
4209443
99240
1812192
4617814
5179506
2729035
9501212
9956889
8738396
1112917
6032713
7293226
4718462
5434746
5395650
7857315
8061903
9003513
6385823
6115925
7111504
3660957
371148
4309895
1926439
3134500
6870347
3271696
9791211
4754909
7451533
52817
2904064
600942
4230387
7768006
8771044
1391338
612356
6981994
3433161
9144842
3224945
4581389
3130067
992795
6486920
8884297
5083760
2732702
5098209
9788736
7223674
9115808
2429627
5573595
9327173
8644612
8827467
2869041
1678215
3808581
4982627
5359546
3177616
6687744
5305047
8287025
920772
8205897
7540204
2866038
2147480
8003170
2378579
2465905
7440737
9333295
8719706
3919460
5822461
3029701
6701293
3860185
6089653
7454523
5033963
8026056
8222258
3916870
6207554
4528810
4143371
668471
2615081
5040718
3192327
894595
3151338
3061454
8193520
6060305
4825894
6546328
9705199
4554828
3693068
7492039
4402341
5949826
8269035
533005
5134480
7632833
9008904
1283058
8856628
8282322
3081943
9453182
9553544
9438924
7421782
4264916
1503552
4361821
266064
1581649
3888111
5900797
8793174
582259
1949958
2714133
8749013
1213249
3865111
6975537
1206591
6243449
6554990
6735825
7929169
3798131
8432969
9725011
2506190
9195345
1903584
9258151
5870014
8287247
3605966
6486355
3563299
341005
1755189
229983
2163107
3840215
1344910
6870099
8697898
2808014
8463030
6263933
8096313
1104056
2329210
4485571
6796445
1727474
4469218
3108219
399393
3204915
144270
8076961
3898078
8169721
1364575
4588469
2767131
5097545
453024
1192117
8071881
4817708
4055649
2969737
3570334
7511649
4558455
516742
373416
7547641
3847294
775596
1538055
4402554
6333588
9221858
4193936
2379652
5558068
6669817
576662
8151739
2132316
6845438
5740179
6418143
2645712
9282801
6390419
147133
2119093
2549997
9324651
7652544
6522308
1005840
8877212
367127
9836283
7673532
7021528
5337504
5729188
7183016
6802613
4012870
9769837
4115633
6541983
1743496
3094829
9720280
7691975
1092994
2728149
1983761
4726562
6174415
831781
5443597
4915501
3230625
5290708
3300259
7950504
4673103
8070542
3274397
4433731
6057990
442666
6987846
9409338
5003375
361721
2901797
4553979
8241738
7871577
7918196
549207
5282247
4673465
9276054
6681921
171618
4289995
2759568
5871554
4253614
8150320
1103599
2627796
9562073
1529166
776140
1963693
421842
589708
7530217
8310198
9926970
6956703
8582583
8581143
45126
7652008
2817482
6334022
8096554
5626647
4132179
564811
1106296
7541709
2348730
2590973
7065694
7629539
4760525
1256856
8363792
5298123
4663929
3407894
2227839
634281
9550849
1453548
4295457
7474770
44507
8348364
6047460
2949505
9582615
6597968
5172848
6048137
1513046
403846
8940443
3379694
816471
4023229
3129021
3427068
8973724
2356057
8683633
5178861
7170805
1112222
7096198
9307052
8401467
739316
4171058
5110383
6342575
1575743
9380966
7804751
6688656
7578811
4759115
3083077
9052393
3960786
3107503
7423580
4894893
4610995
3522319
8102598
876401
7607258
3692594
7882799
9821398
6816871
3530708
6347683
2837035
7662555
7826834
1644811
1516172
5398983
8911216
3233308
5834538
8109834
5174848
8781900
1303577
3376873
9749501
5929862
9309724
7038724
3877983
7804927
343403
8890659
7919174
7103389
7764948
450509
6399187
1243083
8954670
9312107
4284615
3155498
1609748
7673050
864597
6256302
7139840
235282
6051090
4470808
7486947
9263422
7175733
9149798
9679948
537102
4729224
4655773
7865394
53902
3927146
3791829
4436867
1337577
5257590
195560
6203453
7302206
1403288
9099838
5784620
362994
2334692
1905904
6684477
9844663
4164166
9906044
2669688
5185819
3381419
3978993
836607
1329118
3318857
1916908
216532
7102555
9643383
2456898
3659315
8779387
7258478
3176912
7490661
7762120
4645116
9371783
5767159
7270076
2695985
1530941
3638630
7333831
3665227
4699707
6825640
5196493
2624290
4701756
1808698
6184014
8394486
5911222
9654710
3577421
9487442
3000564
2494225
7608425
585331
7909313
3898147
1919932
4674770
3968371
7888916
6952231
9740616
1005122
4653902
144846
7878246
2294946
7168289
4875214
1391222
7475376
3300309
475766
9838110
1802234
9016085
101748
1372041
3608904
7329958
1462312
8306319
9858804
8119332
179704
8314611
3908258
9823398
4334364
5475507
3500343
4974156
5842685
7056775
2451381
2708098
8038266
5020942
356571
9778406
2746415
9287568
2349332
8104656
793821
2830683
1429186
1272554
8983365
4470231
899500
6143963
1799556
6680695
5518359
3349916
9360982
8039791
2782006
9240153
296576
2184779
5803188
691639
3420254
2453547
4784781
1444103
2436830
2029615
4194075
134616
4688094
5661929
4312868
1376273
5692207
9088690
4271217
1478373
9416781
5401861
7962352
9845842
8982354
5540423
8274387
7101783
8333609
9031457
6156797
7674792
3546371
5369019
4066073
5788390
221147
3590815
1200570
6044525
6331929
4107486
8688166
7450188
5462026
7516404
8291810
2737185
5399819
2121959
4475722
4219554
5643796
1736978
7186975
1014795
5666217
7120471
1658937
7967734
9160889
1604669
3278493
4400527
8179078
6681062
6079720
423622
6353565
6706671
4319332
3681478
1642480
8183381
3484695
5017014
640812
5417555
9695246
9817359
9556733
6580844
7779888
430832
9949488
3470226
7696756
1067467
506619
3164450
1568469
7122225
5704661
9579308
8312640
4263874
7641947
6752143
3923247
5286892
4863623
1107777
7693026
9282409
3836593
4502715
3519521
128349
472183
8679543
2020357
6820664
1446490
6925250
6050751
4558330
7597911
793460
2444488
1202207
656490
8833933
8457427
4320586
8878716
2793616
346638
5133745
2569484
1630100
3971893
2811933
3706961
6773532
9818611
6692948
7072088
7914478
2186903
1781966
7292332
8655506
5018905
2893596
5336512
6832050
4872719
6718579
1259015
335784
5166516
4366060
9705695
2299163
1019232
6911210
2578438
5982185
4115047
5071048
4664038
6346459
8346988
4323978
5856371
2503990
1159112
5533661
6579977
2373981
1274421
4980904
8709097
9969830
5665735
8390660
2207402
2689929
9121446
2744605
8343555
9953901
9851719
5417876
7980225
6802458
6600077
4986882
4434693
7870550
4160741
6429950
1698525
2324644
434505
4344151
9124377
4016231
1399611
778952
7296497
8625020
2688015
7594626
3925393
311327
537494
9655898
5008537
7416421
9891920
9787851
5981158
991755
4163596
196450
9465738
837297
2311545
1161534
1397701
2313934
9344145
5418275
4347974
1061088
5253101
944628
5175517
3012793
7420669
4145799
646900
8661160
9768326
4441684
2984596
6499
7590076
855938
6383536
3757828
8543975
4155753
697289
3958464
4099606
125672
7384548
6707115
9394863
9130703
4656522
975823
9952542
283776
7812864
1980420
4623637
4706180
6180030
4148614
9450025
4627065
3434466
9985381
4865234
3437934
245268
7833712
354620
2593798
1040772
677880
4686064
3922302
1619712
1472122
2820504
8737229
4292416
9153427
9832617
7534091
4246681
5480202
7878634
8623092
2269250
8029172
3486790
7010422
2658324
2780728
5754442
4756219
4472563
7008535
4605062
6668255
8738407
5312624
7951023
753082
5833362
7146618
303871
3489728
3689411
9376329
3737627
5075930
9808013
2087953
313692
8764709
4547994
2313732
4031790
1130765
5712311
1332619
4879696
3502308
3928168
6589423
8552265
3169338
8009114
5920465
2253111
9489479
1580589
7197499
3124863
9821496
8693913
8477934
4385605
8478207
9662865
8383674
9073907
5962430
9482976
1143726
8537031
6881834
5790564
7262975
2795743
680265
844479
5046192
9560274
5664180
9798032
3597051
4715172
2735107
3665374
9314722
8897501
8775499
3492513
7899804
7962469
7514768
2017877
7546502
4649298
9004208
6717029
3951823
7829630
2945805
3711750
4991270
2971752
2124222
5496923
1621054
8343206
6494349
7174376
6120369
1992844
8570237
4892928
8769
7832715
1352556
5240013
5101141
7403960
3061877
6204776
2498322
628376
5596686
242317
9269620
1717772
7333910
6228640
7435156
9060168
6941566
8964068
6312053
8068987
2733575
8274948
1121961
8804033
8852677
2739653
9186426
1109725
5143757
8154712
2542746
8205866
3618653
1576943
7311074
3855118
1722845
8451372
4163006
7068464
3452403
8335643
626372
5663156
6906604
1265983
9313422
5945854
7012720
3331986
5635510
1094815
8974246
6523717
4701494
7270664
9827333
2738295
5657030
34471
3601343
1476085
2183505
8581236
1951717
6125396
8252395
1885171
8330611
1874523
6466243
6100186
6856499
8115883
6759681
5306089
4487385
6187420
6708790
1697653
4105760
5078614
9097598
5737942
9265417
945698
2063576
9867706
5371795
1067429
4047650
3255703
3430044
2548074
797647
1249443
599706
4529288
4342593
7687361
2534331
5694183
780476
9464170
3217367
1112842
6914943
8075183
3446298
3648560
9997529
1727006
9805061
9309432
4036784
8486866
1274543
5042200
6823489
6309252
2749947
801714
3500741
8346617
1293718
6216061
248337
9131506
803623
2065948
4475069
6466671
1155825
1145588
7259174
3140101
6367100
9299188
9204928
9181002
1006469
1454940
4505585
3882900
8124182
4680572
3355592
5849754
6843442
4507916
6988619
6573768
7611649
1591595
2793103
6060447
1376448
8286008
458905
5284576
1424173
3669216
3783199
2188289
4151214
8558794
1913053
4387340
8705996
3319271
6937284
7385458
2980343
8695893
7511214
1230631
7291326
7190999
6500563
6567600
6236642
416775
8947362
6768721
4873348
6062281
6422165
9046977
6939254
7798563
3961631
1811041
2650518
3629914
2603541
4270209
6923175
488470
9550488
2731542
7585341
9106904
9306580
1557282
8601438
3346938
9178429
4651049
5516708
117511
2580014
9268189
3454225
261902
2495765
6970284
3314344
3031987
8561233
3840694
204497
6812697
1668233
8616259
3633664
4660193
9866357
2203151
3659407
9984318
5970310
384613
2160095
6301412
868399
1916080
4199860
2877418
1033982
740363
2781913
882575
4269864
7380413
64404
4891343
2623943
2663201
8714302
7907626
2789134
8876318
5643642
3467557
8331855
4934975
8964792
7346137
8136042
7882072
8328456
9360069
8932605
9351301
2904443
613366
1971862
307032
9015582
4672118
5920329
9069242
2369333
4572197
2065358
1524488
3897522
8976196
3972446
6508398
4889640
8791244
6564583
6335473
9318780
1010126
1198823
6093960
2847497
6288427
5333291
6782495
65279
5653004
915749
1209262
7585557
4004256
1650598
3083108
1553075
1250727
1450001
6441149
5229054
5140421
6155774
5031056
5916372
4517346
1154185
1783689
113357
3116510
4981275
7663351
9185796
8683700
7388281
1925535
3188996
4376799
2259841
1265509
962901
4028231
9180773
7375243
3674918
5818524
3225972
9002138
1209465
1154597
7235634
5332374
9895869
8833993
5499212
8037927
3489326
4138131
7051447
2017703
1363680
9160436
5345324
5131386
291927
8966716
8166080
3043907
6127106
5322560
401471
4946980
6743599
6387825
5181853
2354704
3850573
9061819
7961685
6097902
5293125
6990129
6361561
8457111
857953
1751129
1832960
9918332
4146225
8606196
152427
7787002
8306551
2050971
8319869
5666528
5038619
5508939
5099683
8914110
468537
4103913
8326352
1489044
3750944
8459135
3160964
4525945
7977708
6622162
5820036
6948411
721199
7396581
9591419
5560283
2278065
3691309
20057
3429025
2336107
7699834
3680097
9230687
3141873
8277835
5609849
5433542
3548181
8429724
3230873
1323505
7572842
8038882
1769459
3535413
6860730
2012113
5234762
5276411
1825983
7789698
1443163
8729637
3718753
5786892
3218864
6432869
2551710
212308
2328351
3464594
9101557
6656979
4874085
4207923
1785779
314908
5639041
1839650
608719
757967
2924112
3381883
2771236
1497318
4326982
3263740
6585153
6940293
505338
8507276
8562029
6028902
5881218
2277186
5039069
5416679
132486
6300376
6861939
3473020
8183692
5630561
9991230
6092397
9522794
5887776
5734544
8185480
2507454
614629
1480055
8262482
984712
2445408
4834719
1764778
9576656
8028426
4517151
7967692
1135937
8023868
5720873
926956
4624512
9394201
4844934
3631028
9990677
2729468
1712642
8012125
253497
4406009
2746717
6257347
538055
6014518
3328082
9732816
2196592
8728479
7259798
6013955
9554389
880511
3247008
9996599
8391558
7973298
3148539
6354559
277501
7740332
8702818
5202892
6448646
5496315
7844152
4264918
7168004
3425555
514680
9270445
103611
5357012
5860445
3509074
4097725
4296691
6000220
6095521
2945672
7301176
6388604
9826892
3491480
5307067
847122
7725607
8160343
4623267
1586208
3273142
3703982
6933959
4255912
5394297
7703523
6291254
2612187
5252393
1648080
9984482
1998943
4863352
6554119
2256586
4755086
8647805
7221899
2414029
9386302
4578254
9063759
620528
7248937
1165567
8593466
3119740
7609922
8287408
4312876
5918707
2115212
2314884
8262302
6220322
9036855
7899597
5719538
8193901
3070834
6414539
6318473
3190522
5349235
2364050
6918030
3308354
7089321
835277
3747179
7465876
3477342
2546013
9132782
1809433
8580558
9322448
8098258
9462810
2404258
6354594
3073688
7792090
8587960
907850
3697370
9693365
5939405
534388
8581451
8890550
5179029
752643
4676512
7718334
669387
3366515
9416884
9122898
4215170
3503079
7320399
6526812
4421461
447972
6466868
5909759
4843659
8779958
7457293
5178339
3777643
5482284
5253704
2247761
1489979
4713154
8196240
3319172
8079062
3620033
5627102
8610752
1956613
19832
1419453
453783
175703
8365469
8170026
165400
4196239
3360441
352904
2634738
9680083
2994017
6360293
4560360
2936149
4653365
3725003
3205244
1872389
4292397
5499339
9454210
7520641
5176991
5484666
8680840
9863897
8394858
1032427
5376545
5261428
3978842
1073410
3710088
1544582
9764140
6888773
212787
6970788
5431283
9426133
4738110
4701441
2701332
915485
2754708
8763045
1451370
294663
8293156
8662882
7341674
5214010
3721646
6977014
9596863
672979
7512689
5852404
1217598
2352808
5261090
6894220
2622601
6810335
5504817
3631764
2525004
7078885
6993707
361976
6555308
9853173
3992236
2738227
9018146
446821
2893665
2760663
8635786
7696116
8145999
115903
7988242
3391254
5343475
6225833
1670186
222630
4904138
196372
8279902
7078167
1219812
9933096
2769203
3810040
6309699
2808072
221915
6271014
1995377
2022523
6498939
3591103
5500519
757912
3124240
7069025
6982291
203971
7225972
2303845
8407001
8641103
1517195
8842952
5454093
9843977
9798521
4083844
3629546
3769071
4478677
5076853
5911200
4644606
3566369
5521077
1708097
9214907
9230852
3516991
9050142
6186986
3580457
3268920
8592198
2714135
3942871
4981243
1991885
120222
6207796
4914783
9928461
216382
3521292
2447649
7323933
5740610
5954848
4798065
7420626
3714963
6150670
3513679
6731821
3811326
1420904
5047706
4877036
1575567
7050215
4304060
934388
4632074
7286623
8193529
3871667
6572525
2196230
4834018
1340564
8687073
2520552
4450264
5571705
8013029
2989181
168317
1758079
3313527
9292668
7408807
1415698
2595492
9460256
7806286
4687209
5509332
544303
8228208
7406327
1537797
4732147
4994376
5797948
2449800
5999267
8158527
1767459
6815182
7380434
1263238
3446900
8906881
7628318
3184033
112964
5073428
1446347
4404504
9740452
2720095
6271370
71172
8422902
9665923
2555866
1442749
8696856
1276840
5413085
7493733
9391930
5937867
9240036
6911849
1278219
2602432
6597806
5556093
3296701
9180237
1301023
2943199
6720672
2948254
2576528
5044190
5985617
6600696
93034
9448543
3180443
9937433
8180464
3035830
4304334
5043620
1740936
2222127
1556259
5679978
9445592
3546330
928441
7889958
199104
5382733
4387479
8279943
3105856
7661114
8389055
4411649
3142205
2599735
8697525
1133095
2402541
1312311
7179092
3565745
3536010
9509969
9044733
2613213
2308286
7617770
401056
2497460
5097775
8300407
8197831
1990361
9640015
999431
6458707
4549169
7243125
9818604
9944392
814201
5084793
8499614
306816
2636483
2354379
1483788
628200
4609681
1483494
1414553
3771832
4514681
9791401
4977353
1093620
6714782
4905309
3819883
3795156
4074245
6088009
8679466
9920649
3508582
3344420
630673
3682314
3667418
8286728
534981
4530280
1651615
9769004
9747719
3417405
4444057
4596211
9453912
1881198
4145571
2062432
6332352
9110763
5553053
5651688
4038382
1876487
5824554
2654133
6530040
7859804
6855853
6936385
3620518
7051175
5792475
3725695
4409665
6099913
5090884
9433890
7109022
5633449
8662443
4057290
6880390
1525043
1819703
5804284
4137880
5335534
1683550
8482992
2979781
3991533
2626751
807900
3817383
8338739
2312160
8854284
4025268
1963111
3966033
6982383
7925171
4516970
4190424
1533194
9915571
3674854
9493603
1630162
6660463
6106046
4588256
3370169
7831533
7165630
3747440
3320692
2751987
5344370
6522029
5639492
1993588
4126882
3022078
4858001
118215
1507421
9854702
5176105
4202372
3238732
8082807
8256107
7318948
6158864
3175126
1497771
5626086
1504813
6385254
4319044
1928154
6068344
1928620
1271833
6430761
564835
7334437
8677535
237672
7800474
1916473
6015186
7061745
4335701
1562293
5155942
5085310
9096299
9939136
4411702
1856707
3853196
6012705
3786274
2282261
5185024
8026541
2435920
7079400
7456308
8474090
7148542
9831202
9716708
4756995
3923726
4652419
7576474
8053924
4578988
6320786
2993516
5125315
6427744
3955273
9087059
9193854
1943930
861588
7209826
7753650
9743674
7872450
2899674
6544505
9791491
1106454
9574685
1277810
7877970
862161
3819823
1078156
5151451
1573043
3568417
8375017
8265639
498685
29660
9249681
9802540
6807220
4309688
7997247
6338844
6976715
9162492
1776592
4265935
9612684
5976014
419220
3206473
6533793
3265912
2265264
3305978
3117844
2466774
3274498
335145
1104767
8058075
5402062
5383566
4083998
7694219
4368696
7404211
8718112
407666
649948
3506524
2150161
3895263
6182072
513988
4402231
4759418
2023688
4940256
2215213
5434792
603802
5937167
3419770
151923
3791324
7605256
5473282
5485834
2136741
7187557
7879183
8436362
8642556
3039389
5534575
7081140
8786095
2382981
1662001
7816761
4085149
134129
6220840
1922200
2657794
5587465
4686950
1818459
8522709
7177819
793083
6413792
